Stock,Industry Group,Market Cap,Return  1yr,Return 3yr,Return 5yr,ROE,ROCE,Debt to equity,REV growth,PE
20 Microns,Minerals & Mining,616.42,1.52,35.61,36.14,16.34,19.16,0.36,2.51,9.51
21st Cent. Mgmt.,Capital Markets,38.16,-49.11,28.82,24.91,23.67,37.5,0,-110.66,
360 ONE,Capital Markets,44754.51,10.55,35.53,30.52,20.57,14.91,1.47,22.1,38.02
3B Blackbio,Healthcare Services,1159.95,-20.28,50.18,36.39,19.4,25.75,0,33.01,20.2
3B Films,Industrial Products,49.79,,,,17.09,8.55,1.98,-29.13,45.68
3C IT Solutions,IT - Services,11.96,-18.71,,,-0.71,5.99,0.04,-4.87,47.84
3i Infotech,IT - Software,289.11,-38.02,-23.84,17.94,8.28,4.94,0.11,-4.24,4.94
3M India,Diversified,42268.14,42.62,18.3,9.2,23.85,38.17,0.06,14.22,129.01
3P Land Hold.,Finance,58.82,-21.14,14.27,27.9,1.74,2.31,0,2.7,27.62
52 Weeks Enter.,Food Products,4.88,-11.95,-7.17,8.06,-0.76,-0.61,0.24,,
5paisa Capital,Capital Markets,999.69,-8.44,4.87,3.92,11.89,13.55,0.46,-23.87,23.09
63 Moons Tech.,IT - Software,2776.69,-12.82,44.04,49.44,-1.47,-2.31,0,113.39,
7NR Retail Ltd,Retailing,10.25,-22.29,-21.62,-7.65,1.14,2.16,0.16,270.33,5.82
7Seas Enter.,Entertainment,173.71,2.64,67.03,,11.76,12.03,0.07,29.95,79.68
A B B,Electrical Equipment,128691.96,23.05,22.4,31.83,22.39,29.9,0.01,8.32,77.09
A B Infrabuild,Construction,1151.74,139.12,151.01,100.97,17.3,18.43,0.29,52.45,56.65
A B Lifestyle,Retailing,12458.96,,,,9.78,,2.67,,70.53
A B M Internatl.,Commercial Services & Supplies,38.57,-12.93,7.5,-10.84,-9.58,-6.25,1.09,-26.1,
A B Real Estate,"Paper, Forest & Jute Products",14410.98,-30.75,27.8,21.48,-2.45,-0.16,1.45,-56.09,
A F Enterprises,Commercial Services & Supplies,7.82,-71.36,-41.95,-29.11,-2.47,-2.24,0.17,-45.62,
A G Universal,Industrial Products,43.87,60.32,,,4.97,8.03,1.12,-7.18,43.87
A-1,Chemicals & Petrochemicals,1161.04,128.42,45.46,69.95,7.82,10.63,0.35,8.25,470.06
A.K.Capital Serv,Finance,1015.08,55.35,52.78,33.8,8.97,8.48,3.22,11.49,9.77
A2Z Infra Engg.,Construction,314.73,13.46,35.39,33.91,28.93,13.78,2.07,12.01,22.72
AA Plus Trade,Commercial Services & Supplies,31.87,-17.61,22.65,,3.34,4.46,0.02,9.7,30.64
AAA Technologies,Commercial Services & Supplies,131.06,29.59,21.91,29.52,11.94,16.02,0,13.55,38.43
Aadhar Hsg. Fin.,Finance,19945.63,20.55,,,16.86,11.42,2.55,18.67,19.14
Aadi Industries,Chemicals & Petrochemicals,9.42,72.84,34.4,,,-123.08,,,
Aakaar Medical,Personal Products,90,,,,33.8,26.66,0.36,33.55,14.9
Aakash Explor.,Oil,83.63,2.1,6.18,-8.37,2.29,4.6,0.43,2.22,44.02
Aananda Lakshmi,Textiles & Apparels,4.13,-26.78,9.24,33.45,,,,127.05,1.06
Aanchal Ispat,Industrial Products,5.43,333.48,17.3,22.31,-8.39,-10.21,0,-42.01,16.45
Aar Shyam (I),Finance,4.06,,37.93,,-0.55,-0.5,0.12,-50,
Aaradhya Dis.,"Paper, Forest & Jute Products",151.98,,,,44.46,27.19,0.51,53.78,11.88
Aarcon Facilitie,Finance,8.16,21.47,,,2.67,9.46,0,-46.36,
Aarey Drugs,Pharmaceuticals & Biotechnology,217.56,106.1,39.11,23.05,2.96,6.38,0.34,-32.16,63.43
Aarnav Fashions,Textiles & Apparels,115.27,-47.37,-8.51,-21.58,4.95,7.72,0.53,8.59,16.26
Aaron Industries,Industrial Manufacturing,338.39,-7.16,18.83,40.65,20.95,18.62,0.72,21.81,46.87
Aartech Solonics,Electrical Equipment,135.98,-27.32,27.29,39.06,8.23,5.64,0.16,-5.06,42.09
Aarti Drugs,Pharmaceuticals & Biotechnology,3349.61,4.45,0.06,-10.3,12.69,13.09,0.39,8.22,16.53
Aarti Industries,Chemicals & Petrochemicals,16213.41,18.92,-5.99,-4.94,6.03,6.32,0.7,13.35,43.7
Aarti Pharma,Pharmaceuticals & Biotechnology,6560.14,-1.3,34.13,,14.54,17.44,0.32,-12.47,30.39
Aarti Surfactant,Chemicals & Petrochemicals,342.79,-5.19,-7.99,-14.61,5.14,8.5,0.5,30.76,19.17
Aarvi Encon,Commercial Services & Supplies,192.58,25.39,4.99,19.77,8.26,10.82,0.24,32.62,11.59
Aashka Hospitals,Healthcare Services,180.18,-18.86,15.91,,2.39,4.07,0.13,-15.19,158.05
AastamangalamFin,Finance,48.88,-0.76,7.22,20.84,14.82,13.02,0.64,21.67,6.49
Aatmaj Health,Healthcare Services,47.46,24.63,,,1.29,3.39,0.22,39.29,56.5
AAVAS Financiers,Finance,10180.91,-23.73,-11.46,-10.71,14.11,10.09,3.08,15.05,16.24
Aayush Art,Textiles & Apparels,1703.33,44.84,163.94,130.09,4.66,6.21,0,254.8,882.55
Aayush Wellness,Food Products,152.1,-52.77,172.76,71.77,51.06,51.02,0.38,153.78,33.8
AB Cotspin,Textiles & Apparels,898.42,-13.91,104.4,,11.16,10.23,0.93,-3.43,68.11
Aban Offshore,Oil,113.99,-51.49,-21.68,-12.62,,,,-14.31,
ABans Enterprise,Metals & Minerals Trading,174.23,-16.57,-11.79,-1.62,9.63,12.43,0.93,282.95,10.76
Abans Financial,Finance,1018.24,5.62,-4.71,,10.17,9.71,0.62,559.29,7.92
Abate As Indust,Healthcare Services,190.55,31.84,14.76,51.4,0.67,,0.05,,18.03
Abbott India,Pharmaceuticals & Biotechnology,56376.25,-12.72,9.05,12.85,35.68,46.25,0.05,9.31,36.99
ABC India,Transport Services,34.39,-37.29,-5.99,-0.95,4.15,6.82,0.3,-4.86,
Abha Power,Industrial Products,56.41,-5.45,,,18.22,18.29,0.37,8.16,10.85
Abhinav Capital,Finance,88.57,11.61,15.55,28.22,1.54,4.58,0,-44.36,36.15
Abhinav Leasing,Finance,6.45,-21.34,-12.42,8.96,3.86,6.69,3.76,-86.07,10.4
Abhishek Finle.,Finance,19.54,-27.38,17.52,27.02,2.11,3.24,0,-42.86,1954
Abhishek Infra.,Realty,3.42,15.9,2.21,22.08,-5.29,-4.05,0.33,,
Abhishek Integr.,Construction,22.01,-31.04,19.66,,10.57,13.54,0.84,10.66,20.57
Abirami Fin.,Finance,19.04,-24.74,24.56,51.82,2.87,4.05,0,,38.86
ABM Knowledge,IT - Software,444.55,47.97,39.5,12.47,6.27,9.55,0,3.51,39.06
Abram Food,Food Products,48.96,,,,51.83,37.95,0.29,79.04,16
Abril Paper,Industrial Products,29.65,,,,16.28,20.04,0.07,791.8,18.08
ABS Marine,Transport Services,413.42,45.86,,,15.56,14.2,1.34,33.06,8.23
ACC,Cement & Cement Products,29903.24,-12.44,-3.45,-2.14,13.23,17.44,0.02,16.38,11.88
Accedere,IT - Software,25.32,-39.17,-6.49,41.34,4.82,3.08,0.13,-4.79,253.2
Accel,IT - Software,67.99,-37.65,-4.27,-2.22,1.9,7.93,0.96,1.39,28.25
AccelerateBS Ind,IT - Software,60.27,49.83,,,17.63,22.18,0,-5.74,41
Accelya Solution,IT - Software,1786.23,-6.87,1.49,5.95,45.47,53.61,0.33,3.49,15.77
Accent Microcell,Pharmaceuticals & Biotechnology,840.94,70.08,,,18.44,23.66,0,5,24.26
Accord Synergy,Telecom - Services,10.26,28.2,4.36,5.14,-10.23,-9.91,0.05,14.63,11.93
Accord Transformer,,94.64,,,,44.38,36.84,0.55,62.79,15.46
Accretion Nutraveda,Pharmaceuticals & Biotechnology,144.8,,,,81.18,56.66,0.54,219.36,55.48
Accretion Pha.,Pharmaceuticals & Biotechnology,78.92,,,,65.35,46.36,0.17,158.7,8.69
Accuracy Shippi.,Transport Services,73.47,-38.62,-32.83,-5.1,3.93,8.19,1.08,-15.29,29.74
ACE Alpha Tech,IT - Software,186.12,,,,41.01,54.34,0,-17.49,14.74
ACE EduTremd Ltd,Other Consumer Services,4.27,35.86,26.17,25.11,-7.83,-7.12,0,,
Ace Engitech,IT - Services,11.54,-32.34,130.67,109.88,-150,-147.69,,-100,
Ace Integrated,Commercial Services & Supplies,18.5,-18.18,-29.54,,-7.55,-10.3,0.01,-79.29,
Ace Men,Retailing,134.63,20.52,14.75,26.25,-0.52,-0.52,0,,
Ace Soft. Exp.,IT - Software,340.13,-15.94,189.91,102.47,8.06,9.97,0.14,56.3,48.04
Acetech E-Commerce,,183.5,,,,,,0.02,16.65,26.67
Achyut Healthcar,Pharmaceuticals & Biotechnology,124.37,53.49,46.77,,1.77,2.26,0,-3.24,289.23
ACI Infocom,IT - Hardware,14.25,-42.67,14.03,30.56,-5.83,-5.89,0,111.11,
Acknit Indus.,Textiles & Apparels,79.1,18.98,24.33,22.78,10.81,10.79,0.62,-1.78,10.22
Acme Resources,Finance,76.85,-27.16,17.33,11.02,2.74,3.32,0.09,56.25,
ACME Solar Hold.,Power,14300.93,22.22,,,7.57,8.42,2.72,61.73,28.5
Acrow India,Industrial Products,43.91,2.41,-9.24,40.24,-1.58,2.1,0,,231.11
ACS Tech,IT - Services,243.94,,,,5.01,6.79,0.41,60.73,31.93
Action Const.Eq.,"Agricultural, Commercial & Construction Vehicles",10535.29,-15.77,35.9,41.63,28.65,40.11,0.08,0.31,24.92
Active Clothing,Textiles & Apparels,151.55,-20.28,31.48,57.44,11.53,11.74,1.36,17.44,12.58
Active Infra.,Realty,255.26,,,,13.63,15.51,0.52,17.51,25.99
Acutaas Chemical,Pharmaceuticals & Biotechnology,17674.34,99.09,68.21,,16,19.92,0.01,31.6,61.59
AD Manum Finance,Finance,37.76,-25.81,2.32,29.08,11.37,14.72,0.09,-15.25,4.17
Adani Energy Sol,Power,121515.75,55.41,14.44,5.94,13.64,10.23,1.95,20,54.11
Adani Enterp.,Metals & Minerals Trading,249510.79,6.39,12.54,21.23,9.82,9.45,2.03,-5.11,67.65
Adani Green,Power,156045.23,22.33,22.96,-3.65,14.61,8.7,4.52,17.19,94.64
Adani Ports,Transport Infrastructure,350432.18,42.23,36.19,17.03,18.76,13.8,0.85,23.74,27.74
Adani Power,Power,270197.86,46.27,65.84,65.9,26.1,22.54,0.83,-1.94,23.59
Adani Total Gas,Gas,56310.28,-8.1,-10.39,-0.52,16.82,17.47,0.45,17.67,87.71
Adarsh Plant,Fertilizers & Agrochemicals,31.45,26.5,19.29,39.54,-123.76,-17.41,17.55,-28.43,
ADC India,Telecom -  Equipment & Accessories,611.5,39.55,40.09,45.24,34.74,46.57,0,-0.48,33.31
Adcon Capital,Finance,8.53,-52.22,-37.37,-29.84,6.58,8.3,0,18.45,6.18
Adcounty Media.,Media,277.44,,,,47.28,62.93,0.01,61.51,15.73
Add-Shop E-Reta.,Retailing,22.28,-30.72,-43.21,-23.24,3.03,4.26,0.12,-10,21.02
Addi Industries,Textiles & Apparels,110.66,140.89,46.95,83.7,4.15,5.51,0,,38.96
Addictive Learn,Other Consumer Services,167.85,-41.08,,,13.08,25.13,0,2.07,19.25
Adeshwar Meditex,Healthcare Services,30.31,15.38,-1.24,,5.51,8.27,0.16,-9.37,14.64
ADF Foods,Food Products,2161.46,-16.37,10.59,3.68,13.98,16.91,0.02,10.52,25.35
Adhata Global,Consumer Durables,12.57,-48.59,,,14.49,10.26,0.64,-19.7,
Adhbhut Infra.,Realty,14.64,-22.48,-66.32,-40.4,,,,-43.93,
Adinath Textiles,Textiles & Apparels,14.66,0.37,-6.94,42.44,2.73,3.75,0,,162.89
Adit.Birla Money,Capital Markets,736.43,-10.01,34.51,24.25,37.21,13.06,6.58,-6.07,14.3
Aditya AMC,Capital Markets,25805.88,45.18,32.97,,26.99,35.51,0.02,11.97,25.35
Aditya Bir. Fas.,Retailing,8168.79,-21.97,-7.07,-0.41,-10.93,-2.87,0.91,9.65,
Aditya Birla Cap,Finance,90214.63,120.34,31.35,21.57,11.49,9.33,4.86,13.05,25.42
Aditya Consumer,Retailing,57.06,12.17,-9.12,11.33,-4.29,-1.26,0.42,-0.85,
Aditya Infotech,Industrial Manufacturing,19896.1,,,,20.87,19.49,0.08,11.84,78.39
Aditya Ispat,Industrial Products,6.12,24.48,10.37,24.4,-55.05,-7.34,4.45,-42.15,
Aditya Spinners,Textiles & Apparels,30.08,-24.08,-3.74,24.53,-3.82,-1.17,0.34,5.11,
Aditya Ultra,Industrial Products,60.85,-18.33,,,12.67,13.38,0.9,-0.42,12.84
Aditya Vision,Retailing,6243.18,11.29,45.98,100.96,20.26,19.13,0.65,17.9,55.59
Adjia Tech,IT - Software,4.7,,15.14,,2.24,-3.94,0.02,9.09,58.75
Adline Chem Lab,Pharmaceuticals & Biotechnology,8.2,-9.2,39.63,21.71,,,,,273.33
Admach Systems,Industrial Manufacturing,138.84,,,,43.95,36.47,0.26,171.14,15.94
Ador Welding,Industrial Products,1833.56,22.49,8.36,27.29,13.87,20.28,0,1.9,25.8
Adroit Info.,IT - Services,55.31,-35.79,-13.23,10.71,-3.71,-1.79,0.29,58.51,
Adtech Systems,Industrial Manufacturing,61.84,-28.33,,,9.66,12.92,0,-14.48,16.23
Advait Energy,Industrial Products,1865.04,39.39,83.02,131.26,22.49,26.87,0.27,157.42,40.61
Advance Agrolife,Fertilizers & Agrochemicals,783.19,,,,29.11,28,0.47,9.91,26.77
Advance Lifes.,Textiles & Apparels,15.35,-20.15,-9.17,,1.22,4.43,1.34,,22.25
Advance Meter.,Power,28.36,-31.97,-1.71,13.04,-10.62,-8.13,0.21,-4.31,
Advance Petroch.,Chemicals & Petrochemicals,10.17,-53.31,-34.6,24.03,7.71,9.56,3.34,2.23,254.25
Advance Syntex,Industrial Products,5.5,-11.59,-12.88,-18.45,,-1.46,,-100,
Advanced Enzyme,Pharmaceuticals & Biotechnology,3361.16,15.57,2.94,-2.91,9.54,13.11,0.02,13.07,23.33
Advani Hotels.,Leisure Services,504.07,-3.66,13.44,15.81,34.35,45.29,0.01,-1.66,20.86
Advent Hotels,Leisure Services,1045.57,,,,0.65,3.28,0.91,82.42,35.68
Advik Capital,Finance,100.41,-12.7,-24.67,8.85,5.93,8.42,0.84,-95.12,
Aegis Logistics,Gas,24164.6,-9.44,23.44,16.4,15.53,13.2,0.41,7.95,31.41
Aegis Vopak Term,Oil,25269.96,,,,8.73,7.01,0.42,10.56,123.57
Aelea Commoditi.,Agricultural Food & other Products,266.32,-32.6,,,3.34,7.56,0.01,60.68,43.73
Aeonx Digital,IT - Services,59.41,-6.41,14.75,7.95,6.79,9.78,0.03,48.17,26.52
Aequs,Aerospace & Defense,9490.59,,,,-11.22,1.11,1.1,-4.19,
Aeroflex,Industrial Products,3108.85,36.79,,,16.57,22.34,0.03,12.55,63.29
Aeroflex Enter.,Industrial Products,887.38,-6.71,6.42,31.44,7.66,13.76,0.06,23.63,17.24
Aeroflex Neu,Industrial Products,180.68,-1.16,-2.36,,0.24,3.42,0.27,0.97,81.76
Aeron Composites,Industrial Products,159.65,-23.62,,,19.52,21.19,0.44,-0.61,11.47
Aerpace Indus,Industrial Products,365.57,10.98,163.41,62.76,-21.4,-16.99,0.5,,
Aesthetik Engi.,Construction,133.03,20.7,,,18.36,21.12,0.32,20.7,15.76
Aether Industri.,Chemicals & Petrochemicals,12718.21,12.07,3.15,,7.8,10.18,0.09,52.73,56.85
Afcom Holdings,Transport Services,2176.03,15.21,,,28.92,36.05,0.12,61.79,18.01
Afcons Infrastr.,Construction,10744.83,-29.28,,,14.91,22.53,0.73,-2.3,18.23
Affle 3i,IT - Services,19385.11,-1.65,10.45,5.18,14.03,16.82,0.01,19.21,44.22
Affordable Robo.,Industrial Manufacturing,200.97,-56.91,-17.08,12.4,-10.92,-2.63,0.64,-25.71,44.76
AG Ventures,Chemicals & Petrochemicals,113.64,-32.11,-11.86,-12.45,0.05,0.77,0.11,5.75,19
Agarwal Float,Industrial Products,21.19,-40.18,-9.95,,18.09,17.6,0.85,12.38,8.51
Agarwal Fortune,Industrial Products,7.56,12.53,45.52,72.51,33.63,25.31,2.82,92.09,50.4
Agarwal Indl.,Chemicals & Petrochemicals,824.17,-37.88,-3.45,29.35,20.09,16.9,0.63,-11.97,14.12
Agarwal Toughene,Industrial Products,173.21,5.77,,,27.42,24.38,0.2,44.3,8.06
AGI Greenpac,Industrial Products,3460.66,-15.88,16.28,25.26,16.24,19.89,0.21,7.42,10.23
AGI Infra,Realty,3735.26,86.56,83.49,121.85,25.66,22.03,0.42,8.17,44.52
Agio Paper,"Paper, Forest & Jute Products",7.26,-21.47,3.24,10.27,,-3.24,,-100,
Agni Green,Construction,35.06,-20.75,-6.98,,2.02,6.94,0.34,12.83,50.09
Agri-Tech India,Agricultural Food & other Products,73.11,-16.84,8.45,29.04,-1.1,-1.1,0,116.67,
Agribio Spirits,Beverages,286.64,103.36,58.62,113.69,6.44,7.17,0.22,101.42,82.37
Agro Phos India,Fertilizers & Agrochemicals,69.38,12.01,0.02,21.73,8.55,14.37,0.38,80.08,7.29
AGS Transact,Financial Technology (Fintech),44.95,-82.47,-60.37,,-16.31,1.26,2,-19.14,
Ahasolar Technol,Retailing,23.12,-29.51,,,-6.3,-5.71,0.02,35.82,12.77
Ahimsa Industrie,Industrial Products,13.58,-7.81,46.12,,-34.85,-28.68,0,-80.58,
Ahlada Engineers,Consumer Durables,58.34,-29.29,-19.96,-11.56,2.68,6.03,0.27,-58.09,28.18
Ahluwalia Contr.,Construction,5176.13,19.59,18.17,21.05,11.87,18.47,0.04,10.19,19.37
Ahm. Steelcraft,Industrial Products,262.22,-26.06,109.3,61.12,18.35,21.44,0,120.04,13.86
AI Champ.Inds.,"Paper, Forest & Jute Products",79.93,-33.46,-1.26,18.38,-1112.57,-107.23,,158.28,
AIA Engineering,Industrial Products,35943.27,22.61,12.48,16.33,15.42,18.92,0.14,0.7,30.86
Aik Pipes & Poly,Industrial Products,16.93,-67.32,,,5.72,8.62,0.25,-65.1,
Aimco Pesticides,Fertilizers & Agrochemicals,48.51,-45.48,-25.04,-10.5,-22.31,-12.42,0.69,-3.11,
Aimtron,Industrial Manufacturing,1607.41,78.15,,,24.8,29.16,0,72,46.27
Aion-Tech Soluti,IT - Software,208,-35.48,-7.23,20.52,-3.98,-2.28,0.34,46.56,
Airan,IT - Services,205.03,-35.56,2.45,-1.79,8.87,10.9,0.01,-0.32,23.82
Airfloa Rail,Industrial Manufacturing,624.06,,,,31.02,31.89,0.27,61.27,22.18
Airo Lam,Consumer Durables,137.64,-9.64,8.62,25.26,4.77,7.78,1.09,15.84,16.04
Ajanta Pharma,Pharmaceuticals & Biotechnology,37404.48,20.43,36.43,20.63,24.91,32.37,0.06,14.78,36.87
Ajanta Soya,Agricultural Food & other Products,187.04,-45.75,-8.79,6.96,18.13,26.76,0.02,15.04,12.82
Ajax Engineering,"Agricultural, Commercial & Construction Vehicles",5548.73,-18.49,,,25.07,33.58,0,6.34,24.83
AJC Jewel,Consumer Durables,84.96,,,,21.71,14.68,1.26,-10.32,29.4
Ajcon Global,Finance,36.57,-7,24.48,21.59,2.25,4.52,0.37,14.6,
Ajmera Realty,Realty,2532.96,-12.1,35.43,39.89,12.01,12.66,0.52,-0.94,21.2
Ajooni Biotech,Food Products,76.3,-39.97,0.15,-7.86,5.15,6.91,0.11,43.85,15.57
Ajwa Fun World,Leisure Services,30.71,35,40.99,47.73,,36.64,0.1,-56.05,0.56
Akanksha Power,Electrical Equipment,133.93,-24.92,,,7.78,11.43,0.52,58.47,25.76
Akar Auto Indust,Auto Components,102.15,-11.71,12.71,38.7,13.63,17.12,1.62,-5.83,28.69
Akash InfraProj.,Construction,44.04,1.52,-3.98,-35.36,0.99,3.32,1.03,21.49,55.75
AKG Exim,Commercial Services & Supplies,42.23,-8.03,-22.81,-20.33,1.61,3.45,0.16,-33.66,75.41
AKI India,Consumer Durables,52.53,-43.06,-36.25,19.6,1.86,4.6,0.26,22.97,19.9
Akiko,Finance,234.78,208.35,,,16.72,,0.12,,16.81
Akme Fintrade,Finance,302.99,4.41,,,10.98,14.4,0.96,45.23,8.06
Aksh Optifibre,Telecom -  Equipment & Accessories,79.07,-39.48,-19.16,-6.63,-112.71,-13.45,,-20.24,
Akshar Spintex,Textiles & Apparels,33.07,-27.59,-72.35,-30.87,-6.72,-6.01,0.06,-15.52,
AksharChem (I),Chemicals & Petrochemicals,173.73,-3.97,-1.56,-2.05,1.82,3.46,0.28,5.95,
Akums Drugs,Pharmaceuticals & Biotechnology,7683.19,7.17,,,17.19,16.2,0.03,6.24,23.68
Akzo Nobel,Consumer Durables,13367.45,-5.62,11.02,6.46,32.23,41.66,0.03,-6.99,35.51
Alacrity Sec.,Finance,276.51,-30.08,66.02,53.74,16.42,21.5,0.03,-39.14,41.77
Alan Scott Ente.,Entertainment,148.51,149.04,121.01,85.49,-141.91,-14.21,1.45,37.74,
Alankit,Commercial Services & Supplies,229.94,-46.77,-1.23,-11.92,7.56,11.29,0.07,18.73,9.84
Albert David,Pharmaceuticals & Biotechnology,406.3,-16.42,8.91,11.98,4.39,6.45,0.11,-10.37,42.28
Alchemist Corp.,Chemicals & Petrochemicals,13.56,49.81,22.58,36.3,-9.02,-7.45,0,,
Alcokraft Dist.,Beverages,74.83,-51.33,-12.23,21.79,9.76,11.76,0.83,-1.15,10.72
Alembic,Realty,2355.2,0.7,14.5,-2.03,13.69,6.9,0,14.04,7.39
Alembic Pharma,Pharmaceuticals & Biotechnology,13979.57,-4.36,11.92,-5.11,11.38,13.05,0.28,13.2,21.07
Alexander Stamps,Diversified,8.66,-33.57,-21.11,-9.05,-0.24,-0.24,0.01,-28.26,
Alfa Ica (I),Industrial Products,30.42,2.93,21.63,20.21,6.31,10.1,0.73,5.92,12.57
Alfa Transformer,Electrical Equipment,40.99,-36.47,28.82,27.78,4.48,11.53,0.53,-28.79,
Alfavision Overs,Agricultural Food & other Products,12.64,-70.25,-28.01,-0.92,0.29,0.07,3.22,-33.83,
Alfred Herbert,Finance,216.82,41.95,58.92,39.07,5.22,5.86,0,304.24,6.9
Algoquant Fin,Finance,1690.79,12.87,49.98,118.42,38.12,32.78,0.24,-10.14,94.25
Alicon Cast.,Auto Components,1229.43,-0.34,-2.75,11.56,8.02,11.56,0.57,-0.84,32.26
Alivus Life,Pharmaceuticals & Biotechnology,11191.1,3.04,34.48,,18.69,24.92,0.02,10.48,19.9
Alka India,Textiles & Apparels,5.83,,,73.11,-1.31,-1.01,,,
Alkali Metals,Chemicals & Petrochemicals,65.7,-24.4,-16.28,4.9,-7.28,-4.87,0.43,8.88,77.29
Alkem Lab,Pharmaceuticals & Biotechnology,67428.68,21.38,21.82,14.81,19.39,20.38,0.18,11.73,28.09
Alkosign,Household Products,73.39,4.02,11.04,,11.99,12.78,0.4,18.05,86.34
Alkyl Amines,Chemicals & Petrochemicals,7591.31,-6.7,-16.03,-6.09,13.96,18.66,0,-0.48,42.02
All E Tech,IT - Software,317.86,-57.12,16,,22.39,29.6,0,1.93,10.5
All Time Plastic,Consumer Durables,1541.33,,,,21,19.23,0.22,8.84,39.43
Allcargo Logist.,Transport Services,1264.13,-22.07,-30.12,-0.7,2.49,3.84,0.77,-32.25,90.09
Allcargo Termi,Transport Infrastructure,670.77,-6.26,,,12.98,11.59,,5.98,19.79
Alldigi Tech,Commercial Services & Supplies,1254.95,-7.58,19.29,18.91,27.34,31.36,0.33,11.36,16.48
Alliance Integ.,Industrial Products,61.61,-70.34,-42.3,23.64,,-24.67,,0.17,
Allied Blenders,Beverages,13317,52.72,,,19.96,21.08,0.68,13.95,49.66
Allied Digital,IT - Services,665.96,-41.1,6.45,24.56,5.31,10.87,0.19,16.04,18.13
Almondz Global,Capital Markets,279.92,-24.53,13.9,28.06,7.51,8.77,0.2,19.51,9.63
Alok Industries,Textiles & Apparels,7100.29,-6.9,0.35,-6.16,,-4.76,,-12.79,
Alpa Laboratorie,Pharmaceuticals & Biotechnology,138.89,-32.37,4.32,10.45,12.09,15.79,0,18.93,11.91
Alpex Solar,Electrical Equipment,1966.43,30.97,,,47.72,50.48,0.37,227.66,10.61
Alphageo (India),Oil,127.43,-17.32,-5.67,-2.04,-3.78,-4.32,0,24.71,
Alphalogic Indu,Industrial Products,151.82,-3.87,,,14.28,19.62,0.07,-29.02,41.48
Alphalogic Tech.,IT - Software,249.57,-58.17,26.89,55.74,11.49,16.28,0.1,-35.33,49.52
Alpine Housing,Realty,156.45,-12.61,-4.53,45.48,6.3,8.57,0.15,18.78,26.97
Alstone Textiles,Retailing,94.12,-75.81,-48.68,,-0.31,-0.09,2.16,-100,14.82
Altius Telecom,Telecom - Services,48758.4,6.67,,,5.7,8.17,3.88,41.74,50.07
Alufluoride,Chemicals & Petrochemicals,357.94,11.91,13.72,12.37,20.79,23.62,0.29,17.18,15.1
Aluwind Infra,Industrial Products,152.81,4.24,,,18.8,21.7,0.36,46.5,13.98
Amagi Media Labs,IT - Services,8264.15,,,,-15.48,-10.42,0.07,32.24,
Amal,Chemicals & Petrochemicals,616.84,-24.19,30.37,17.01,35.03,36.32,0,72.54,22.63
Amalgamated Elec,Commercial Services & Supplies,14.37,-12.12,25.59,13.44,,,,-100,
Amanaya Ventures,Non - Ferrous Metals,6.54,27.27,,,5.61,7.93,0,6.75,34.42
Amanta Healthcar,Pharmaceuticals & Biotechnology,399.75,,,,12.99,14.8,0.88,-2.01,25.03
Amara Raja Ener.,Auto Components,15464.73,-13.71,14.14,-1.25,12.34,16.75,0.04,6.83,20.48
Amarjothi Spg.,Textiles & Apparels,93.45,-12.04,-6.98,6.89,5.89,9.84,0.27,-27.51,8.1
Amarnath Sec.,Finance,4.25,19.18,-20.83,-4.67,4.33,5.77,0.17,-2.5,23.61
Amba Enterprises,Electrical Equipment,173.51,-21.8,37.81,56.71,18.95,20.56,0.12,12.85,21.91
Ambalal Sarabhai,Pharmaceuticals & Biotechnology,201.09,-33.33,3.06,5.22,6.25,9.12,0.32,8.55,11.35
Ambani Orgochem,Chemicals & Petrochemicals,104.69,25.07,24.99,23.8,0.04,7.12,1.06,42.52,166.17
Ambar Protein,Agricultural Food & other Products,96.51,-7.42,-18.1,,32.27,27.5,0.61,25.65,13.71
Ambassador Intra,Commercial Services & Supplies,10.53,17.39,5.36,,4.86,7.48,0.47,,61.94
Amber Enterp.,Consumer Durables,28061.84,41.67,61.55,20.02,11.28,14.49,0.77,30.67,120.73
Ambey Laborator.,Fertilizers & Agrochemicals,57.38,-53.3,,,8.75,9.97,0.44,3.28,12.92
Ambica Agarbat.,Household Products,43.58,-1.97,3.1,,0.45,7.49,0.75,29.28,63.16
Ambika Cotton,Textiles & Apparels,774.19,2.18,-2.83,6.55,7.46,11.47,0,-9,12.31
Ambitious Plasto,Commercial Services & Supplies,5.81,-19.87,15.44,,,112.5,,98.86,38.73
Ambo Agritec,Agricultural Food & other Products,63.41,-52.97,0.89,,4.07,8.63,0.38,18.15,47.32
Ambuja Cements,Cement & Cement Products,123690.05,7.62,12.27,12.48,8.73,10.5,0.02,15.97,32.19
Amco India,Industrial Products,30.21,-6.73,8.81,21.73,5.44,7.64,0.3,12.3,48.73
AMD Industries,Industrial Products,79.54,-5.66,-5.9,9.93,0.64,4.57,0.53,-1.26,
Ameenji Rubber,Industrial Products,130.17,,,,54.28,32.38,1.85,12.85,13.14
Amerise BioScie,Industrial Products,4.62,-23.08,-2.27,-15.76,0.19,0.19,0,800,66
Ameya Precision,Industrial Products,70.99,-5.4,39.59,,16.58,22.55,0,5.33,13.29
Amforge Inds.,Auto Components,9.73,-20.38,3.37,25.98,3.72,6.53,0.05,-5.49,25.61
Amic Forging,Industrial Products,1523.43,36.81,,,21.8,27.89,0.05,-10.17,60.38
Amin Tannery,Consumer Durables,17.17,-32.05,-7.05,12.82,2.29,4.26,2.18,-12.36,59.21
Amines & Plast.,Chemicals & Petrochemicals,851.38,-24.39,20.94,18.38,16.87,20.01,0.11,-13.38,24.97
Amit Internation,Textiles & Apparels,6.31,-25,2.75,7.22,0.66,0.81,0,,52.58
Amit Securities,Finance,38.27,,,70.33,4.69,1.61,0,28.91,30.86
AMJ Land Holdin.,Realty,165.03,-19.24,16.36,9.13,8.66,13.54,0,4.04,8.24
Amkay Products,Healthcare Equipment & Supplies,54.36,28.16,,,14.79,16.88,0.07,26.15,15.62
Ampvolts,Power,63.79,-19.73,-9.39,77.2,1.5,-0.95,0.45,435.42,24.35
Amrapali Inds.,Commercial Services & Supplies,74.24,-4.5,4.05,27.71,5.13,7.07,4.5,22.08,14.82
Amraworld Agrico,Textiles & Apparels,7.46,-38.61,-3.96,-0.94,-1.13,-1.13,0,,
Amrutanjan Healt,Pharmaceuticals & Biotechnology,1725.24,3.29,-1.39,1.73,16.53,22.45,0.01,10.09,29.84
Amwill Health,Pharmaceuticals & Biotechnology,69.71,-61.02,,,24.85,27.56,0,-10.19,8.63
Anand Rathi Shar,Capital Markets,3177.97,,,,23.04,21.26,0.93,23.8,29.3
Anand Rathi Wea.,Capital Markets,25536.32,53.75,100.96,,45.33,56.26,0.1,20.14,69.75
Anand Rayons,Textiles & Apparels,242.07,-44.2,42.25,28.56,6.13,9.24,0.21,24.26,25.67
Anant Raj,Realty,19066.28,14.37,70.1,59.08,10.89,11.17,0.13,22.61,36.19
Anantam Highways,Transport Infrastructure,2230.03,,,,177.03,18.96,8.7,-63.31,5.43
ANB Metal,Industrial Products,514.81,,,,45.92,29.6,0.3,45,40.16
Andhra Cements,Cement & Cement Products,511.92,-6.44,120.94,58.23,-68.44,-10.52,12.22,36.43,
Andhra Paper,"Paper, Forest & Jute Products",1367.49,-9.18,-7.01,6.66,3.07,4.5,0.14,5.56,72.93
Andhra Petrochem,Chemicals & Petrochemicals,342.95,-23.62,-12.03,-9.33,-2.75,-1.57,0.15,-18.36,
Andhra Sugars,Chemicals & Petrochemicals,1000.66,3.65,-14.79,3.99,2.51,3.54,0,19.28,9.89
Andrew Yule & Co,Agricultural Food & other Products,1009.19,-30.99,-1.81,-3.01,-7.96,-6.83,0.33,3.88,98.46
ANG Lifesciences,Pharmaceuticals & Biotechnology,30.35,-31.55,-32.35,-4.98,-17.05,-4.18,1.52,-24.29,
Angel Fibers,Textiles & Apparels,37.5,6.08,-18.3,9.2,6.8,8.76,1.43,7.5,10.65
Angel One,Capital Markets,21199.17,7.51,32.48,48.04,27.07,25.8,0.77,-14.56,27.55
ANI Integrated,Commercial Services & Supplies,86.02,-51.9,15.31,24.1,14.65,15.8,0.26,12.82,10.81
Anik Industries,Commercial Services & Supplies,128.26,-49.61,11.05,21.93,0.68,0.86,0.05,49.02,76.35
Anirit Ventures,Textiles & Apparels,25.76,-32.13,98.26,65.77,,,,-100,
Anjani Finance,Finance,11.06,-14.78,7.89,27.94,2.21,3.62,0.08,-35.71,50.27
Anjani Foods,Food Products,50.7,-39.37,-12.03,-13.95,9.45,10.7,0.73,6.36,61.08
Anjani Portland,Cement & Cement Products,373.47,11.31,-8.64,-8.57,-31.85,-9.07,2.26,4.68,
Anjani Synth.,Textiles & Apparels,35.98,-41.89,-4.9,2.27,3.9,6.04,0.3,20.23,10.77
Anka India,Consumer Durables,144.06,92.63,5.89,23.57,,,0.12,,
Ankit Met.Power,Ferrous Metals,23.42,-19.42,-29.06,7.62,,-34.2,,-1.48,
Anlon Healthcare,Pharmaceuticals & Biotechnology,576.8,,,,40.45,24.83,0.27,81.19,20.48
Anlon Tech,Commercial Services & Supplies,238.64,46.45,33.6,,14.65,19.34,0.16,98.82,25.5
Anmol India,Consumable Fuels,67.56,-26.41,-28.69,6.66,6.7,9.81,1.85,4.41,6.54
Anna Infrastruct,Finance,11.54,34.56,58.69,33.17,4.51,6.14,0,288.89,8.49
Annapurna Swadi.,Food Products,421.67,-33.8,11.6,,9.71,12.84,0.36,34.39,18.13
Annvrridhhi Ven,Agricultural Food & other Products,14.99,-30.29,21.32,55.12,7.41,7.72,0.16,49.45,51.69
Anondita Medi.,Personal Products,1356.5,,,,41.72,,0.43,,59.08
ANS Industries,Beverages,15.73,30.87,18.56,0.36,-54.26,-39.82,0.56,,
Ansal Buildwell,Realty,74.87,-8.02,10.59,16.89,6.31,9.85,0.3,16.65,10.93
Ansal Housing,Realty,53.27,-24.48,28.21,4.46,-4.8,4.7,2.33,-19.94,
Ansal Properties,Realty,62.96,-38.18,-24.78,-12.73,,,,34.2,
Antarctica,Industrial Products,13.49,-19.44,10.21,9.61,-1.98,-1.59,0.65,111.09,6.88
Antelopus Selan,Oil,1809.63,1.6,22.08,31.12,17.18,22.78,0.01,-4.97,27.29
Anthem Bioscienc,Pharmaceuticals & Biotechnology,39390.18,,,,20.83,28.5,0.04,29.96,78.36
Antony Waste han,Other Utilities,1398.57,-7,24.07,10.44,11.34,12.1,0.68,12.1,21.59
Anuh Pharma,Pharmaceuticals & Biotechnology,773.33,0.23,22.35,7.23,13.41,17.24,0,22.39,18.49
Anupam Finserv,Finance,40.23,24.71,12.73,26.67,3.68,6.61,,36.29,24.23
Anupam Rasayan,Chemicals & Petrochemicals,14109.22,95.97,22.37,,3.32,7.33,0.38,66.49,82.01
Anuroop Packagin,Industrial Products,14.1,-38.21,-34.3,7.35,13.87,16.62,0.43,-23.52,2.81
Anya Polytech &,Fertilizers & Agrochemicals,232.8,-11.42,,,12.71,14.22,0.72,10.85,36.95
Anzen IYEP Trust,Power,2315.09,,4.81,,-1.65,1.88,1.32,55.85,
Apar Inds.,Electrical Equipment,44910.18,92.85,67.75,88.08,19.5,32.7,0.14,20.66,45.29
Apcotex Industri,Industrial Products,1895.71,11.24,-6.47,14.62,9.99,12.81,0.23,2.94,22.77
Apeejay Surrend.,Leisure Services,2682.11,-13.83,,,6.87,11.99,0.17,13.43,31.57
Apex Ecotech,Other Utilities,168.77,15.32,,,28.07,37.51,0,33.69,17.6
Apex Frozen Food,Food Products,1217.03,97.94,22,10.09,0.76,2.43,0.08,23.17,39.1
Apis India,Food Products,823.89,,190.09,,15.21,14.43,0.26,12.84,38.11
APL Apollo Tubes,Industrial Products,62040.55,55.29,21.03,32.54,18.95,22.36,0.16,8.79,54.33
Aplab,Electrical Equipment,175.56,134.11,66.3,56.07,2.95,-8.82,1.42,18.63,17.08
APM Industries,Textiles & Apparels,85.34,12.22,-8.17,11.51,-0.32,-1.02,0.02,-11.77,44.22
Apollo Finvest,Finance,145.57,-30.52,-3.13,4.17,11.44,14.69,0.3,-21.45,21.04
Apollo Hospitals,Healthcare Services,112461.17,29.23,21.01,20.48,18.42,16.64,0.88,14.52,61.93
Apollo Ingredie.,Commercial Services & Supplies,11.08,,,,8.13,10.57,0,35.4,11.79
Apollo Micro Sys,Aerospace & Defense,8496.41,111.04,97.84,84.58,10.02,13.98,0.33,44.25,95.14
Apollo Pipes,Industrial Products,1576.93,5.43,-10.49,8.6,4.61,7.32,0.09,-4.44,96.86
Apollo Sindoori,Leisure Services,325.21,-2.61,6.14,17.58,5.34,8.69,0.54,8.97,25.43
Apollo Techno,Industrial Manufacturing,143.73,,,,73.8,31.21,1.11,43.72,11.65
Apollo Tyres,Auto Components,28836.76,21.31,12.82,13.15,8.61,11.44,0.29,6.17,19.73
Apoorva Leasing,Finance,71.65,-14.17,37.56,18.38,0.28,0.32,0,-87.21,
Aprameya Enginee,Healthcare Equipment & Supplies,376.42,108.11,,,36.78,31.12,0.53,108.27,15.3
Apt Packaging,Industrial Products,149.69,125.34,45.66,,,5.86,0.51,62.74,155.93
Aptech,Other Consumer Services,507.35,-21.5,-28.5,-11.85,7.63,13.92,0.06,14.73,17.9
Aptus Pharma,Pharmaceuticals & Biotechnology,186.56,,,,70.94,38.2,0.37,37.9,52.7
Aptus Value Hou.,Finance,12217.88,-20.66,0.26,,18.58,15.05,1.57,28.1,13.74
Aqylon Nexus,Entertainment,3047.56,165.14,808.84,280.8,,143.24,13.2,74.71,
Arabian Petrol.,Petroleum Products,82.67,9.13,,,18.03,18.68,0.58,13.64,7.45
Aravali Sec,Commercial Services & Supplies,9.44,54.98,17.2,38.33,,1.73,,0,
ARC Finance,Finance,50.55,-42.57,-1.67,14.09,4.43,7.44,0.15,-4.99,
ARC Insulation,Industrial Products,52.21,,,,45.5,52.61,0,15.33,6.09
Arcee Industries,Industrial Products,7.62,199.39,26.45,23.35,-5.3,-12.07,0.06,-57.14,
Archean Chemical,Chemicals & Petrochemicals,7113.06,14.49,-3.18,,9.8,12.81,0.15,14.94,48.57
Archidply Decor,Consumer Durables,38.48,2.96,6.83,17.28,0.12,3.21,0.37,-8.41,962
Archidply Inds.,Consumer Durables,160.75,-0.09,11.33,17.58,-6.95,3.54,1.78,26.75,29.23
Archies,Consumer Durables,53.44,-11.82,-7.21,6.22,2.78,4.06,0.33,-12.24,
Archit Organosys,Chemicals & Petrochemicals,80.19,2.46,-17.49,12.18,7.62,10.85,0.39,30.19,9.99
ARCL Organics,Chemicals & Petrochemicals,132.92,-12.76,,,17.25,20.33,0.39,18.36,18.33
Arco Leasing,Finance,0.09,,,,,2.38,,20,
Arex Industries,Textiles & Apparels,42.46,-19.18,8.65,17.34,9.08,11.76,0.4,-4,23.99
Arfin India,Non - Ferrous Metals,1209.74,133.4,49.52,65.36,7.23,13.97,0.93,-2.09,142.49
Arham Tech,Consumer Durables,231.55,39.64,67.73,,26.43,23.69,0.96,38.24,21.97
Aries Agro,Fertilizers & Agrochemicals,426.8,40.74,26.29,27.5,12.26,18.38,0.21,14.77,9.79
Arigato Universe,Industrial Manufacturing,21.84,-44.4,30.16,23.64,-37.11,-29.62,0,2580,24.27
Arih.Found.Hsg.,Realty,1008.02,51.07,204.72,113.13,16.47,19.52,0.88,84.41,14.87
Arihant Academy,Other Consumer Services,299.73,135.71,61.51,,17.76,,0,,44.54
Arihant Capital,Capital Markets,878.77,24.45,24.05,38.05,15.9,21.26,0.51,-23.26,22.73
Arihant Super.,Realty,1145.69,-32.84,8.9,46.1,18.84,11.1,2.38,4.11,25.23
Arihant's Secur.,Commercial Services & Supplies,10.02,-27.13,26.12,36.43,1.26,1.7,0,-94.59,
Aris Interna.,IT - Software,57.43,127.91,,,6.61,5.16,0.33,227.27,441.77
Arisinfra Solu.,Other Construction Materials,913.6,,,,1.48,12.26,0.08,25.53,28.07
Aristo Bio-Tech,Fertilizers & Agrochemicals,64.64,-3.95,14.35,,11.31,12.42,0.84,10.39,17.57
Aritas Vinyl,Consumer Durables,34.2,,,,31.21,13.08,1.66,41.97,6.77
Arkade,Realty,2091.31,-18.83,,,25.75,30.3,0.18,11.38,14.12
Arman Financial,Finance,1647.9,22.6,3.91,21.51,6.17,13.31,1.37,-6.15,58.13
Arman Holdings,Finance,58.59,40.9,56.3,16.68,-0.32,-0.16,0,617.11,130.2
Armour Security,Commercial Services & Supplies,44.28,,,,24.08,29,0.28,8.29,10.13
Arnold Holdings,Finance,29.39,-61.58,-20.72,-15.3,9.25,9.21,0.94,-23.79,26.96
Aro Granite Inds,Consumer Durables,40.76,-25.61,-14.42,-10.64,-3.36,1.68,0.81,-31.25,
Arrow Greentech,Industrial Products,608.95,-23.72,30.04,38.59,39.57,53.25,0.01,-8.73,11.85
Arrowhead Sepera,Industrial Manufacturing,13.17,-22.72,,,2.5,6.17,0.34,3.16,
Arshiya,Transport Services,42.42,-51.21,-37.52,-44.63,,,6.65,8.3,
Art Nirman Ltd,Realty,100.97,-4.98,-11.46,14.18,5.48,6.63,0.53,-38.22,84.14
Artefact Project,Commercial Services & Supplies,43.89,-6.19,12.39,11.03,11.7,13.45,0.2,25.55,6.09
Artemis Electri.,Electrical Equipment,449.61,-11.12,18.99,29.23,9.26,11.68,0.02,107.18,46.93
Artemis Medicare,Healthcare Services,3797.77,3.56,55.02,60.34,12.92,14.88,0.31,14.09,38.2
Artificial Elect,IT - Software,328.02,-51.03,199.11,125.57,17.78,22.89,0,371.5,12.94
Artson,Industrial Manufacturing,543.65,-7.19,23.8,33.64,124.29,24.57,18.53,102,
Aruna Hotels,Leisure Services,26,-25.39,-16.38,17.33,3.81,9.84,3.76,5.05,5.86
Arunaya Organics,Chemicals & Petrochemicals,34.11,,,,29.94,25.37,0.38,67.95,8.79
Arunis Abode,Commercial Services & Supplies,1121.27,979.69,351.42,150.11,-1.88,-5.26,0,17181.48,65.08
Arunjyoti Bio,Finance,148.36,-39.88,47.91,131.39,-10.66,4.03,0.71,-17.57,
Arvee Laborat.,Chemicals & Petrochemicals,170.81,9.62,14.48,,7.12,10,0.03,-28.86,82.12
Arvind Fashions.,Retailing,5882.09,15.61,16.71,22.74,-3.63,16.93,1.22,12.51,
Arvind Ltd,Textiles & Apparels,9217.26,3.69,62.2,34.9,9.32,13.04,0.4,9.63,21.91
Arvind Port &,Transport Services,54.61,-38.76,,,12.58,,0.06,,9.01
Arvind SmartSp.,Realty,2508.69,-19.26,28.09,40.26,18.8,19.05,0.28,-14.35,34.24
Aryaman Capital,Finance,513.4,90.72,87.54,68.19,38.69,31.72,0,125.32,17.83
Aryaman Fin.Serv,Finance,782.95,26.91,80.01,71.97,31.3,31.88,0,34.5,23.48
Aryan Share,Finance,6.18,8.42,43.92,26.74,-2.06,-0.53,0,-19.2,2.87
Aryavan Enterprise,Industrial Products,36.96,22.05,32.44,34.48,5.1,,0.01,450.84,14.38
Asahi India Glas,Auto Components,22961.29,46.29,22.69,25.33,13.61,12.45,0.77,6.55,73.22
Asahi Songwon,Chemicals & Petrochemicals,264.75,-21.68,5.15,-4.43,8.15,9.17,0.55,1.61,17.05
Asarfi Hospital,Healthcare Services,310.51,64.79,,,14.06,15.83,0.54,43.93,18.47
Ascensive Educa.,Other Consumer Services,69.04,39.67,62.2,,18.69,20.62,0.54,103.82,16.24
Ascom Leasing &,Finance,245.35,101.39,-10.28,48.84,10.84,14.37,0.07,9.2,47.27
Ashapura Logi.,Transport Services,85.4,-19.9,,,12.56,13.94,0.54,50.53,6.56
Ashapura Minech.,Minerals & Mining,5048.55,53.79,70.01,35.8,27.14,18.64,0.86,45.73,13.24
Ashapuri Gold,Consumer Durables,164.32,-32.47,-16.54,-8.67,10.18,13.78,0,16.61,9.12
Ashiana Agro Ind,Agricultural Food & other Products,4.81,14.96,17.21,3.45,3.53,4.31,0,-2.44,96.2
Ashiana Housing,Realty,3260.02,7.97,30.9,22.6,2.74,3.33,0.44,72.88,27.8
Ashiana Ispat,Industrial Products,20.89,-17.85,-7.35,20.3,-76.8,-9.02,,379.95,
Ashika Credit,Finance,1680.99,-34.33,123.49,59.03,-20.26,-22.15,0,-76.98,
Ashima,Textiles & Apparels,270.24,-25.91,-1.27,-2,-5.79,1.79,0.58,-91.09,
Ashirwad Cap.,Finance,24.03,-39.59,6.35,9.32,4.38,5.16,0.14,41.58,23.56
Ashirwad Steels,Industrial Products,27.85,-29.89,0.44,12.53,2.81,3.82,0,22.95,12.21
Ashish Polyplast,Industrial Products,10.69,-30.95,16.76,28.34,2.58,5.09,0.03,-10.41,152.71
Ashnisha Indus.,Commercial Services & Supplies,106.05,20.85,-36.63,60.98,0.28,1.23,0.08,-20.09,311.91
Ashnoor Textile,Textiles & Apparels,67.6,-13.74,13.75,26.42,15.42,13.57,0.53,-25.36,7.93
Ashok Leyland,"Agricultural, Commercial & Construction Vehicles",123997.07,98.27,43.14,26.63,28.82,14.26,4.33,13.5,34.39
Ashoka Buildcon,Construction,3649.96,-24.47,20.4,3.06,54.78,39.7,0.47,-20.53,3.49
Ashoka Metcast,Metals & Minerals Trading,38.04,-13.23,0.49,25.91,2.96,3.83,0.28,-66.82,4.17
Ashoka Refinerie,Agricultural Food & other Products,4.34,-5.27,20.37,18.97,-6.4,-6.06,0.06,-96.1,
Ashram Online,Healthcare Services,5.98,6.64,8.58,11.34,-0.57,-0.32,0.35,36.36,
Ashtasidhhi Ind,Finance,15.85,5.08,25.81,37.99,0.2,0.29,0,234.1,176.11
Ashwini Contain.,Transport Services,227.1,,,,72.05,24.08,2.46,19.21,14.8
Asi Industries,Minerals & Mining,244.73,-16.06,27.69,11.95,7.01,9.88,0.04,-2.56,9.4
Asia Capital,Finance,6.84,,,,6.01,6.44,0,-57.89,40.26
Asia Pack,Textiles & Apparels,10.8,-54,5.31,17.15,0.77,0.62,0,162.5,23.48
Asian Energy,Oil,1313.06,17.02,73.45,25.6,12.45,16.59,0.24,81.43,28.06
Asian Granito,Consumer Durables,1652.6,61.59,22.36,-9.95,2.1,2.17,0.2,11.62,31.98
Asian Hotels (E),Leisure Services,278,24.59,14.32,20.89,7.36,11.76,1.55,10.08,115.35
Asian Hotels (N),Leisure Services,1235.08,-21.02,58.94,32.4,-40.98,6.66,3.38,6.26,
Asian Paints,Consumer Durables,227924.58,9.01,-5.78,0.12,20.59,25.72,0.18,1.22,55.86
Asian Petroprod.,Chemicals & Petrochemicals,21.24,-6.79,-10.31,32.85,-26.79,-16.51,0.58,777.04,124.94
Asian Star Co.,Consumer Durables,970.01,-17.79,-4.02,-6.21,2.89,4.2,0.32,-3.16,26.69
Asian Tea & Exp,Commercial Services & Supplies,24.62,-30.44,-8.08,-7.09,0.2,2.69,0.16,44.07,
Asian Warehous.,Other Consumer Services,12.99,-15.31,,,0.23,1.58,0.25,91.04,185.57
Asit C Mehta Fin,Capital Markets,95.65,-0.77,3.06,22.11,-10.09,5.41,4.36,33.04,
ASK Automotive,Auto Components,8188.32,14.33,,,26.63,27.58,0.53,9.77,28.89
ASM Technologies,IT - Software,3461.12,102.49,82.83,72.89,16.85,19.3,0.18,132.04,56.7
Aspinwall & Co,Transport Services,168.54,-14.13,1.49,5.24,7.79,8.84,0.44,15.84,30.31
Aspira Pathlab,Healthcare Services,58.67,-21.92,16.65,14.87,33.63,17.37,0.22,20.9,39.91
Aspire & Innovat,Consumer Durables,19.35,-52.95,,,9.03,10.72,0.02,-58.74,7.36
Assam Entrade,Finance,129.44,24.04,42.57,56.55,4.74,6.39,0.03,-9.26,28.26
Assoc.Alcohols,Beverages,1533.61,-25.55,31.08,18.04,17.27,20.01,0.13,-4.86,17.57
Associated Cera.,Other Construction Materials,39.26,-8.79,142.28,,9.55,10.78,0.08,13.8,15.58
Associated Coat.,Industrial Products,14.5,-12.8,,,25.12,32.62,0.01,10.78,12.72
Asston Pharmaceu,Pharmaceuticals & Biotechnology,72.36,,,,41.85,36.62,0.1,56.21,13.58
Astal Lab,Pharmaceuticals & Biotechnology,323.37,-5.72,37.21,54.33,30.1,34.78,0.29,161.34,33.1
Astec Lifescienc,Fertilizers & Agrochemicals,1389.74,-13.49,-23.23,-9.51,-45.29,-12.86,0.89,-1.56,
Aster DM Health.,Healthcare Services,33916.2,62.45,44.05,35.49,8.26,10.68,0.46,8.5,94.14
Astonea Labs,Pharmaceuticals & Biotechnology,166.6,,,,35.35,17.3,0.73,21.63,35.91
Astra Microwave,Aerospace & Defense,9196.37,59.55,53.85,51.53,14.43,18.72,0.24,8.54,57.31
Astral,Industrial Products,44808.16,24.73,5.33,6.18,14.89,19.71,0.07,6.67,86.97
Astrazeneca Phar,Pharmaceuticals & Biotechnology,22122.5,32.1,37.82,20.69,23.63,33.4,0.04,34.49,106.34
Astron,Food Products,17.09,,,,24.69,25.21,0.41,30.93,7.4
Astron Paper,"Paper, Forest & Jute Products",18.88,-67.96,-44.54,-37.77,-47.56,-20.33,0.94,-97.92,
Atal Realtech,Realty,312.29,112.65,24.36,58.6,6.74,10.81,0.24,35.22,80.07
Atam Valves,Industrial Manufacturing,73.27,-30.82,-24.75,28.35,18.6,20.27,0.34,-22.42,19.86
ATC Energies,Electrical Equipment,57.6,,,,18.67,19.27,0.25,-12.34,9.26
Aten Papers,"Paper, Forest & Jute Products",21.84,,,,66.54,43.87,0.04,43.27,4
Atharv Enter,Finance,6.77,44.2,13.25,32.08,0.95,1.22,0.03,15,33.85
Athena Construc.,Realty,3.1,-47.66,-44.53,,-10.72,-3.6,1.12,-100,
Athena Global,IT - Software,104.76,4.27,14.14,12.15,-10.46,-2.5,0.59,-35.8,
Ather Energy,Automobiles,27180.23,,,,-156.5,-65.71,0.16,50.94,
Atishay,IT - Software,190.57,21.31,76.18,41.46,15.43,20.35,0.1,4.79,24.65
Atlanta Electric,Electrical Equipment,7200.22,,,,40.8,50.2,0.46,43.41,46.1
Atlantaa,Construction,330.4,18.23,51.75,38,23.1,4.62,1.53,-48.94,
Atlas Cycles,Consumer Durables,59.22,-10.9,,23.57,2.3,2.27,0.02,-21.31,
Atmastco Ltd,Construction,366.57,-32.14,,,16.78,21.85,0.62,-5.14,21.35
Atul,Chemicals & Petrochemicals,19649.43,25.7,-2.1,0.25,9.1,12.81,0.03,13.31,33.07
Atul Auto,"Agricultural, Commercial & Construction Vehicles",1375.91,12.54,11.87,19.09,4.99,6.48,0.32,18.3,38.62
ATV Projects,Industrial Manufacturing,170.4,2.62,58.22,48.99,3.66,2.96,0.18,-9.22,22.25
Atvo Enterprises,Textiles & Apparels,207.44,75.16,115.41,101.07,0.96,1.43,0,7.71,1152.44
AU Small Finance,Banks,71668.6,69.41,16.16,10.79,14.19,8.4,7.87,22.33,30.98
Auri Grow India,Industrial Manufacturing,38.38,-67.9,-41.52,-32.16,8.55,7.95,0.14,-32.61,11.49
Aurionpro Sol.,IT - Software,4911.1,-34.74,72.32,85.56,15.3,18.07,0.02,27.41,24.1
Auro Impex,Industrial Products,35.38,-49.12,,,10.43,10.63,0.94,1.53,9.29
Auro Labs.,Pharmaceuticals & Biotechnology,181.96,33.89,64.49,26.47,4.28,,1.01,,82.71
Aurobindo Pharma,Pharmaceuticals & Biotechnology,70881.03,15.32,38.07,6.91,11.08,14.18,0.22,7.31,20.07
Aurum Proptech,IT - Services,1290.56,5.58,14.97,17.24,-14.61,-2.83,0.58,32.73,
Ausom Enter.,Consumer Durables,132.65,20.43,15.75,14.56,14.59,16.32,0,37.97,4.47
Austere Sys.,IT - Software,50.3,,,,31.74,42.31,0.01,0.27,10.7
Austin Engg Co,Industrial Manufacturing,41.19,-20.89,-2.46,22.73,6,8.04,0.01,14.61,9.09
Australian Prem,Electrical Equipment,618.11,-27.2,,,57.82,70.83,0.23,139.26,11.41
Authum Invest,Finance,40919.93,70.92,133.87,129.37,34.14,30.85,0.17,-7.82,11.24
Auto Pins (I),Auto Components,92.28,60.1,28.9,,3.92,8.78,0.6,-21.67,242.84
Auto.Corp.of Goa,Auto Components,1017.07,61.41,28.38,29.35,19.72,20.16,0.34,43.47,14.99
Autoline Industr,Auto Components,343.04,7.88,2.48,18.87,14.94,14.21,1.54,11.76,23.84
Automotive Axles,Auto Components,3091.05,24.84,-3.94,11.87,16.58,22.32,0.01,-0.78,18.74
Automotive Stamp,Auto Components,749.07,0.04,16.78,65.84,2332.35,24.15,7.18,0.41,36.68
Autoriders Intl.,Transport Services,150.06,816.45,,,19.99,19.48,0.34,15.78,15.42
Avadh Sugar,Agricultural Food & other Products,746.19,-0.27,-4.6,13.85,8.24,9.19,0.56,4.85,9.91
Available Fin.,Finance,144.74,-29.39,4.31,55.8,9.15,0.03,0,5.36,1.21
Avalon Tech,Electrical Equipment,6804.07,53.39,,,10.35,12.76,0.25,50.81,70.82
Avana Electrosystems,Electrical Equipment,156.25,,,,47.11,49.55,0.26,16.04,18.8
Avance Tech.,IT - Software,223.96,76.56,204.56,,1.4,1.81,0.31,-22.94,149.31
Avantel,Aerospace & Defense,3809.01,36.16,78.1,86.18,28.12,37.06,0.09,-13.79,233.4
Avanti Feeds,Food Products,17477.59,85.2,51.68,21.48,19.53,23.99,0,8.54,27.63
Avasara Finance,Finance,24.47,-14.29,14,26.13,-20.18,-20.18,0,-100,
Avax Apparels,Textiles & Apparels,32.36,232.87,,,33.4,43.81,0.3,55.76,16.77
Aveer Foods,Food Products,218.67,-23.4,-0.43,,17.35,17.39,0.29,26.05,53.6
Avenue Super.,Retailing,250376.06,13.03,3.81,5.76,13.44,17.95,0.07,15.37,87.4
AvenuesAI,Financial Technology (Fintech),5778.08,2.03,7.12,-4.95,6.47,8.65,0.02,91.27,23.23
AVG Logistics,Transport Services,221.89,-41.73,-6.54,28.54,9.57,12.61,1.08,1.48,10.79
Avi Ansh,Textiles & Apparels,159.34,17.53,,,6.18,6.85,0.69,-5.59,112.21
AVI Polymers,Chemicals & Petrochemicals,187.52,261.71,46.57,56.25,15.59,19.42,0,202175,18.66
AVI Products,Commercial Services & Supplies,13.58,74.81,18.16,34.95,0.85,1.97,0.1,-34.22,
Avishkar Infra,Realty,1404.46,932.78,177.77,133.56,148.05,13.28,1.48,,811.83
Aviva Industries,Commercial Services & Supplies,121.13,82.9,28.16,39.14,-2.93,-2.35,0.3,20937.5,130.25
Avonmore Capital,Finance,411.99,-16.76,30.23,46.14,8.59,10.55,0.07,5.87,17.91
AVP Infracon,Construction,246.05,-47.27,,,30.2,26.24,1.14,101.19,5.66
Avro India,Consumer Durables,184.76,-11.08,1.61,62.05,,,0.27,,51.04
AVT Natural Prod,Agricultural Food & other Products,984.31,15.6,-9.96,7.68,9.89,12.84,0.19,22.76,17.23
AWFIS Space,Commercial Services & Supplies,2091.84,-55.24,,,26.07,12.9,2.91,29.35,35.66
AWL Agri Busine.,Agricultural Food & other Products,24576.92,-23.18,-20.73,,13.86,20.89,0.11,21.85,25.63
Axel Polymers,Industrial Products,50.29,11.49,-0.57,27.53,1.13,7.88,2.09,-56.35,30.3
Axis Bank,Banks,429969.7,36.27,16.95,13.69,16.3,7.11,7.4,4.53,16.38
Axis Solution,IT - Software,768.69,,,106.04,39.84,30.37,0.4,39.85,27.99
AXISCADES Tech.,Aerospace & Defense,6009.41,98.25,67.34,95.85,12.67,13.76,0.37,13.29,54.77
Axita Cotton,Textiles & Apparels,314.79,-10.05,-32.81,41.32,0.94,2.35,0.34,-38.79,131.71
Axtel Industries,Industrial Manufacturing,645.95,-9.5,25.19,4.65,14.45,19.76,0,-1.2,26.09
Aye Finance,Finance,2937.97,,,,11.98,12.7,2.75,40.33,17.16
AYM Syntex,Textiles & Apparels,1162.54,2.05,47.89,31.25,2.53,8.36,0.41,-9.47,
Azad Engineering,Electrical Equipment,11064.14,34.5,,,8.58,12.23,0.2,32.36,89.91
Azad India,Industrial Products,495.11,-4.12,45.89,37.06,0.08,-0.28,0.01,,467.08
Aztec Fluids,IT - Hardware,130.22,13.77,,,18.44,22.3,0.19,11.21,19.88
B & A,Agricultural Food & other Products,119.24,-20.49,12.52,19.03,6.02,8.96,0.53,9.03,20.96
B & A Packaging,Industrial Products,80.53,-34.77,-4.49,35.8,12.55,17.55,0.08,5.65,10.96
B C C Fuba India,IT - Hardware,256.44,55.16,93.19,69.39,17.41,18.72,0.57,48.72,52.33
B H E L,Electrical Equipment,92257.27,47.88,53.82,40.26,2.12,4.87,0.45,10.36,113.3
B J Duplex Board,"Paper, Forest & Jute Products",41.35,40.47,,,,,,,
B N Rathi Sec.,Finance,63.96,-44.89,20.94,25.61,14.11,20.12,0,-9.57,8.91
B P C L,Petroleum Products,167206,62.41,34.63,11.11,17.31,16.22,0.56,0.48,6.69
B P Capital,Finance,6.21,68.79,13.42,36.37,-3.49,-2.87,0.25,,
B-Right Real,Realty,780.01,116.64,61.36,,1.58,5.08,1.07,86.96,165.85
B. D. Industries,Industrial Products,150.63,,,,43.89,45.54,0.14,51.85,19.79
B.A.G. Converge.,Entertainment,239.77,,,,64.19,89.63,0,19.08,21.22
B.C. Power,Industrial Products,12.28,-45.85,-27.92,-19.17,1.92,3.9,0.01,26.74,6.9
B.L.Kashyap,Construction,1168.23,4.5,22.27,29.28,2,8.08,0.59,9.08,131.11
B.R.Goyal Infra.,Construction,223.95,-8.43,,,14.08,17.89,0.31,13.09,6.37
B&B Triplewall,Industrial Products,363.85,8.69,-6.76,21.14,-4.79,2.98,1.87,31.46,37.43
B2B Soft.Tech.,IT - Software,45.44,59.52,15.6,23.48,12.29,15.2,0,30.47,14.75
Baazar Style,Retailing,2276.95,45.38,,,7.05,8.94,1.91,40.9,88.84
Baba Arts,Entertainment,76.65,76.54,1.26,8.97,5.53,7.44,0,278.81,77.42
Baba Food,Food Products,41.22,-47.34,,,7.05,6.76,1.2,20.64,12.76
Bacil Pharma,Pharmaceuticals & Biotechnology,69.4,19.44,94.31,55.78,-0.98,-0.97,0,,93.78
Bafna Pharma.,Pharmaceuticals & Biotechnology,251.11,44.25,4.14,-2.54,7.69,8.34,0.36,-0.51,21.93
BAG Films,Entertainment,100.94,-25.98,4.26,13.56,4.2,6.47,0,10.88,16.1
Baheti Recycling,Industrial Products,619.05,48.95,86.53,,35.63,21.82,2.97,21.35,30.56
Bai-Kakaji Poly.,Consumer Durables,392.98,,,,41.23,26.38,2.03,10.55,21.39
Baid Finserv,Finance,166.59,7.35,-32.59,30.26,7.75,11.25,1.43,25.78,9.82
Bajaj Auto,Automobiles,278729.22,26.19,38.77,21.19,22.77,28.06,0.58,15.66,31.17
Bajaj Consumer,Personal Products,5160.73,154.02,35.46,9.94,15.7,19.06,0.03,14.07,32.75
Bajaj Electrical,Consumer Durables,4209.37,-39.54,-28.93,-16.74,7.12,11.61,0.13,-5.53,111.83
Bajaj Finance,Finance,619696.97,16.75,17.4,13.59,19.22,11.35,3.85,19.99,34.03
Bajaj Finserv,Finance,319053.64,6.47,14.04,15.32,13.39,11.03,5.13,15.38,32.52
Bajaj Healthcare,Pharmaceuticals & Biotechnology,1041.14,-45.38,-0.56,6.69,10.69,11.44,0.49,17.32,19.9
Bajaj Hindusthan,Agricultural Food & other Products,2064.21,-13.21,7.25,20.92,-0.54,1.15,0.87,-9.36,
Bajaj Holdings,Finance,120237.72,-6.66,19.67,24.62,11.01,9.82,0,-34.08,16.35
Bajaj Housing,Finance,72524.64,-19.95,,,13.46,9.55,4.44,18.76,29.15
Bajaj Steel Inds,Industrial Manufacturing,864.66,-32.95,18.16,37.07,17.87,21.29,0.12,-7.31,16.42
Bajel Projects,Electrical Equipment,1868.68,-0.97,,,2.5,12.11,0.16,13.09,117.6
Bal Pharma,Pharmaceuticals & Biotechnology,119.85,-14.62,2.7,6.95,9.66,10.1,1.98,-2.02,14.76
Balaji Amines,Chemicals & Petrochemicals,3523.28,-15.92,-20.86,-8.39,8.83,11,0.02,-5.17,24.46
Balaji Phos.,Fertilizers & Agrochemicals,319.8,,,,13.77,16.2,0.46,26.31,27.5
Balaji Telefilms,Entertainment,1316.44,102.47,34.95,12.37,15.8,-1.35,0.04,-56.04,22.38
Balaxi Pharma,Pharmaceuticals & Biotechnology,108.92,-62.98,-43.03,-29.53,11.61,12.95,0.24,-0.14,11.53
Balgopal Commer.,Commercial Services & Supplies,340.47,40.91,86.84,126.57,12.54,14.42,0.16,-98.79,
Balkrishna Inds,Auto Components,46084.88,-8.86,5.14,8.51,15.78,16.67,0.35,2.56,35.12
Balkrishna Paper,"Paper, Forest & Jute Products",54.19,-13.21,-7.66,5.17,,,,148.65,
Balmer Law. Inv.,Finance,1609.08,18,25.94,12.07,13.15,17.19,0.17,3.91,9.33
Balmer Lawrie,Diversified,3101.5,21.65,16.3,7.62,13.97,14.82,0.12,3.91,11.61
Balrampur Chini,Agricultural Food & other Products,9503.79,5.93,9.11,21,10.96,10.16,0.2,15.43,21.21
Balu Forge,Industrial Products,5712.31,1.8,78.66,17.7,25.38,31.26,0.07,36.6,22.33
Balurghat Tech,Transport Services,24.59,-31.39,5,11.05,12.73,12.99,1.44,41.57,
Bambino Agro Ind,Food Products,167.65,-28.52,-14.25,2.12,9.47,11.94,0.8,10.35,15.79
BAMPSL Sec.,Finance,67.46,29.04,34.64,56.37,3.48,4.69,0,25.96,34.07
Banaras Beads,Consumer Durables,80.69,1.38,16.1,16.38,5.61,7.76,0.27,-20.81,42.69
Banas Finance,Finance,58.76,-21.53,-10.76,12.56,-15.96,-22.62,0,-28.4,
Banco Products,Auto Components,8910.51,97.07,75.73,51.85,32.18,32.36,0.45,19.94,18.65
Bandaram Pharma,Healthcare Services,53.02,-36.52,5.14,,7.94,7.67,1.71,7.73,135.95
Bandhan Bank,Banks,29316.46,28.89,-8.19,-11.67,11.88,7.82,6.76,-0.04,29.1
Bang Overseas,Textiles & Apparels,56.3,-16.94,1.21,8.79,-2.46,-1.98,0.35,20.71,10.91
Banganga Paper,Commercial Services & Supplies,717.13,-46.8,41.81,,23.66,26.95,0.48,126.62,379.43
Bank of Baroda,Banks,166492.01,63.37,25.11,31.03,15.53,6.29,10.45,4.67,8.55
Bank of India,Banks,80149.72,85,33.47,16.83,12.35,6.17,11.54,7.87,7.86
Bank of Maha,Banks,57502.06,61.09,41.3,26.31,22.81,5.72,10.54,19.31,8.88
Banka Bioloo,Construction,62.96,-10.02,-8.4,-5.18,-24.18,-7.61,1.06,-2.52,
Bannari Amm Spg.,Textiles & Apparels,183.82,-29.03,-15.64,-11.19,1.82,4.49,0.96,-3.84,11.02
Bannari Amm.Sug.,Agricultural Food & other Products,4521.06,10.86,9.08,14.97,6.04,8.68,0.01,23.72,31.95
Bansal Roofing,Industrial Products,157.67,42.04,24.79,55.87,18.24,22.39,0.05,51.72,17.7
Bansal Wire Inds,Industrial Products,4110.38,-22.23,,,17.11,16.44,0.44,21,26.49
Bansisons Tea,Agricultural Food & other Products,10.04,169.27,17.33,24.99,-1.01,-1.01,0,,
Banswara Syntex,Textiles & Apparels,393.05,-8.5,-5.03,13.94,4,7.39,0.9,2.69,15.37
Barak Valley,Cement & Cement Products,93.52,16.48,18.99,19.59,4.21,8.95,0.29,-3.7,4676
Barflex Polyfilm,Industrial Products,148.37,29.06,,,10.12,13.34,0.07,-11.5,12.37
Baroda Extrusion,Industrial Products,179.61,18.46,60.62,67.06,,23.98,0.28,17.53,29.69
Baroda Rayon,Realty,252.6,-24.41,-21.53,,7.46,5.04,0.5,109.7,8.08
Baron Infotech,IT - Software,1.61,43.64,35.86,35.18,,-7.55,,-100,
Bartronics India,IT - Services,311.58,-29.35,15.73,33.09,0.91,1.42,0.01,80.25,78.09
Basant Agro Tech,Fertilizers & Agrochemicals,94.07,-22.71,-15.95,8.57,2.36,6.52,0.72,25.17,15.94
BASF India,Chemicals & Petrochemicals,14942.64,-19.46,14.16,12.7,13.73,18.02,0.04,-3.21,38.69
Basilic Fly Stud,Entertainment,545.09,-26.37,,,24.79,31.23,0.21,228.51,10.04
Bata India,Consumer Durables,10140.82,-35.39,-17.77,-11.69,15.59,15.14,0.9,-0.64,52.82
Batliboi,Industrial Manufacturing,416.07,-1.84,8.11,47.67,6.84,8.27,0.4,5.97,35.68
Baweja Studios L,Entertainment,56.66,-46.98,,,8.29,11.19,0.29,36.45,8.36
Bayer Crop Sci.,Fertilizers & Agrochemicals,20998.74,-1.2,3.01,-1.64,19.96,24.8,0.03,7.7,31.32
Bazel Internatio,Finance,18.03,-26.93,10.2,,2.13,2.3,0.39,-71.05,14.78
BCL Enterprises,Finance,6.18,-32.91,-24.26,-1.44,5.32,5.13,0.05,-75.6,123.6
BCL Industries,Beverages,845.35,-20.93,-11.89,21.67,12.99,13.24,0.78,9.01,7.22
BCPL Railway,Construction,108.89,-5.6,14.39,-4.23,7.29,7.67,0.76,110.93,14.7
BDH Industries,Pharmaceuticals & Biotechnology,231.78,52.71,49.35,33.44,14.16,17.82,0,11.79,22.22
Beacon Trust.,Capital Markets,144.79,17.52,,,17.84,24.45,0,43.71,23.85
Beardsell,Industrial Products,100.17,-16.09,4.67,22.41,12.91,15.56,0.36,6.86,11.23
Bedmutha Indus.,Industrial Products,433.4,-13.11,35.62,41.9,18.01,16.67,1.52,31.67,
Beekay Steel Ind,Industrial Products,788.92,-12.49,1.04,6.62,6.33,7.52,0.28,16.78,12.71
Beeyu Overseas,Commercial Services & Supplies,3.11,-39.73,-4.55,23.05,-66.67,-50,0,,
Beezaasan Exp.,Chemicals & Petrochemicals,299.12,,,,18.94,21.11,0.22,9.98,23.95
Befound Movement,Commercial Services & Supplies,3.12,10.64,5.99,9.19,,3.74,,374.03,4.52
Bella Casa Fashi,Textiles & Apparels,372.44,-39.06,35.8,17.35,13.47,17.21,0.5,21.79,18.72
Belrise Industri,Auto Components,16705.7,,,,14.09,14.3,0.29,22.38,34.72
Bemco Hydraulics,Industrial Manufacturing,362.25,13,44.77,43.87,19.89,23.73,0.21,10.31,24.59
BEML Land Assets,Finance,781.58,-0.14,,,-125.84,-100,,,
BEML Ltd,"Agricultural, Commercial & Construction Vehicles",14000.88,36.97,40.13,28.93,10.46,15.56,0.24,8.38,56.21
Benara Bearings,Industrial Manufacturing,17.6,-43.2,-6.96,-2.81,-439.26,-13.1,,-22.46,
Benares Hotels,Leisure Services,1235.59,-12.87,41.59,48.92,28.29,37.33,0.02,14.55,28.06
Benchmark Comp.,IT - Services,17.5,-31.06,,,6.44,8.11,0.06,30.67,7.99
Bengal & Assam,Finance,7167.41,-4.92,19.42,34.37,7.64,4.22,0.05,6.49,8.43
Bengal Tea & Fab,Agricultural Food & other Products,141.39,1.29,30.61,31.13,55.33,5.22,0.04,-1.88,14.04
Berger Paints,Consumer Durables,53179.72,-6.64,-1.95,-5.3,20.26,24.9,0.11,3.13,47.46
Bervin Invest.,Finance,31.26,-14.45,16.99,39.59,-2.91,-0.55,0.47,-97.6,
Beryl Drugs,Pharmaceuticals & Biotechnology,10.24,-17.42,16.56,25.4,6.3,10.15,0.45,-7.21,1024
Beryl Securities,Finance,10.99,-22.5,25.39,34.66,2.64,4.09,0.46,116.45,1099
Best Agrolife,Fertilizers & Agrochemicals,572.79,-6.43,-40.09,-11.18,9.95,12.86,0.54,-17.91,23.65
Best Eastern Hot,Leisure Services,20.2,-12.1,-38.28,-9.64,0.43,4.82,1.37,-7.46,
Beta Drugs Ltd,Pharmaceuticals & Biotechnology,1066,-33.06,18.24,55.36,25.86,27.04,0.66,15.2,24.75
Betex India,Textiles & Apparels,56.57,1.97,72.84,53.89,5.98,9.56,0.11,0.41,13.6
BEW Engg,Industrial Manufacturing,134.66,-34.39,-12.26,,11.7,12.19,0.44,60.26,10.89
BF Investment,Finance,1511.3,-5.35,-0.29,7.19,3.39,4.62,0,34.79,9.19
BF Utilities,Transport Infrastructure,1903.9,-17.39,13.65,12.14,10.23,12.8,0.06,5.27,237.69
BFL Asset Finves,Finance,10.01,-29.93,-16.94,-36.09,8.12,9.4,0.06,33.59,
BGIL Films & Tec,Entertainment,13.53,63.34,,,-0.88,0.34,0.1,,
BGR Energy Sys.,Construction,2342.73,315.26,81.16,47.28,,-25.01,,-22.9,
Bhadora Indust.,Industrial Products,119.88,,,,69.41,57.48,0.13,35.21,11.8
Bhagawati Gas,Chemicals & Petrochemicals,1.44,,,,0.96,7.22,0.25,10.53,
Bhagawati Oxygen,Chemicals & Petrochemicals,9.47,-13.73,-0.06,20.4,-10.63,-6.68,0.16,-48.45,67.64
Bhageria Indust.,Chemicals & Petrochemicals,672.95,-1.1,6.29,-1.6,6.35,8.07,0.13,32.27,13.46
Bhagiradha Chem.,Fertilizers & Agrochemicals,2623.34,-30.08,24.29,44.76,2.53,5.19,0.27,16.63,198.44
Bhagwati Auto,Auto Components,157.22,49.56,26.49,35.13,13.53,17.64,0.22,23.45,12.45
Bhagyanagar Ind,Non - Ferrous Metals,479.61,99.68,47.09,25.21,5.7,8.28,1.63,32.65,13.23
Bhakti Gems,Consumer Durables,57.33,180.71,42.41,-14.85,2.85,4.39,0.14,-38.64,73.5
Bhandari Hosiery,Textiles & Apparels,121.42,-35.4,-8.01,5.21,6.1,9.04,0.65,0.49,14.23
Bhanderi Infra.,Realty,41.55,14.86,,,5.01,3.87,1.57,42.71,36.45
Bhansali Engg.,Chemicals & Petrochemicals,2025.46,-18.76,5.56,-2.49,18.7,25.34,0,-6.89,12.05
Bharat Agri Fert,Fertilizers & Agrochemicals,140.12,-43.62,-37.92,10.71,1.84,4.45,1.55,0.09,
Bharat Bhushan,Finance,17.1,-5.14,23.75,21.77,-0.55,-0.59,0,26.56,51.82
Bharat Bijlee,Electrical Equipment,2765.87,-1.92,23.78,33.95,7,9.66,0.09,13.68,21.1
Bharat Coking,Consumable Fuels,15247.02,,,,20.99,28.92,0.04,-3.11,19.33
Bharat Dynamics,Aerospace & Defense,46377.49,29.71,37.83,47.12,14.38,19.66,0,54.35,79.97
Bharat Electron,Aerospace & Defense,325065.86,80.59,66.1,55.67,29.22,38.88,0,14.46,54.51
Bharat Forge,Auto Components,91372.3,88.02,32.37,25.31,11.58,12.18,0.71,4.55,78.25
Bharat Gears,Auto Components,163.95,45.23,-3.43,16.31,-11.79,1.88,0.64,16.37,12.47
Bharat Global,IT - Hardware,1007.53,-91.95,,,11,11.29,0.42,-74.04,313.87
Bharat Immunolog,Pharmaceuticals & Biotechnology,77.72,-22.55,-7.81,-22.64,-17.67,-9.27,0.94,-89.99,
Bharat Parenter.,Pharmaceuticals & Biotechnology,787.41,31.31,49.05,26.33,-4.71,-4.38,0.39,14.98,
Bharat Rasayan,Fertilizers & Agrochemicals,2510.28,-38.19,-11.31,-10.28,11.09,14.33,0.08,5.46,17.69
Bharat Road,Construction,163.37,-46.6,-13.58,-10.16,53.67,15.12,1.05,-69.69,5.7
Bharat Seats,Auto Components,1193.64,180.67,63.61,36.61,18.04,15.65,0.64,50.73,28.85
Bharat Textiles,Commercial Services & Supplies,18.48,74.5,,,13.13,5.92,5.08,-6.55,11.07
Bharat Wire,Industrial Products,1222.86,25.04,19.47,32.93,22.91,13.38,0.13,4.41,15.95
Bharatiya Glob.,IT - Services,4.69,-21.9,0.11,20.81,-5.35,-1.77,0.04,733.33,
BharatRohan Air.,Agricultural Food & other Products,289.98,,,,36.1,32.45,0.05,48.65,26.83
Bharti Airtel,Telecom - Services,1071596.65,19.69,35.81,29.18,23.18,13.48,1.77,25.05,34.98
Bharti Hexacom,Telecom - Services,80345,23.19,,,25.15,17.44,1.06,13.56,45.59
Bhartiya Intl.,Consumer Durables,1016.11,53.46,56.61,38.67,3.75,8.85,1.04,32.93,27.37
Bhaskar Agrochem,Fertilizers & Agrochemicals,64.96,57.31,22.43,36.31,24.71,21.26,0.74,48.88,10.06
Bhatia Colour,Chemicals & Petrochemicals,255.22,-22.5,63.87,,5.17,7.73,0.09,14.63,52.73
Bhatia Communic.,Retailing,283.86,-9.16,0.39,25.7,17.88,21.81,0.34,21.31,18.74
Bhavik Enterpris,Chemicals & Petrochemicals,285.01,,,,5.97,8.33,0,6.71,84.07
Bhilwara Spinner,Textiles & Apparels,102.17,-11.42,42.5,55.28,2.99,2.39,2.18,153.97,
Bhilwara Tech,Textiles & Apparels,217.5,-7.68,38.91,43.94,4.1,4.4,0,91.2,189.13
Bhudevi Infra,Realty,122.99,65.13,231.45,,39.52,10.03,130.43,-88.18,
BIGBLOC Const.,Cement & Cement Products,759.27,-16.76,-7.92,30.19,8.02,6.63,1.51,14.51,
Bihar Sponge,Ferrous Metals,107.34,-2.78,8.03,46.89,,11.38,,10.85,7.99
Bijoy Hans,Commercial Services & Supplies,39.45,,,,-12.14,-10.6,0,-100,
Bikaji Foods,Food Products,15991.57,0.63,21.05,,15.48,18.16,0.21,9.98,64.07
Bikewo Green,Automobiles,26.09,8.7,,,2.39,4.04,0.03,21.09,29.99
BIL Vyapar,Finance,21.3,-42.16,-20.96,,,,,,
Bilcare,Healthcare Services,137.2,5.2,2.84,0.49,-5.58,1.1,1.48,-6.82,
Billionbrains,Capital Markets,100932.13,,,,49.92,62.57,0.05,45.37,62.53
Billwin Indust.,Diversified,11.37,-13.65,-0.2,1.16,7.08,9.09,0.09,86.91,18.95
Bimetal Bearings,Auto Components,214.65,3.99,11.85,10.51,4.78,5.42,0,13.16,21.36
Binayaka Tex Pr,Textiles & Apparels,148.35,20.75,40.71,26.16,2.94,7.02,0.46,12.03,30.65
Bindal Exports L,Consumer Durables,11.68,,6.35,37.26,2.01,6.53,0,-7,37.68
Binny Mills,Commercial Services & Supplies,84.21,,49.38,36.24,,,,-2.83,
Biocon,Pharmaceuticals & Biotechnology,63182.98,28.88,19.72,-0.3,4.76,6.25,0.62,13.99,76.95
Biofil Chemicals,Pharmaceuticals & Biotechnology,52.13,-27.59,-10.74,-18.74,3.03,4.12,0,-27.5,18.82
Biogen Pharma,Finance,60.47,-32.32,-1.45,27.35,-0.39,-0.39,0,95.65,24.29
Biopol Chemicals,Chemicals & Petrochemicals,103.35,,,,38.17,38.18,0.57,181.87,23.81
Birla Cable,Telecom -  Equipment & Accessories,441,5.41,3.81,19.29,1.98,5.14,0.41,4.87,58.8
Birla Corpn.,Cement & Cement Products,7705.62,2.88,5.3,2.94,4.79,7.08,0.45,6.41,13.49
Birla Precision,Industrial Manufacturing,228.62,-5.88,-0.07,29.11,3.85,6.92,0.27,5.25,18.48
BirlaNu Ltd,Consumer Durables,1136.79,-14.09,-13.35,-12.83,-7.25,-2.58,0.88,3.13,
Birlasoft Ltd,IT - Software,10903.54,-8.01,12.09,11.6,15.59,20.95,0.04,-2.63,22.34
BITS,IT - Software,91.4,-32.65,,,1.12,1.12,0,25.23,172.45
Bizotic Commer.,Textiles & Apparels,908.71,1070.31,,,7.61,11.36,0.13,33.81,83.91
BKV Industries,Food Products,13.5,-28.3,1.82,20.15,0,0.22,0,0,
Black Box,IT - Services,9095.24,43.11,72.33,21.7,44.23,29.75,1.15,4.62,33.46
Black Rose Indus,Chemicals & Petrochemicals,415.55,-20.82,-16.01,-9.17,14.17,18.97,0.05,-23.46,21.79
Blackbuck,Transport Services,10586.05,37.85,,,47.3,10.52,0.01,46.59,27.29
BLB,Finance,93.78,14.67,-9.9,26.16,3.99,6.58,0,6.66,3.61
Bliss GVS Pharma,Pharmaceuticals & Biotechnology,2243.26,70.35,37.77,3.99,8.36,11.72,0.05,7.19,20.3
Bloom Dekor,Industrial Products,9.32,12.68,4,-4.36,,-13.89,,9.59,
Bloom Industries,Industrial Products,22.58,20.31,3.7,25.07,3.7,7.96,0.51,-13.6,43.42
BLS E-Services,IT - Services,1335.05,-4.17,,,11.04,15.83,0.01,192.16,23.86
BLS Internat.,Leisure Services,11475.22,-17.8,19.71,60.72,34.31,33.62,0.19,47.64,17.82
BLT Logi.,Transport Services,17.48,,,,54.94,31.56,0.55,21.71,10.93
Blu.Coast Hotel.,Leisure Services,36.67,-51.49,45.32,29.98,,-62.61,,,
Blue Chip India,Finance,14.99,-60.5,81.94,61.07,-17.91,-17.91,,-10,
Blue Cloud Soft.,IT - Software,1662.8,-22.47,22.03,35.13,44.47,37.07,0.55,9.88,27.07
Blue Dart Expres,Transport Services,13484.57,-5.25,-3.56,4.24,16.19,16.33,0.66,7.09,46.38
Blue Jet Health,Pharmaceuticals & Biotechnology,7030.55,-46.25,,,30.24,39.75,0.02,20.56,23.95
Blue Pearl Agri,Chemicals & Petrochemicals,2874.21,198.13,137.74,112.53,2.12,2.57,0,106.32,5865.73
Blue Pebble,Other Consumer Services,55.79,-34.24,,,29.4,39.4,0,1.58,27.35
Blue Star,Consumer Durables,39913.94,1.23,39.29,35.15,20.62,26.2,0.33,9.51,74.68
Blue Water,Transport Services,163.35,,,,72.02,41.11,0.64,41.45,8
Bluechip Tex Ind,Textiles & Apparels,24.63,-16.67,-1.92,6.1,-5.3,-4.77,0.11,-11.73,
Bluegod Enterta.,Entertainment,207.56,371.25,107.82,30.66,,,0.14,3594.74,35.97
Bluestone Jewel,Consumer Durables,6640.7,,,,-35.81,-0.57,1.12,39.83,
Bluspring Enter.,Commercial Services & Supplies,758.34,,,,-5.12,4.32,0.35,29.88,
BMW Industries,Industrial Products,786.9,-28.65,2.82,7.15,9.28,11.27,0.26,3.68,11.51
BMW Ventures,Metals & Minerals Trading,536.85,,,,16.54,13.64,1.07,6.39,14.76
BN Agrochem,Commercial Services & Supplies,2498.1,78.67,79.54,70.95,26.05,27.44,0.2,794.93,49.5
BNR Udyog,Commercial Services & Supplies,11.4,-30.26,-0.42,30.38,-5.52,-10.04,0,-51.64,
Bodal Chemicals,Chemicals & Petrochemicals,590.3,-12.41,-9.29,-10.71,2.51,5.51,0.77,11.11,19.49
Bodhi Tree,Entertainment,130.32,-39.73,-30.67,33.86,16.26,22.43,0.32,70.67,19.36
Bodhtree Consul.,IT - Services,47.27,63.91,56.78,1.37,-9.02,-8.1,0.01,-33.3,102.76
Bohra Industries,Fertilizers & Agrochemicals,41.05,-22.53,-43.93,65.75,-6.69,-7.01,0.02,,
Bombay Cycle,Commercial Services & Supplies,68.68,0.7,34.23,31.21,7.48,8.05,0.02,6.87,51.64
Bombay Dyeing,Textiles & Apparels,2338.8,-10.76,19.18,8.2,1.37,2.61,0,-12.51,126.35
Bombay Metrics,Commercial Services & Supplies,45.5,-29.15,-42.69,,25.37,29.41,0.68,7.47,12.17
Bombay Oxygen,Finance,289.8,-11.94,19.93,13.08,3.62,3.89,0,-58.85,18.26
Bombay Super Hyb,Agricultural Food & other Products,942.13,-32.96,-32.87,45.52,28.81,21.16,0.25,-2.85,35.59
Bombay Talkies,Entertainment,23.49,-40.49,-11.75,,-3.14,-3.14,0,-15,
Bombay Wire,Industrial Products,26.43,-5.98,32.33,88.68,-17.14,-7.15,0,,
Bondada Engineer,Telecom - Services,3562.62,-8.14,,,36.24,39.5,0.41,134.12,18.26
Bonlon Industrie,Diversified Metals,60.44,72.3,-10.78,18.81,3.35,5.03,0.5,16.95,27.1
Borana Weaves,Textiles & Apparels,1040.9,,,,60.33,41.21,0.18,34.37,17.85
Borosil,Consumer Durables,2837.68,-23.14,-4.45,8.98,9.32,12.48,0.09,11.3,36.28
Borosil Renew.,Industrial Products,6391.21,-9.27,-1.34,9.87,-8.9,-4.41,0.23,7.27,67.16
Borosil Scienti.,Industrial Products,922.47,-17.29,,,6.87,10.31,0.02,6.91,38.74
Bosch,Auto Components,107430.58,37.22,25.79,19.06,15.55,21.11,0.01,11.31,46.5
Bosch Home Comfort,Consumer Durables,3830.26,-13.21,5.91,-12.41,9.96,13.83,0.38,2.7,118.73
Boss Packaging,Industrial Manufacturing,19.39,3.32,,,16.72,22.69,0.01,34.8,10.89
Boston Commerce,Healthcare Services,3.61,,,,-8.91,-5.89,0.8,,
Bothra Metals,Non - Ferrous Metals,17.74,-28.77,36.7,19.81,2.07,3.75,0.63,25.3,177.4
BPL,Consumer Durables,270.64,-29.37,-2.32,21.35,-8.15,7.85,0.42,1.9,5.37
Brace Port,Transport Services,84.76,-15.45,,,25.73,35.17,0.01,-19.74,14.9
Brady & Morris,"Agricultural, Commercial & Construction Vehicles",190.37,-19.85,62.29,60.34,23.36,25.4,0.12,-8.12,39.09
Brahmaputra Inf.,Construction,488.96,315.95,83.55,61.41,10.95,10.78,0.53,91.15,7.3
Brainbees Solut.,Retailing,11349.19,-42.27,,,-4.07,-0.4,0.35,12.43,
Brand Concepts,Retailing,314.73,-28.16,4.37,61.78,7.13,10.75,2.37,12.71,121.99
Brandman Retail,Consumer Durables,313.31,,,,108.46,115.79,0.4,9.7,14.96
Brawn Biotech,Pharmaceuticals & Biotechnology,6.68,8.64,2.89,-2.15,-41.33,-42.52,0,17.82,
Bridge Securitie,Finance,43.31,0.27,150.35,89.99,65.13,90.26,0,-39.19,62.77
Brigade Enterpr.,Realty,16976.01,-26.71,13.4,18.89,14.92,13.34,0.83,7.22,22.38
Brigade Hotel,Leisure Services,2307.54,,,,,14.13,0.38,16.57,49.32
Bright Brothers,Industrial Products,117.58,-32.5,12.01,20.94,11.51,16.18,0.82,16.81,20.85
Bright Outdoor,Media,895.95,34.8,,,12.31,15.71,0,7.66,44.78
Brightcom Group,IT - Services,2161.19,4.49,-22.09,24.02,8.62,12.32,0,29.92,2.47
Brijlaxmi Leas.,Finance,7.71,33.15,42.07,47.31,30.83,26.53,3.01,214.42,1.84
Brisk Technovisi,IT - Hardware,15,-36.44,,,13.99,18.75,0.01,38.71,26.79
Britannia Inds.,Food Products,144581.19,30.62,11.08,11.96,52.94,52.99,0.59,7.31,59.87
Broach Lifecare,Healthcare Services,8.8,-41.41,,,7.28,9.45,0,13.11,22
Brookfield India,Realty,28544.34,23.34,11.09,,1.53,5.38,0.62,13.4,55.06
Brooks Lab.,Pharmaceuticals & Biotechnology,197.69,-31.59,-10.69,2.72,-12.21,-9.93,0.07,15.45,9.15
BSE,Capital Markets,110259.93,75.27,163.36,111.39,36.04,46.57,0,51.23,50.54
BSEL ALGO,Finance,46.77,-36.25,-1.32,40.11,2.15,2.88,0,-89.13,47.24
BSL,Textiles & Apparels,133.95,-25.3,-8.01,32.72,6.79,7.73,3.66,-0.47,36.7
Bulkcorp Inter.,Industrial Products,37.83,-20.14,,,17.44,21.42,0.31,25.99,9.63
Butterfly Gan Ap,Consumer Durables,1075.84,3.17,-23.31,1.45,10.05,15.04,0.03,8.05,24.23
C C C L,Realty,714.37,10.81,122.58,104.23,-28.3,-0.45,0,41.69,
C D S L,Capital Markets,26588.98,14.83,36.85,32.31,32.7,41.96,0,0.72,55.83
C J Gelatine,Chemicals & Petrochemicals,8.29,5.25,-8.16,4.14,1.8,5.86,5.78,2.31,138.17
C K K Retail,Agricultural Food & other Products,414.18,,,,46.93,62.91,0,29.25,25.69
C P C L,Petroleum Products,14324.53,113.01,59.57,55.62,2.51,4.3,0.22,7.1,6.66
C P S Shapers,Textiles & Apparels,256.28,159.7,,,1.18,4.81,0.7,-5.45,
C.E. Info System,IT - Software,5658.77,-37.88,-2.84,,17.62,24.13,0.01,10.79,42.88
C2C Advanced,Aerospace & Defense,578.37,-9.58,,,21.05,26.17,0.22,180.35,13.52
Cadsys (India),Commercial Services & Supplies,47.31,-36.85,1.68,18.32,-50.51,-16.91,8.84,-34.3,
Calcom Vision,Consumer Durables,113.77,-5.84,-15.64,28.74,3.26,7.21,0.71,46.12,36.46
California Soft.,IT - Software,19.41,12.65,14.72,18.26,4.01,4.41,0.02,70.47,11.22
Callista Indus.,Commercial Services & Supplies,51.18,,,,,-104.13,,,
Cambridge Tech.,IT - Software,55.61,-55.38,-18.43,-2.62,-52.99,-18.79,1.18,-6.71,
Camex,Chemicals & Petrochemicals,33.03,-7.23,7.31,9.55,4.63,9.07,0.13,8.5,20.77
Camlin Fine,Chemicals & Petrochemicals,2841.03,3.56,2.5,2.06,-14.97,11.03,0.76,10.72,1196.79
Campus Activewe.,Consumer Durables,7931.67,-0.42,-14.15,,17.22,20.1,0.48,11.16,56.26
Cams Services,Capital Markets,16796.91,7.79,14.56,12.73,43.94,54.75,0.06,8.34,37.81
Can Fin Homes,Finance,11230.22,46.01,13.5,12.18,18.22,9.34,6.61,8.79,11.53
Canara Bank,Banks,142744.84,94.52,39.67,38.08,17.75,6.79,14.22,5.56,7.07
Canara HSBC,Insurance,13598.3,,,,7.95,8.73,0,-9.56,118.16
Canara Robeco,Capital Markets,5019.34,,,,36.17,47.72,0.03,26.9,25.66
Canarys Automa.,IT - Software,133.55,-9.32,,,10.57,14.36,0.14,87.18,12.22
Candour Techtex,Industrial Products,373.37,72.82,58.01,17.83,2.18,6.53,0.65,-40.83,
Cantabil Retail,Textiles & Apparels,2228.54,9.94,11.77,28.2,20.81,18.17,1.26,17.56,25.03
Capacit'e Infra.,Construction,2054.52,-19.54,23.91,3.54,12.57,18.01,0.23,13.4,10.41
Capfin India,Finance,35.26,-44.43,103.69,84.85,3.5,3.7,0,-76.7,
Capillary Tech.,IT - Software,4077.02,,,,2.56,2.88,0.18,13.93,380.32
Capital India,Finance,1196.63,-6.42,23.44,-0.44,0.3,6.34,1.04,-10.39,
Capital Infra,Construction,2512.87,-31.35,,,-1.62,,1.23,,
Capital Small,Banks,1190.43,-2.07,,,10.38,7.04,7.11,14.26,8.78
Capital Trade Lk,Finance,220.57,-17.92,6.55,41.13,3.63,7.42,1.84,-8,30.98
Capital Trust,Finance,44.09,-74.01,-35.39,-27.41,1.37,12.24,1.34,-45.3,
CapitalNumbers,IT - Software,206.97,-48.27,,,20,26.47,0,5.61,7.69
Caplin Point Lab,Pharmaceuticals & Biotechnology,12922.75,-6.72,37.09,29.49,22.66,25.85,0,10.66,21.06
Capri Global,Finance,15363.67,-0.03,-2.12,12.74,11.76,11.18,2.52,46.41,18.2
Capricorn System,Commercial Services & Supplies,29.06,14.68,31.21,18.38,-28.26,-28.26,0,1194.95,
Caprihans India,Industrial Products,112.6,-41.4,-9.39,-1.78,-18.92,0.78,1.76,-5.46,
Caprolactam Chem,Chemicals & Petrochemicals,33.4,55.95,2.7,23.77,-13.68,-0.48,1.7,38.57,69.58
Captain Pipes,Industrial Products,145.19,-38.76,-27.37,68.29,19.89,,0.71,,14.62
Captain Polyplas,Industrial Products,435.94,-17.78,56,11.05,15.41,16.37,0.48,27.81,18.84
Captain Techno.,Industrial Manufacturing,406.35,-29.15,44.92,69.25,25.03,29.96,0.48,50.34,36.54
Carborundum Uni.,Industrial Products,15680,-1.01,-5.47,9.24,10.85,16.12,0.08,3.01,64.94
CARE Ratings,Capital Markets,4844.21,43.72,35.42,28.04,18.02,24.55,0.03,18.08,30.1
Career Point Edu,Other Consumer Services,368.17,,,,39.1,48.34,0.01,6.29,17.35
Cargosol Logist.,Transport Services,25.56,25.3,-20.67,,0.62,7.01,1.33,-24.44,23.24
Cargotrans Marit,Transport Services,72.31,108.78,16.58,,18.24,23.64,0.67,44.54,15.89
Carnation Inds.,Industrial Products,28.68,,171.18,69.1,,392.11,6.99,-100,
Carraro India,Auto Components,2962.53,61.78,,,19.97,21.84,0.34,19.3,25.46
Cartrade Tech,Retailing,8616.51,17.82,56.9,,6.24,7.59,0.06,20.8,42.06
Carysil,Consumer Durables,2547.6,73.85,16.36,22.67,14.54,15.45,0.42,11.53,28.16
Cash UR Drive,Media,175.75,,,,41.82,54.81,0,48.13,8.62
Caspian Corporat,Finance,46.63,-51.54,-18.16,15.56,9.22,10.2,1.12,2.91,
Castrol India,Petroleum Products,18487.69,-12.1,17.52,6.62,46.26,60.79,0.03,6.65,19.13
Catvision Ltd,Commercial Services & Supplies,10.31,-20.49,12.51,22.65,-1.12,-1.37,0.01,6.45,
CCL Internationa,Construction,49.29,5.03,19.08,9.25,1.47,3.35,0.3,101.11,19.48
CCL Products,Agricultural Food & other Products,13552.42,74.93,21.76,34.39,17.05,13.14,0.78,35.78,36.1
CDG Petchem,Industrial Products,98.96,275.96,78.82,38.14,-351.34,-5.1,12.99,-43.01,206.17
CEAT,Auto Components,14284.55,39.44,35.52,16.99,11.77,15.4,0.68,16.35,22.93
Cedaar Textile,Textiles & Apparels,41.64,,,,27.76,16.62,1,40.69,3.86
Ceejay Finance,Finance,56.7,0.83,16.09,12.99,9.33,11.71,0.55,9.88,7.88
Ceenik Exports,Consumer Durables,113.36,32.58,211.83,112.23,-104.23,-41.23,1.57,,
Ceeta Industries,Food Products,66.34,10.24,32.88,50.48,3.31,4,0.23,14.79,174.58
Ceigall India,Construction,4945.68,10.12,,,20.87,19.38,0.69,8.28,19.07
Ceinsys Tech,IT - Software,1734.34,-30.86,92.56,46.51,19.46,26.61,0.16,78.67,14.55
Celebrity Fash.,Textiles & Apparels,47.92,-28.24,-18.71,1.65,-66.98,-13.18,5.65,-13.51,
Cell Point,Retailing,27.84,-27.49,,,0.51,4.77,0.9,9.82,33.14
Cella Space,"Paper, Forest & Jute Products",28.21,38.61,15.53,20.55,13.98,5.99,0.31,-48.88,10.77
Cellecor Gadgets,Consumer Durables,570.45,-52.74,,,25.13,24.21,0.8,73.3,15.93
Cello World,Consumer Durables,9191.03,-24.88,,,20.43,23.72,0,9.65,29.13
Cemantic Infra,Realty,13.41,13.83,16.2,3.29,-10.95,-6.14,1.02,,
Cemindia Project,Construction,9896.68,7.38,79.66,47.6,21.78,27.64,0.48,7.1,21.09
Cenlub Industrie,Industrial Manufacturing,95.24,-35.64,7.21,28.88,14.72,20.47,0.06,-1.08,13.25
Centenial Surgic,Healthcare Equipment & Supplies,30.85,-17.47,18.13,6.75,-4.64,3.94,0.35,4.42,
Central Bank,Banks,36268.96,-8.89,15,16.59,11.43,5.48,12.26,4.8,7.52
Centrum Capital,Finance,1139.76,-6.06,5.62,0.57,-57.6,8.93,37.49,20.84,
Centum Electron,Industrial Manufacturing,3921.54,121.03,68.65,43.29,-3.14,12.03,0.52,16.3,70.49
Century Enka,Textiles & Apparels,946.87,-15.58,6.35,11.29,4.24,5.98,0.03,-17.79,13.25
Century Extrus.,Industrial Products,158.24,10.38,29.54,34.17,12.74,18.3,0.86,12.97,14.8
Century Plyboard,Consumer Durables,16330.83,1.89,13.14,19.05,8.47,10.38,0.67,16.24,67.34
Cera Sanitary.,Consumer Durables,6302.25,-7.65,-9.37,4.1,18.3,22.39,0.04,5.33,28.02
Cerebra Integr.,IT - Hardware,56.59,-11.55,-20.94,-38.54,-16.89,-15.41,0.29,-84.8,
CESC,Power,20963.9,20.92,31.5,20.71,11.34,11.23,1.48,11.14,14.23
CFF Fluid,Aerospace & Defense,1114.98,30.29,,,17.42,22.13,0.02,33.13,38.54
CG Power & Ind,Electrical Equipment,114212.37,26.65,33.21,66.4,27.66,37.48,0.02,25.48,102.64
CG-VAK Software,IT - Software,96.38,-34.55,-19.73,15.9,13.8,18.73,0.03,-1.38,8.07
Chalet Hotels,Leisure Services,17693.66,9.64,30.39,36.93,5.77,11.13,0.73,69.35,29.16
Challani Capital,Finance,30.38,0.45,21.5,44.36,28.22,28.22,0.05,110.83,19.99
Chaman Metallics,Ferrous Metals,251,-16.8,30.17,,10.29,4.37,4.59,47.4,236.79
Chamanlal Setia,Agricultural Food & other Products,1340.4,-0.53,19.47,28.36,14.19,16.71,0.09,-8.75,13.26
Chambal Brewer,Commercial Services & Supplies,16.34,492.66,97.29,72.45,-6.9,-6.9,0,,
Chambal Fert.,Fertilizers & Agrochemicals,18480.09,-13.58,17.87,12.32,19.78,26.76,0.01,21.48,9.65
Chamunda Ele.,Commercial Services & Supplies,58.71,24.94,,,24,30.62,0,50.05,11.53
Chandan Healthca,Healthcare Services,636,65.09,,,27.08,28.85,0.48,26.28,21.93
Chandni Machines,Commercial Services & Supplies,45.84,30.26,62.96,42.98,15.04,21.4,0.08,-59.07,27.12
Chandra Bhagat,Pharmaceuticals & Biotechnology,29.77,-39.31,-28.95,-2.6,2.41,6,0.69,-71.65,48.02
Chandra Pr. Intl,Commercial Services & Supplies,33.34,-14.75,-11.6,22.32,4.9,8.83,1.37,-18.35,
Chandrima Mercan,Commercial Services & Supplies,204.57,104.67,144.52,85.44,0.98,0.9,0.02,165.81,50.26
Charms Industrie,Finance,2.84,-6.63,36.55,35.33,-157.89,-30.3,,-100,
Chart.Logistics,Transport Services,91.67,-15.57,18.53,15.22,2.73,5.76,0.38,-8.37,482.47
Charter. Capital,Finance,78.35,14.69,24.46,39.97,3.26,4.97,0,17.86,10.46
Chatha Foods,Food Products,180.61,-28.5,,,8.64,11.92,0.25,22.33,30
Chatterbox Tech,Media,87.66,,,,41.77,56.72,0,7.8,8.94
Chavda Infra Ltd,Construction,355.95,-22.28,,,20.27,17.84,1.4,-1.45,18.04
CHD Chemicals,Chemicals & Petrochemicals,5.08,-21.53,-3.51,-27.29,-1.51,0.25,0.46,-47.08,
Checkpoint Trend,Pharmaceuticals & Biotechnology,36.05,256.79,140.8,102.19,9.17,16.51,0,40822.22,17.5
Chembond Chemic.,Chemicals & Petrochemicals,394.98,,,,19.23,26.47,0,3.19,12.32
Chembond Materi.,Chemicals & Petrochemicals,197.7,-63.97,-8.47,1.53,10.46,11.54,0.04,17.51,14.5
Chemcon Special.,Chemicals & Petrochemicals,602.54,-13.86,-15.01,-17.72,5,7.01,0,3.47,28.45
Chemcrux Enterp.,Chemicals & Petrochemicals,144.55,-22.56,-31.58,9.74,5.05,6.69,0.5,-1.03,69.16
Chemfab Alka.,Chemicals & Petrochemicals,545.48,-51.69,12.65,24.04,2.33,3.32,0.29,1.29,
Chemiesynth(Vapi,Chemicals & Petrochemicals,12.13,,,,-0.99,3.1,1.51,35.8,
Chemkart India,Food Products,120.75,,,,58.97,61.51,0.01,53.97,6.34
Chemplast Sanmar,Chemicals & Petrochemicals,3886.33,-39.25,-14.25,,-5.93,1.83,0.97,-2.99,
Chemtech Indust.,Industrial Manufacturing,115.86,-41.65,64.8,45.31,10.74,14.19,0,-14.71,18.66
Chennai Ferrous,Metals & Minerals Trading,32.22,-16.46,-18.56,71.53,7.37,10.37,0,-1.75,19.89
Chennai Meena,Healthcare Services,28.39,11.79,20.41,28.74,,-5.14,,3.41,
Chetana Educa.,Printing & Publication,80.99,-53.54,,,25.94,23.26,0.06,4.6,6.3
Cheviot Company,"Paper, Forest & Jute Products",610.65,0.58,-1.75,6.34,7.75,10.01,0.01,26.16,8.72
Chiraharit,Construction,41.97,,,,93.48,38.76,2.39,95.06,46.12
CHL,Leisure Services,160.73,-24.63,12.52,33.36,,18.68,,3.23,
Choice Intl.,Finance,16415.29,58.24,79.42,97.79,19.61,19.95,0.4,22.19,78.5
Choksi Asia,Healthcare Equipment & Supplies,90.9,118.42,53.86,43.84,10.41,13.2,0.08,166.52,17.28
Choksi Laborator,Healthcare Services,77.28,-6.84,47.42,65.23,6.63,9.2,1.18,7.42,48.6
Chola Financial,Finance,30684.72,-0.48,40.86,21.97,19.11,10.57,13.68,20.28,12.96
Cholaman.Inv.&Fn,Finance,147438.13,23.56,31.18,27.08,19.71,10.34,7.23,22.68,30.42
Chordia Food,Food Products,29.25,-10.32,-1.06,0.11,3.65,5.15,0.01,28.21,46.43
Chothani Foods,Food Products,12.2,-43.8,-12.01,25.07,0.91,2.3,0.1,15.98,58.1
Chowgule Steam,Transport Services,69.57,-20.63,18.45,23.72,2.94,5.61,0,-14.04,73.23
Chrome Silicon,Ferrous Metals,69.13,8.52,-3.14,25.12,-124.33,-86.58,1.9,-94.21,
CIAN Agro,Agricultural Food & other Products,3667.55,245.41,209.98,107.04,4.01,6.82,0.64,230.97,21.69
CIE Automotive,Auto Components,17892.63,25.42,3.45,20.79,11.73,14.74,0.06,4.94,21.74
Cigniti Tech.,IT - Services,3237.59,-11.22,17.83,27.47,25.96,34.09,0.02,13.99,10.6
Cil Securities,Finance,19.7,-8.41,16.05,26.61,6.79,10.08,0,-19.59,9.9
Cindrella Fin.,Finance,4.15,-29.94,-3.22,26.81,2.91,2.61,0,-28.57,31.92
Cindrella Hotels,Leisure Services,19.04,0.72,13.9,25.49,1.7,3.91,0.23,17.63,70.52
Cineline India,Entertainment,301.61,0.66,-4.58,18.23,5.27,5.25,0.71,19.12,13.7
Cinevista,Entertainment,89.31,10.68,12.4,19.81,-47.7,-19.91,0.44,35075,
Cipla,Pharmaceuticals & Biotechnology,108904.99,-4.21,14.44,11.29,17.77,22.72,0.01,5.08,22.9
Cistro Telelink,Commercial Services & Supplies,5.49,35.44,26.39,27.31,-5.55,-5.55,0,-33.33,
Citadel Realty,Realty,35.1,-21.94,25.23,30.11,8.22,10.61,0.97,11.3,24.89
Citichem India,Chemicals & Petrochemicals,12.24,-44.84,,,8.91,11.56,0.34,177.26,6.84
CitiPort Fin.,Finance,11.82,70.71,32.22,14.76,0.96,4.17,0,50,49.25
Citizen Infoline,Media,142.68,461.97,113.01,129.3,0.65,0.87,0,4.35,1297.09
Citurgia Biochem,Chemicals & Petrochemicals,1550.67,,,,,-2150,,,
City Crops Agro,Agricultural Food & other Products,35.11,-12.7,,,8.14,8.46,0,-24.14,
City Online Ser.,Telecom - Services,4.27,43.08,17.18,29.62,,38.34,,-9.44,
City Pulse Multi,Retailing,4307.26,136.33,210.99,203.21,1.48,1.66,0.04,20.12,2142.92
City Union Bank,Banks,21031.95,91.51,26.04,10.89,12.58,6.86,7.22,15.35,16.76
Cityman,Consumer Durables,16.66,-48.03,8.63,15.69,,-4.18,,,
CL Educate,Other Consumer Services,213.75,-47.59,-10.51,18.19,-2.41,2.93,1.03,58.13,
Clara Industries,Industrial Products,97.56,72.1,-4.11,,4.5,6.92,0.02,5.43,53.9
Classic Electrod,Industrial Products,82.55,,,,29.5,22.34,0.36,8.27,6.89
Classic Filament,Textiles & Apparels,28.43,58.76,14.26,68.73,-1.92,-1.85,0.06,,
Classic Leasing,Finance,12.73,34.4,55.75,30.11,,10.78,,72.13,17.2
CLC Industries,Textiles & Apparels,13.71,,149.43,77.43,-26.88,-6.84,10.25,3813.75,
Clean Max Enviro,,14225.29,,,,1.3,7.39,3.87,7.62,391.67
Clean Science,Chemicals & Petrochemicals,7812.92,-38.39,-19.11,,21.88,29.26,0,-4.3,28.75
Clear Secured,Commercial Services & Supplies,301.55,,,,15.36,20.45,0.95,37.01,21.25
Clenon Enterpri,Telecom -  Equipment & Accessories,65.61,47.67,,,-34.83,-15.12,1.27,,
Clinitech Lab,Healthcare Services,10.04,-36.19,,,5.49,8.15,0.02,24.53,21.36
CLIO Infotech,IT - Software,7.49,35.73,7.39,36.4,0.57,0.5,1.67,1373.33,27.74
CLN Energy,Auto Components,338.76,9.93,,,23.42,31.3,0.97,65.16,20.09
CMI,Industrial Products,7.1,-4.53,-32.73,-40.46,,-4.24,,97.59,
CMS Info Systems,Commercial Services & Supplies,4993.39,-33.69,2.26,,17.06,23.67,0.1,1.68,15.14
CMX Holdings,Finance,37.2,0.83,40.12,61.99,,-1250,,,
Coal India,Consumable Fuels,265397.9,16.6,25.33,22.78,38.89,48.04,0.13,-2.76,8.89
Coastal Corporat,Food Products,305.55,9.16,0.92,6.76,1.71,4.61,1.54,36.63,19.73
Coastal Roadways,Transport Services,14.53,9.38,17.55,18.61,6.35,9.25,0,1.34,9.25
Cochin Malabar,Auto Components,23.34,-17.59,21.78,21.74,,61.21,,,16.32
Cochin Minerals,Chemicals & Petrochemicals,195.01,-0.74,-0.49,12.88,15.01,23.32,0.01,-19.14,13.25
Cochin Shipyard,Industrial Manufacturing,39243.76,17.59,85.85,50.34,15.85,20.35,0.18,15.68,55.17
Coffee Day Enter,Leisure Services,638.61,42.06,-4.95,,-0.96,1.01,0.44,4.04,
Coforge,IT - Software,39817.09,-19.47,11.3,18.81,15.98,20.34,0.14,39.36,31.67
Cohance Life,Pharmaceuticals & Biotechnology,11857.67,-74.48,-13.39,-8.44,12.67,14.89,0.12,23.2,39.43
Colab Platforms,Finance,3561.84,435.58,277.33,,12.36,16.59,0,162.51,737.44
Colgate-Palmoliv,Personal Products,61319.16,-8.52,15,7.33,81.19,105.34,0.04,-2.73,45.99
Colinz Labs,Pharmaceuticals & Biotechnology,5.96,2.96,8.52,41.29,5.43,6.72,0.07,-12.97,12.16
Colorchips New,Entertainment,23.81,-53.29,-34.02,6.96,-4.76,-4.76,0,-57.14,
Comfort Comtrade,Finance,14.05,-58.97,-13.18,15.91,8.89,12.73,0.06,50.87,
Comfort Fincap,Finance,68.08,-4.54,-28.51,28.97,7.2,9.91,0.18,29.63,9.46
Comfort Intech,Beverages,230.04,-27.15,30.98,56.74,6.56,6.01,0.12,-24.49,
Command Polymers,Industrial Products,22.5,-45.44,,,3.64,4.73,1.34,-2.77,40.18
Commerl. Synbags,Industrial Products,618.62,106.45,17.45,37.07,10.26,11.37,0.64,21.4,22.84
Committed Cargo,Transport Services,243.07,-1.45,,,10.82,15.08,0.06,42.29,23.69
Competent Auto,Automobiles,232.1,-11.37,22.31,19.36,6.32,8.74,1.12,3.27,10.18
Compuage Info.,IT - Hardware,11.92,-37.1,-55.8,-40.3,,-11.29,5.71,-99.33,
Compucom Soft.,Other Consumer Services,112.6,-19.56,-5.66,10.6,1.05,3.53,0.33,10.18,37.16
Computer Point,IT - Hardware,12.51,-12.94,21.24,61.46,-0.36,0.06,0,-100,
Comrade Applian.,Consumer Durables,30.49,-63.33,,,2.68,6.85,2.13,54.35,
Conart Engineers,Construction,48.13,-7.88,59.21,41.67,8.41,12.19,0,41.47,12.44
Concord Biotech,Pharmaceuticals & Biotechnology,12769.45,-18.41,,,21.35,28.35,0,6.42,40.2
Concord Control,Industrial Manufacturing,2528.36,248.88,178.12,,27.39,36.78,0.13,84.23,83.17
Concord Drugs,Pharmaceuticals & Biotechnology,79,158.59,40.33,25.33,0.88,4.73,0.43,11.1,149.06
Concord Enviro,Other Utilities,619.96,-32.06,,,12.03,15.04,0.3,-4.91,11.14
Confidence Fut.,Commercial Services & Supplies,84.34,-60.67,-39.13,11.82,5.35,7.05,0.78,-32.82,13.1
Confidence Petro,Gas,1054.87,-39.78,-19.52,-6.4,7.24,9.33,0.6,54.78,12.51
Connplex Cinemas,Entertainment,457.54,,,,123.94,163.38,0.01,58.56,20.4
Cons. Finvest,Finance,759.62,42.07,29.89,40.35,11.8,7.72,0,29.83,12.01
Consecutive Commodities,Finance,13.77,-64.9,,-14.57,13.7,14.22,0,639.95,5.79
Constronics,Commercial Services & Supplies,60.14,-45.79,80,57.84,,,,,24.25
Cont. Chemicals,IT - Software,16.75,-10.92,-2.07,41.17,9.15,10.74,0.01,9.09,28.39
Cont. Controls,Electrical Equipment,5.57,-8.2,22.04,18.88,3.34,3.78,0.07,,
Cont. Petroleums,Petroleum Products,84.71,-22.32,30.92,20.07,16.42,21.27,0.06,-14.97,27.33
Cont. Securities,Finance,47.63,-12.72,24.27,32.85,9.16,12.62,0.01,42.69,24.68
Containe Tech.,Industrial Manufacturing,8.99,-81.03,-41.12,,7.06,9.25,0.56,69.4,12.84
Container Corpn.,Transport Services,37749.59,-0.66,1.12,1.95,10.79,13.87,0.07,2.01,29.55
Containerway Int,Transport Services,18.42,-66.85,49.65,,9.72,9.06,0.41,107.47,
Contil India,Commercial Services & Supplies,40.3,-15.8,17.64,66.27,21.8,28.34,0,-1.03,17.68
Continental Seed,Commercial Services & Supplies,22.88,-52.08,-2.56,20.04,2.87,4.24,0.13,-33.52,29.71
Control Print,IT - Hardware,1054.34,11.83,9.95,23.18,26.86,18.46,0.02,15.01,10.88
Cool Caps,Industrial Products,334.66,-61.38,-12.8,,24.7,15.77,2.57,143.77,27.77
Coral India Fin.,Commercial Services & Supplies,136.22,-7.75,1.58,7.68,8.64,10.47,0,-38.96,9.43
Coral Labs.,Pharmaceuticals & Biotechnology,158.4,-39.82,20.15,3.94,13.06,17.44,0,-24.38,11.08
Coral Newsprints,"Paper, Forest & Jute Products",5.57,29.19,-9.12,32.09,,,,-100,
Cords Cable,Industrial Products,222.25,1.27,36.16,32.98,8.31,16.21,0.53,24.27,13.18
Coromandel Engg.,Realty,279.59,33.87,39.38,22.09,8.44,8.65,1.57,-26.99,131.26
Coromandel Inter,Fertilizers & Agrochemicals,65493.25,33.18,34.47,23.14,16.89,23.2,0.12,32.4,30.87
Corona Remedies,Pharmaceuticals & Biotechnology,9707.33,,,,27.55,31.47,0.1,17.94,60.96
Corporate Merch,Finance,353.48,219.3,54.29,,51.25,5.88,13.24,-100,83.76
COSCO (India),Consumer Durables,87.49,-6.7,8.09,13.25,1.54,5.71,1.32,3.05,
Cosmic CRF,Industrial Products,978.39,-22.03,,,6.06,,0.27,,27.22
Cosmo Ferrites,Industrial Manufacturing,137.2,-53.49,-13.95,48.11,-20.53,-0.74,2.86,-1.08,
Cosmo First,Industrial Products,1867.27,18.78,2.39,15.26,9.26,9.77,1.11,20.55,12.78
Cospower Engine.,Industrial Manufacturing,165.74,30.89,44.04,77.65,11.82,14.39,1.08,138.67,42.83
COSYN,IT - Software,15.79,-14.47,0.56,-0.19,-6.11,-3.3,0,-5.8,98.69
Country Club Hos,Leisure Services,220.19,0.37,23.22,22.17,1.4,2.75,0.07,59.52,26.98
Country Condo,Realty,43.07,-1.42,11.53,17.77,2.42,4.26,0,-17.94,84.45
Covance Softsol,IT - Software,379.35,9109.68,,,6.24,8.01,0,34,14.51
Covidh Technolog,IT - Software,31.9,,180.45,115.31,,19.05,,,
CP Capital,Finance,165.59,-53.25,-3.21,-0.5,7.3,9.83,0.14,8.19,3.94
Craftsman Auto,Auto Components,17953.71,67.18,31.62,,9.41,11.74,1.09,50.44,51.11
Crane Infra,Realty,11.02,-30.2,7.05,36.33,2.21,2.84,0,-7.89,19.33
Cranes Software,IT - Software,68.84,29.06,10.15,23.14,,,,-0.13,
Cranex,Industrial Manufacturing,47.3,-15.16,42.63,44.8,10.95,10.22,0.9,-4.35,21.7
Cravatex,Commercial Services & Supplies,96.23,14.77,3.14,6.14,4.68,6.57,0,4.86,14.49
Crayons Advertis,Media,93.08,-33.68,,,9.49,8.93,0.22,22.56,6.96
Creative Casting,Industrial Products,72.79,6.8,4.91,11.19,8.92,13.31,0,-1.43,16.54
Creative Eye,Entertainment,13.24,13.21,12.38,19.49,-3.54,0.72,0.33,-23.57,
Creative Graphic,Industrial Products,345.71,-5.04,,,29.12,25.73,0.65,59.7,14.51
Creative Newtech,Commercial Services & Supplies,999.58,-7.1,14.05,43.95,18.13,21.13,0.39,41.18,15.09
Credent Global,Finance,186.04,10.88,14.59,80.04,3.34,5.77,0.15,373.75,7.08
CreditAcc. Gram.,Finance,20260.52,37.66,9.37,12.29,7.86,9.55,2.81,1.12,41.75
Credo Brands,Retailing,566.56,-28.99,,,18.41,19.07,0.58,-2.52,12.05
Cresanto Global,Pharmaceuticals & Biotechnology,1.8,46.53,27.42,,,,,,
Cressanda Railwa,IT - Services,114.1,-47.62,-52.65,36.52,0.33,0.29,0,-81.82,
Crest Ventures,Finance,984.5,0.8,26.32,30.34,7.7,9.68,0.16,-10.71,20.65
Crestchem,Chemicals & Petrochemicals,27.77,-48.06,9.72,27.01,44.1,59.94,0,13.33,12.51
Crimson Metal,Industrial Products,22.96,,,44.96,2.35,8.11,2.97,0.45,208.73
CRISIL,Finance,32004.62,-0.27,8.47,17.85,27.37,34.6,0.1,11.94,41.78
Crizac,Retailing,4051.72,,,,36.27,47.98,0,60.27,20.88
Croissance Ltd,Realty,24.13,16.56,-23.2,-4.28,0,0.13,0,-84.85,51.34
Crompton Gr. Con,Consumer Durables,16603.35,-19.71,-5.9,-7.78,17.4,19.01,0.05,1.4,33.93
Crop Life Scienc,Fertilizers & Agrochemicals,82.27,0.95,,,8.83,12.06,0.72,3.39,13.29
Cropster Agro,Industrial Products,870.24,-44.12,24.8,58.67,15.61,16.08,0,28.42,56.04
Crown Lifters,Industrial Manufacturing,135.81,-24.78,52.51,,19.96,18.88,0.67,13.97,13.76
Cryogenic OGS,Industrial Manufacturing,232.84,,,,23.53,32.02,0,35.68,29.51
Crystal Business,Entertainment,17.25,-32.02,-32.81,9.75,6.01,8.2,0.01,-28.01,
CSB Bank,Banks,6894.33,40.55,20.03,11.83,14.31,7.11,9.36,25.63,11.08
CSL Finance,Finance,599.75,3.54,4.69,25.27,14.21,14.61,1.37,18.82,7
Cube Highways,Transport Infrastructure,18816.98,16.67,,,-0.68,3.91,1.68,20.37,939.91
Cubex Tubings,Industrial Products,152,13.13,51.88,36.02,9.18,10.91,0.53,21.6,18.14
Cubical Finan,Finance,13.56,-22.1,9.37,-3.84,2.55,4.56,0,-46.09,339
Cummins India,Industrial Products,135780.88,80.22,45.13,43.65,28.15,36.32,0,13.31,58.3
Cupid,Personal Products,10934.78,497.68,217.03,107.78,12.89,17.1,0.07,54.11,130.86
Cupid Breweries,Beverages,166.03,-79.99,,,,-16.07,0.01,-73.33,
Cura Tech.,IT - Software,85.38,,,123.4,-16.73,-10.69,0.55,,
Curis Lifescien.,Pharmaceuticals & Biotechnology,79.23,,,,55.32,34.24,0.72,39.85,9.67
Current Infra.,Construction,237.44,,,,39.87,,0.38,,25.29
CWD,Consumer Durables,731.8,72.69,0.87,,5.78,9.51,0.59,201.56,85.89
Cybele Industrie,Electrical Equipment,58.58,93.19,51.66,58.53,-25.86,-15.59,0.53,-42.47,4.13
Cyber Media Ind,Media,22.75,-3.71,-5.27,0.17,,4.52,,6.53,9.1
Cyber Media Res.,Media,19.85,-17.32,-21.03,,14.1,15.41,0.32,5.89,6.3
Cybertech Sys.,IT - Software,353.39,-26.51,-2.95,-1.87,14.94,19.45,0.02,2.34,10.72
Cyient,IT - Services,10164.18,-27.81,-1.33,6.99,12.81,16.58,0.08,-0.84,18.19
Cyient DLM,Industrial Manufacturing,2480.93,-22.4,,,7.33,10.99,0.21,-9.15,30.3
D & H India,Industrial Manufacturing,144.21,-24.75,35.78,59.01,11.56,13.47,1.35,22.16,19.57
D B Corp,Media,4003.86,10.74,32.39,17.45,16.73,21.06,0.13,-3.4,12.43
D P Wires,Industrial Products,233.42,-36.54,-21.83,8.43,9.36,12.48,0.01,-29.27,19.09
D-Link India,IT - Hardware,1500.08,15.31,20.32,30.54,21.31,28.34,0.02,10.67,14.44
D.K. Enterprises,Industrial Products,51.96,6.46,9.3,,21.24,23.9,0.25,4.29,8.78
D.P. Abhushan,Consumer Durables,2707.85,-15.43,56.03,57.11,35.06,33.64,0.42,9.44,14.53
Dabur India,Personal Products,91965.84,5.11,-0.56,0.5,17.04,20.24,0.12,3.48,49.49
Dachepalli Pub.,Printing & Publication,98.08,,,,31.13,17.07,0.56,25.64,20.61
Dai-ichi Karkari,Chemicals & Petrochemicals,188.52,-19.87,-13.5,0.02,4.2,4.29,0.07,31.36,33.85
Daikaffil Chem,Chemicals & Petrochemicals,26.81,-77.78,24.25,7.69,-18.57,-18.57,0,339.71,
Dalal Street Inv,Finance,12.61,-6.63,21.06,9.75,2.74,2.65,0.32,-22.03,
Dalmia Bharat,Agricultural Food & other Products,2444.77,-1.91,-1.7,12.85,12.44,9.48,0.17,5.1,7.22
Dalmia BharatLtd,Cement & Cement Products,37381.89,17.95,2.04,6.29,4.15,5.58,0.4,3.2,31.25
Dalmia Industria,Commercial Services & Supplies,16.28,,,,0.48,0.68,0,721.05,19.15
Dam Capital Advi,Capital Markets,1062.2,-30.49,,,49.22,64.78,0.01,-17.41,13.16
Damodar Indust.,Textiles & Apparels,59.51,-14.95,-17.05,-5.22,-5.84,2.93,1.22,-21.68,7.76
Dangee Dums,Food Products,45.88,-39.55,-42.95,-19.29,-3.24,2.64,1.22,7.82,
Danish Power,Electrical Equipment,1348.97,-4.66,,,28.94,40.21,0.01,27.82,20.16
Danlaw Tech.,Industrial Manufacturing,286.86,-41.28,14.64,20.29,28.31,28.03,0.37,11.99,14.36
Danube Industrie,Commercial Services & Supplies,39.94,5.53,-15.32,20.06,4.82,8.14,0.45,14.32,23.36
DAPS Advertising,Media,8.8,-6.85,-16.11,,7.34,9.9,0.1,18.49,7.15
Dar Credit & Cap,Finance,64.67,,,,9.67,12.51,1.58,25.26,7.21
Darjeeling Industriies,Finance,20.23,-10.1,83.27,41.66,-5.5,-2.1,0,378.02,16.72
Darshan Orna,Consumer Durables,26.82,-57.8,-29.84,-15.42,3.48,3.58,0.24,200.77,46.24
Data Pattern,Aerospace & Defense,17971.97,123.28,33.91,,15.18,21,0,97.43,72.06
Datamatics Glob.,IT - Services,4550.9,34.54,36.53,47.43,12.49,15.01,0.13,19.9,20.89
Datiware Mari.,Transport Services,11.89,54.62,35.87,4.59,,1.1,,-28.57,
Daulat Securitie,Finance,15.23,-25.51,15.04,37.75,7.59,7.54,0,-101.49,
Davangere Sugar,Diversified FMCG,582.01,-55.57,-32.15,,3.17,6.7,0.4,-4.42,68.55
Davin Sons Reta,Textiles & Apparels,23.81,48.45,,,15.43,21.62,0.02,-26.08,15.98
DB Intl.Stock,Capital Markets,90.93,-28.25,0.69,22.55,8.37,12.53,0.04,-40.07,21.55
DC Infotech,IT - Hardware,410.74,-8.44,29.34,61.81,23.61,25.52,0.73,24.63,21.33
DCB Bank,Banks,5971.57,78,17.79,9.83,11.43,7.67,11.85,17.26,8.49
DCG Cables,Industrial Products,107.99,-12.76,,,15.03,17.15,0.54,30.09,11.78
DCM,IT - Services,145.42,-22.69,1.21,23.18,68.17,78.63,0.03,0.96,27.28
DCM Financial,Finance,9.69,-23.02,3.5,23.09,,-3.32,,-19.74,
DCM Nouvelle,Textiles & Apparels,238.91,-17.77,-1.48,13.24,2.14,5.18,0.53,-1.28,45.96
DCM Shriram,Diversified,16174.33,8.27,7.39,17.61,8.66,11.37,0.3,13.98,23.15
DCM Shriram Inds,Agricultural Food & other Products,474.01,-25.81,20.51,24.8,11.76,13.73,0.33,-3.72,7.78
DCW,Chemicals & Petrochemicals,1401.4,-34.59,-0.22,10.4,2.91,7.93,0.36,-0.56,33.78
DCX Systems,Aerospace & Defense,1974.32,-23.66,2.23,,3.11,5.1,0,-15.15,148.56
DDev Plastiks,Chemicals & Petrochemicals,2804.22,19.88,50.54,,24.89,33.92,0.05,18.48,14.09
De Neers Tools,Industrial Products,123.76,-52.24,,,32.56,21.94,0.77,18.83,7.01
DE Nora India,Industrial Products,373.59,-2.26,-8.39,22.14,1.84,0.88,0,85.33,28.67
Debock Industrie,Leisure Services,22.13,-43.33,-59.96,-20.08,-0.69,-0.77,0.03,-97.06,
Dec.Gold Mines,Non - Ferrous Metals,2388.64,22.69,42.92,49.11,-14.19,-21.11,1.12,-51.77,
Deccan Cements,Cement & Cement Products,1034.1,-5.39,17.39,12.3,0.75,1.53,1.02,-14.36,32.5
Deccan Healthcar,Healthcare Services,33.46,-33.86,-24.57,-17.32,1.14,1.65,0.02,16.22,14.74
Deccan Polypacks,Industrial Products,7.32,153.48,66.47,64.19,,,,,12.41
Deccan Transcon,Transport Services,48.86,-60.91,,,10.13,10.44,0.47,9.01,8.69
Decillion Financ,Finance,16.45,-11.44,-1.55,33.75,0.56,0.98,0,0.96,60.93
Decipher Labs,Pharmaceuticals & Biotechnology,7.47,-36.64,-28.48,-25.78,1.16,-4.67,0.02,-53.06,
Deco-Mica,Chemicals & Petrochemicals,25.37,-3.78,-1.28,24.74,7.51,11.82,0.9,-12.45,16.69
Decorous Investm,Consumer Durables,5.31,43.87,-5.02,,1.58,2.11,0,2.33,40.85
DEE Development,Industrial Manufacturing,2038.7,47.5,,,7,9.39,0.7,36.04,24.21
Deem Roll-Tech,Industrial Products,32.47,-37.18,,,3.42,4.74,0.37,-5.58,56.96
Deep Diamond,Consumer Durables,42.24,-30.73,-43.75,21.43,4.02,5.28,0.01,77.29,6.78
Deep Industries,Oil,2221.44,-19.97,36.83,,12.94,12.06,0.11,53.1,9.58
Deep Polymers,Chemicals & Petrochemicals,80.81,-30.95,-29.36,-2.83,5.93,8.06,0.36,-5.22,16.16
Deepak Builders,Construction,354.62,-47.15,,,19.81,25.28,0.35,-0.74,9.76
Deepak Chemtex,Chemicals & Petrochemicals,108.75,-1.86,,,25.46,33.79,0.01,7.6,9.78
Deepak Fertilis.,Chemicals & Petrochemicals,12573.29,4.5,15.52,36.22,15.56,15.67,0.68,15.15,14.37
Deepak Nitrite,Chemicals & Petrochemicals,21559.65,-14.62,-5.04,0.22,13.36,16.28,0.23,-3.43,39.77
Deepak Spinners,Textiles & Apparels,88.43,-12.17,-17.72,4.97,-4.31,-3.67,0.13,4.63,170.06
Defrail Technologies,Industrial Products,65.92,,,,64.19,48.81,1.37,8540.28,23.8
Delaplex,IT - Software,94.06,-36.32,,,16.52,,0,,7.22
Delhivery,Transport Services,32440.99,73.46,7.57,,1.52,2.47,0.17,11.73,180.15
Delphi World,Finance,325.96,39.16,-10.92,-13.54,-3.86,,0.81,,
Delta Auto.,Automobiles,60.7,-55.09,,,18.49,23.37,0.05,31.51,6.5
Delta Corp,Leisure Services,1640.63,-33.76,-32.14,-16.27,3.45,7.65,0.01,-3.74,16.77
Delta Industrial,Finance,7.29,42.77,-2.68,22.31,-3.52,-3.52,0.22,,
Delta Manufact.,Industrial Products,66.24,-2.88,-4.14,14.66,-58.76,-11.08,3.09,-6.05,
Delton Cables,Electrical Equipment,419.43,-27.26,91.24,67.61,16.22,19.44,2.6,35.92,22.32
Den Networks,Entertainment,1337.66,-11.27,-2.56,-14.08,4.31,5.28,0.01,-3.3,7.06
Denis Chem Lab,Pharmaceuticals & Biotechnology,106.66,-29.19,2.96,14.36,9.77,13.89,0.09,2.67,12.23
Denta Water,Other Utilities,668.3,-15.31,,,18.43,25.17,0.03,-1.57,10.21
Desco Infra.,Construction,113.11,,,,25.58,31.18,0.1,78.35,9.44
Desh Rakshak,Pharmaceuticals & Biotechnology,13.89,-26.11,67.35,42.97,4.94,6.89,0.17,21.08,22.05
Destiny Logistic,Transport Services,199.89,56.13,104.23,,8.67,11.24,0.34,3.01,49.72
Dev Accele.,Commercial Services & Supplies,388.53,,,,4.55,11.9,1.77,46.99,110.39
Dev Information,IT - Services,130.75,-50.27,-17.49,13.05,9.51,11.2,0.18,15.16,
Dev Labtech,Consumer Durables,107.16,42.25,,,3.85,5.7,0.02,96.46,93.18
Devine Impex,Commercial Services & Supplies,9.44,10.12,19.17,43.98,0.22,0.37,0,-10.9,78.67
Devyani Intl.,Leisure Services,15711.72,-22.77,-5.51,,0.54,6.42,2.15,12.57,
Dhabriya Poly.,Industrial Products,370.35,11.18,45.8,46.07,19.77,20.41,0.48,14.04,13.63
Dhampur Bio,Agricultural Food & other Products,680.87,64.68,-11.19,,1.56,3.97,0.58,9.33,28.72
Dhampur Sugar,Agricultural Food & other Products,814.38,5.72,-16.23,-4.93,4.44,5.86,0.43,10.36,11.89
Dhampur.Spl.Sug.,Agricultural Food & other Products,107.99,36.66,64.41,41.9,8.88,11.61,0,52.73,20.57
Dhanalaxmi Roto,Textiles & Apparels,63.58,-16.87,29.54,40.29,16.13,22.01,0.01,22.03,6.38
Dhanashree Elect,Electrical Equipment,256.13,216.67,102.93,59.11,8.61,11.78,1.46,21.58,64.52
Dhanlaxmi Bank,Banks,941.75,1.79,20.76,14.64,5.48,5.47,12.75,18.31,10.67
Dhanlaxmi Cotex,Commercial Services & Supplies,35.98,-67.94,17.02,,8.01,9.78,0,-33.58,
Dhanlaxmi Crop,Agricultural Food & other Products,41.72,-59.76,,,27.98,35.36,0.22,-69.52,8.18
Dhanlaxmi Fabric,Textiles & Apparels,51.74,7.68,13.06,29.05,-8.9,-8.07,0,43,
Dhansafal Fin,Finance,60.31,-38.91,-1.94,43,1.07,1.96,0.43,201.73,143.6
Dhanuka Agritech,Fertilizers & Agrochemicals,4576.8,-20.15,15.09,6.91,21.95,28.29,0.02,0.87,17.27
Dhanuka Infra Realty,Realty,11.54,-38.11,6.56,,20.47,18.36,0.14,92.79,4.03
Dhanvantri Jeev.,Healthcare Services,10.04,14.11,20.94,23.87,5.2,5.82,0,9.84,83.67
Dhara Rail Pro.,Commercial Services & Supplies,179.5,,,,50.08,18.97,1.07,41.34,37.24
Dharan Infra-EPC,Realty,88.89,-69.64,-50.48,-50.6,-4.3,-3.61,0.07,-70.71,
Dharani Finance,Finance,4.73,-20.8,9.25,10.63,9.28,9.4,0,50,7.75
Dhariwalcorp,Chemicals & Petrochemicals,392.98,282.43,,,16.42,18.53,0.37,0.16,99.24
Dharmaj Crop,Fertilizers & Agrochemicals,800.15,31.17,12.1,,9.28,12,0.31,29.97,16.58
Dharni Capital,Capital Markets,125.07,22.8,44.62,,20.02,24.96,0.04,27.33,29.02
Dhatre Udyog,Industrial Products,49.47,-47.51,-18.74,15.59,2.5,3.56,0,-30.57,50.48
Dhenu Buildcon,Finance,4040.91,13.88,57.89,29.22,-14.34,-0.08,318.63,,3061.3
Dhillon Freight,Transport Services,12.56,,,,37.74,30.09,0.41,3,6.58
Dhoot Indl.Fin,Commercial Services & Supplies,129.27,-8.39,46.89,37.32,-5.63,-4.87,0,-59.56,
DHP India,Oil,155.54,-0.36,-20.22,6.02,2.84,3.43,0.04,22.72,2.17
Dhruv Consultanc,Commercial Services & Supplies,52.56,-68.12,-20.01,-2.06,8.19,11.32,0.22,-37.22,
Dhruva Cap.Serv.,Finance,83.96,0.83,76.52,139.37,10.88,12.46,0.2,35.15,
Dhunseri Invest.,Finance,596.49,-36.93,18.77,27.85,3.46,5.96,0.2,-51.17,
Dhunseri Tea,Agricultural Food & other Products,146.05,-24.53,-11.94,-6.19,-9.21,-4.45,0.43,14.31,
Dhunseri Vent.,Diversified,862.02,-19.96,3.55,20.35,4.69,6.55,0.17,-32.68,
Dhyaani Trade,Commercial Services & Supplies,12.89,-50.56,-42.5,,0.46,1.96,0.05,-20.37,214.83
Diamant Infra.,Construction,3.06,-21.62,-0.75,30.48,0.82,0.41,0.65,,51
Diamines & Chem.,Chemicals & Petrochemicals,235.5,-34.33,-15.27,-4.13,1.78,3.33,0.06,-43.17,
Diamond Power,Electrical Equipment,7216.87,59.71,,369.55,,,,69,68.59
Diana Tea Co,Agricultural Food & other Products,39.91,-15.06,1.54,11.57,-7.16,-1.4,0.6,32.06,15.77
DIC India,Chemicals & Petrochemicals,482.81,-18.15,10.79,5.15,4.66,6.43,0.01,1.34,24.82
Diensten Tech,Commercial Services & Supplies,93.35,3.2,,,-20.25,0.32,1.71,58.35,
Diffusion Eng,Industrial Products,988.2,9.58,,,11.84,14.73,0.06,19.83,20.63
Diggi Multitrade,Commercial Services & Supplies,11.03,-42.89,-11.05,13.51,-0.78,-0.75,0.08,,
Digicontent,Media,161.06,-44.98,19.8,24.11,170.51,36.46,2.76,8.64,7.34
Digidrive Dist.,Retailing,81.71,-31.31,,,3.05,3.79,0,-6.1,6.55
Digikore Studios,Entertainment,108.35,-22.16,,,-18.79,-11.06,1,6.53,
Digilogic Systems,Aerospace & Defense,264.9,,,,33.23,34.98,0.63,39.76,34.14
DigiSpice Tech.,IT - Services,445.26,-10.8,-1.88,-28.84,2.71,5.47,0.06,8.34,22.75
Digitide Solutio,IT - Services,1462.85,,,,14.95,,0.33,40.23,20.12
Digjam,Textiles & Apparels,94.94,43.33,-22.08,58.81,18.64,5.04,12.63,108.61,59.34
Diksha Greens,Commercial Services & Supplies,1.31,-57.51,-18.75,-27.43,,,,,
Diligent Indust.,Agricultural Food & other Products,53.89,24.86,-34.3,8.98,6.09,7.06,0.57,22.64,20.65
Diligent Media,Media,40.37,-34.42,5.15,32.18,,7.94,,-1.4,36.04
Dilip Buildcon,Construction,6757.71,0.69,28.32,-9.83,9.97,14.77,1.8,-15.59,10.34
Dindigul Farm,Food Products,30.37,-59.29,,,-24.63,-3.73,0.54,-27.45,
Dipna Pharmachem,Pharmaceuticals & Biotechnology,23.77,-27.91,-8.81,,2.55,6.64,0.23,-40.35,11.6
Disa India,Industrial Manufacturing,1787.95,-14.02,15.26,22.07,21.74,29.25,0,18.86,29.81
Dish TV India,Entertainment,532.13,-54.91,-42.56,-24,,,,-22.55,
Disha Resources,Commercial Services & Supplies,14.16,-15.13,-8.79,14.11,-1.49,-0.68,0.02,3100,
Dishman Carbogen,Pharmaceuticals & Biotechnology,2744.64,-12.12,14.59,8.16,-0.32,2.42,0.4,5.55,20.81
Divgi Torq,Auto Components,2208.85,46.65,,,4.14,5.69,0,34.43,60.02
Divi's Lab.,Pharmaceuticals & Biotechnology,170125.54,16.94,31.08,13.11,15.35,20.44,0.01,13.62,67.16
Divine Hira Jew.,Consumer Durables,345.1,,,,20.89,19.69,0.43,232.9,55.84
Divine Power,Industrial Products,734.6,204.92,,,16.41,14.57,0.82,43.18,78.23
Divyadhan Recy.,Textiles & Apparels,31.33,-55.49,,,6.46,9.07,0.27,7.13,447.57
Divyashakti,Other Construction Materials,51.79,-20.81,-10.76,0.47,1.58,2.18,0,-28.25,35.72
Dixon Technolog.,Consumer Durables,64012.24,-24.45,53.17,21.99,32.85,39.95,0.34,46.44,45.44
DJ Mediaprint,Transport Services,311.15,-30.19,24.62,63.65,13.49,16.05,0.23,14.21,41.93
DJS Stock,Finance,17.58,-16.19,,,1.86,2.32,0,-55.56,146.5
DLF,Realty,149471.7,-4.99,19.3,14.47,11.36,6.51,0.04,35.8,34.66
DMCC Speciality,Chemicals & Petrochemicals,557.03,-24.06,-3.27,-5.15,9.97,14.08,0.17,35.66,21.32
DMR Engineering,Commercial Services & Supplies,44.16,-11.63,70.25,,18.5,25.1,0.09,74.07,15.23
Docmode Health,Other Consumer Services,14.22,-4.74,,,-21.69,-0.29,0.9,6.46,
Dodla Dairy,Food Products,7043.27,12.8,33.99,,19.83,26.55,0.04,10.07,26
Dolat Algotech,Capital Markets,1320.53,-0.15,14.18,7.36,24,35.48,0.19,-30.07,10.83
Dolfin Rubbers,Auto Components,170.51,-15,10.91,40.84,16.47,17.13,0.47,15.69,31.29
Dollar Industrie,Textiles & Apparels,1663.77,-25.43,-6.55,2.65,10.56,12.63,0.34,8.87,16.18
Dollex Agrotech,Agricultural Food & other Products,124.04,-12.26,3.4,,13.36,6.9,1.43,75.24,31.4
Dolphin Kitchen Utensils,Consumer Durables,42.78,-8.35,,,17.76,19.27,0.12,82.93,7.68
Dolphin Medical,Healthcare Services,5.78,65.8,32.41,16.96,-0.3,-0.18,0.08,-9.09,
Dolphin Offshore,Oil,1661.59,81.81,,,18.69,14.69,0.64,64.81,32.8
DOMS Industries,Household Products,14152.52,-3.1,,,22.29,26.18,0.15,23.43,63.78
Donear Inds.,Textiles & Apparels,452.19,-15.39,-1.45,20.98,14.52,13.51,1.56,3.62,11.32
Dr Agarwal's Eye,Healthcare Services,2223.08,24.08,70.08,65.91,29.5,17.53,1.06,19.22,31.83
Dr Agarwal's Hea,Healthcare Services,14310.2,12.64,,,4.76,9.99,0.51,23.54,112.29
Dr Lal Pathlabs,Healthcare Services,23456.03,21.18,12.43,3.69,24.3,28.88,0.07,10.76,42.75
Dr Lalchand. Lab,Healthcare Services,13.76,48,-10.43,13.72,3.08,2.81,0.45,4.04,29.28
Dr Reddy's Labs,Pharmaceuticals & Biotechnology,107360.13,15.21,13.97,7.63,17.96,22.69,0.16,11.06,19.28
DRA Consultants,Commercial Services & Supplies,17.61,-31.7,-9.29,8.86,8.07,11.69,0,-0.27,6.6
DRC Systems,IT - Software,219.87,-22.62,14.26,,26.81,30.01,0.04,29.98,11.37
Dreamfolks Servi,Transport Infrastructure,435,-69.34,-42.82,,24.25,33.7,0.03,-26.75,10.99
Dredging Corpn.,Engineering Services,2663.36,84.79,41.84,18.06,-3.67,-0.31,0.95,24.53,
Drone Destinatio,Other Consumer Services,120.41,-62.4,,,-11.25,-10.52,0.56,-35.54,
Droneacharya Aer,Commercial Services & Supplies,78.9,-52.02,-40.68,,-20.63,-26.25,0.05,-58.26,
DRS Cargo Movers,Transport Services,16.46,,,,1.43,3.7,1.13,3.24,
DRS Dilip Road,Transport Services,162.52,-9.1,10.49,7.47,18.99,23.68,0.13,3.96,26
DSJ Keep Learn,Other Consumer Services,30.52,-48.96,2.69,44.6,8.93,9.8,0.32,13.58,
DSM Fresh,Food Products,256.3,,,,20.8,24.53,0.81,44.55,18.53
DU Digital,Leisure Services,309.05,-25.93,15.19,,7.66,15.23,0.11,20.41,57.34
Ducol Organics,Chemicals & Petrochemicals,222.85,24.86,7.76,,,,0.45,,45.2
Ducon Tech,Industrial Manufacturing,107.55,-41.83,-24.13,-10.21,9.4,12.25,0.58,0.07,8.44
Duke Offshore,Oil,18.26,13.48,34.63,11.81,-31.04,-30.04,0.1,-100,
Duncan Engg.,Auto Components,157.47,41.91,4.12,30.87,9.53,13.18,0.07,-7.52,31.94
Durlax Top,Consumer Durables,139.6,19.85,,,18.91,14.76,0.86,17.76,19.18
Duropack,Industrial Products,29.36,-27.16,-5.43,26.58,8.09,10.26,0,22.19,19.19
Duroply Indust.,Consumer Durables,151.93,-19.7,2.26,18.87,5.22,7.23,0.52,13.58,20.98
Dutron Polymers,Industrial Products,63.84,-22.22,-8.63,-4.49,9.68,12.26,0.11,-12.86,24.84
Dwarikesh Sugar,Agricultural Food & other Products,691.17,-2.53,-23.33,3.47,2.86,5.48,0.23,12.14,34.96
Dynacons Sys.,IT - Services,1184.16,-11.47,38.02,70.76,37.28,39.17,0.64,10.89,14.13
Dynamatic Tech.,Industrial Manufacturing,6811.82,48.02,57.8,60.85,6.21,8.96,0.78,12.58,145.49
Dynamic Cables,Industrial Products,1417.42,2.91,51.9,86.83,22.07,26.37,0.19,25.5,16.91
Dynamic Industri,Chemicals & Petrochemicals,28.97,28.84,14.31,16.27,3.39,5.68,0.32,13.36,15.49
Dynamic Portfol,Finance,28.11,-49.27,-14.89,56.27,1.01,1.79,0.07,211.54,187.4
Dynamic Services,Commercial Services & Supplies,164.95,-38.96,88.03,,12.47,15.66,0.76,151.58,7.21
Dynavision,Commercial Services & Supplies,62.65,-40.11,5.89,18.95,23.16,20.81,0.82,2.51,12.58
Dynemic Products,Chemicals & Petrochemicals,288.45,-13.09,-7.24,-12.29,7.04,10.01,0.34,4.57,16.21
E & E Enterprises,Finance,0.44,,,,0.02,0.05,0,-59.26,
E Factor Experie,Other Consumer Services,307.5,44.36,,,31.98,37.96,0.28,41.64,12.31
E to E Transportation,Construction,347.74,,,,15.71,19.9,0.57,47.38,24.2
E-Land Apparel,Textiles & Apparels,71.17,19.69,36.2,24.39,,,,0.97,
E2E Networks,IT - Services,5176.26,42.02,159.31,125.1,5.71,8.08,0.1,14.71,
Earkart,Healthcare Equipment & Supplies,204.93,,,,41.77,45.13,0.09,35.78,37.81
Earthstahl &All.,Industrial Products,20.93,-43.93,-30.46,,1.43,3.58,0.59,-11.91,
East Buildtech,Realty,7.88,-80.51,14.95,31.43,5.17,7.18,0,-86.09,
East India Drums,Commercial Services & Supplies,168.41,437.44,325.47,225.91,54.31,34.98,2.56,23.6,35.01
East WestFreight,Transport Services,41.59,-42.4,-14.85,-22.53,0.86,6.98,1.12,-29.19,
Eastcoast Steel,Industrial Products,9.64,-4.08,-20.2,-23.05,-1.86,-2.65,0.23,-86.18,24.1
Eastern Treads,Auto Components,16.03,-9.91,-0.17,-11.37,,-6.31,,9.14,
Easun Capital Ma,Finance,25.75,-3.64,-3.62,21.3,0,0.55,0,78.57,103
Easy Trip Plann.,Leisure Services,3134.97,-26.45,-29.24,,16.21,20.89,0.04,-14.48,119.3
eClerx Services,Commercial Services & Supplies,15116.6,11.94,31.01,38.45,22.8,27.97,0.15,20.84,22.6
Eco Hotels,Leisure Services,68.82,-30.69,-31.78,5.09,-5.15,-3.47,0.4,6100,
Eco Recyc.,Other Utilities,741,-30.98,44.95,49.98,84.05,36.82,0.07,-6.87,42.15
Ecoboard Inds.,Consumer Durables,129.78,73.29,37.41,61.27,-238.82,-40.18,1.97,-17.76,
Ecoline Exim,Industrial Products,276.96,,,,20.76,,0.29,,14.13
Econo Trade Indi,Finance,13.52,13.12,-5.72,4.43,5.05,7.71,0.26,1.06,5.28
Ecoplast,Industrial Products,155.95,-19.41,79.25,44.22,14.55,20.15,0.04,11.94,20.77
Ecos (India),Transport Services,915.42,-14.74,,,28.31,34.46,0.03,26.25,15.47
ECS Biztech,IT - Software,22.71,27.75,23.61,14.93,,5.96,,-32.55,567.75
Edelweiss.Fin.,Finance,10829.61,27.8,44.24,22.68,8.68,13.27,4.4,8.91,18.29
Educomp Sol.,Other Consumer Services,13.1,-39.55,-14.3,-19.16,,,,-12.56,
Edvenswa Enter,IT - Software,63.16,-51.03,-27.11,22.46,12.99,16.63,0,18.96,5.36
EFC (I),Commercial Services & Supplies,3072.4,-3.93,42.49,102.95,23.27,21.38,1.77,77.17,16.7
Effwa Infra,Other Utilities,464.91,22.73,,,30.44,33.87,0.14,23.96,18.24
Eforu Entertainment,Commercial Services & Supplies,53.73,107.91,112.99,59.96,40.61,41.07,0,-81.69,48.41
Eicher Motors,Automobiles,219739.39,67.81,36.66,25.67,24.1,29.81,0.02,26.19,40.68
EID Parry,Food Products,15389.55,30.28,19.22,20.83,9.54,16.59,0.31,23.46,14.6
Eighty Jewellers,Consumer Durables,29.12,-20.52,-14.63,,7.05,10.1,0.87,19.08,7.68
EIH,Leisure Services,19608.29,-1.79,25.19,26.55,17.95,23.43,0.05,8.08,25.82
EIH Assoc.Hotels,Leisure Services,2008.46,3.88,18.89,19.39,19.24,25.7,0.01,-1.09,20.37
Eiko Lifescience,Chemicals & Petrochemicals,73.82,6.94,-6.77,7.58,3.61,,0.02,,18.31
Eimco Elecon(I),Industrial Manufacturing,910.68,8.92,62.92,35.43,11.8,15.95,0,-14.38,19.29
Ekam Leasing,Commercial Services & Supplies,3.58,-24.33,-4.15,11.08,-11.53,-7.95,0.24,-43.24,
Ekansh Concept,Commercial Services & Supplies,275.7,57.25,50.18,41.48,-1.88,4.41,0.62,-43.63,745.14
EKI Energy,Commercial Services & Supplies,263.11,-43.8,-48.31,,-3.64,0.8,0,-81.93,
EL Forge,Auto Components,30.26,-35.26,16.9,,9.14,11.17,0,4.91,17.29
Elango Industrie,Industrial Products,3.8,-3.3,10.41,30.92,-5.67,-5.67,0,-73.4,
Elantas Beck,Chemicals & Petrochemicals,7114.82,6.76,21.28,21.82,15.76,21.23,0,13.27,48.14
Elcid Investment,Finance,2166.7,-18.48,3183.59,493.27,1.47,1.98,0,-28.41,16.64
Eldeco Housing,Realty,880.45,23.42,14.63,16.54,5.7,7.29,0.27,-3.33,38.84
Elecon Engg.Co,Electrical Equipment,9331.67,0.4,28.28,71.97,22.96,28.46,0.11,21.26,22.56
Electro Force,Electrical Equipment,63.18,-30.77,,,1.81,2.77,0,60.39,30.97
Electronics Mart,Retailing,3865.96,-20.27,13.62,,11.08,10.35,1.26,5.2,42
Electrost.Cast.,Industrial Products,4272.89,-25.49,25.82,22.36,13.15,13.36,0.38,-19.64,12.13
Electrotherm(I),Industrial Products,914.36,-7.05,129.84,43.37,,31.62,,-10.99,18.5
Elegant Floricul,Agricultural Food & other Products,9.48,-19.11,-10.67,24.73,5.22,5.85,0,11176.06,4.12
Elegant Marbles,Consumer Durables,57.78,-12.14,18.56,12.77,2.93,3.62,0,6.28,15.13
Eleganz Interior,Commercial Services & Supplies,153.23,-39.81,,,20.35,26.02,0.28,77.46,11.38
Elgi Equipments,Industrial Products,16946.71,24.91,3.89,23.59,20.06,21.91,0.26,13.23,40.85
Elgi Rubber Co,Industrial Products,200.45,-36.52,5.37,7.83,-12.23,0.47,1.83,-1.16,
Elin Electronics,Consumer Durables,639.11,17.03,-4.35,,4.38,6.97,0.03,11.99,15.49
Elitecon Inter.,Cigarettes & Tobacco Products,9301.67,161.06,,,43.47,,1.09,,40.39
Elixir Capital,Finance,58.96,-23.95,41.24,27.84,18.05,20.07,0.63,-43.12,24.29
Ellen.Indl.Gas,Chemicals & Petrochemicals,3230.95,,,,17.76,18.23,0.13,15.96,32.38
Elnet Technolog,IT - Services,138.4,5.34,26.48,22.3,11.87,15.36,0.03,1.39,6.99
Elpro Internatio,Realty,1442.27,14.46,9.41,15.78,3.14,5.24,0.51,-9.31,7.72
EMA India,Industrial Manufacturing,43.34,222.63,154.63,158.74,,-1036.36,0,,
EMA Partners,Commercial Services & Supplies,203.17,-25.24,,,10.41,12.84,0.01,-3.04,15.74
Emami,Personal Products,20192.49,-12.71,5.4,0.12,30.18,32.42,0.02,2.14,25.13
Emami Paper,"Paper, Forest & Jute Products",511.83,-4.99,-10.23,-2.14,4.8,6.58,1.39,-2.67,14.45
Emami Realty Ltd,Realty,289.35,-31.18,-1.11,6.12,,-1.92,,-60.82,
Embassy Develop,Realty,8400.82,-47.42,0.28,-8.5,2.53,3.19,0.46,36.22,
Embassy Off.REIT,Realty,40288.33,16.69,11.72,5.4,7.05,3.64,0.96,13.44,102.67
Emcure Pharma,Pharmaceuticals & Biotechnology,27592.28,48.26,,,18.51,20.72,0.35,17.2,30.51
Emerald Finance,Finance,218.05,-40.5,28.29,36.38,13.76,18.45,0.17,46.63,16.22
Emerald Leisures,Leisure Services,290.16,-12.18,89.95,54.99,,4.82,,1.19,
Emerald Tyre,Auto Components,186.97,-20.86,,,10.09,13.05,0.92,18.2,21.06
Emergent Indust.,Metals & Minerals Trading,164.06,-38.43,59.85,20.78,14.6,36.97,0,-67.74,
Emk.Global Fin.,Capital Markets,614.53,19.41,52.43,27.33,20.9,20.38,0.27,-15.55,34.08
Emkay Taps & Cut,Industrial Manufacturing,105.81,-72.97,-8.37,14.15,-0.36,-0.35,0,32.17,
Emkay Tools,Industrial Manufacturing,965.75,,,,53.24,,0,,19.75
Emmbi Industries,Industrial Products,172.84,-8.85,-0.21,1.67,3.7,8.03,0.84,10.76,21.34
Emmessar Biotech,Chemicals & Petrochemicals,12.96,-14.21,-0.56,8.04,4.23,12.61,0,-38.33,39.27
Emmforce Auto.,Auto Components,260.96,43.84,,,16.27,16.02,0.46,41.19,29.89
Emmvee Photovol.,Electrical Equipment,13513.88,,,,104.58,28.01,2.15,145.35,25.34
Empire Inds.,Diversified,541.38,-9.58,11.27,9.34,11.14,14.36,0.56,12.39,14.62
Empower India,IT - Software,175.73,-12.21,111.33,58.7,1.73,1.78,0.09,-35.64,44.15
Emrock Corporation,Food Products,460.44,1225.97,211.6,97.24,2.35,3,0.03,,517.35
EMS,Other Utilities,1603.45,-52.71,,,20.69,26.91,0.16,-5.13,12.19
eMudhra,IT - Services,3545.17,-49.59,18.62,,12.08,15.32,0.02,38.73,34.51
Enbee Trade,Commercial Services & Supplies,29.16,-42.7,-25.02,-20.64,9.02,12.71,0.64,77.64,2.86
Encode Packaging,Media,4.14,4.46,14.88,-14.92,-2.12,-2.06,0.03,-100,
Encompass Design,Commercial Services & Supplies,376.01,,,,50.24,45.8,0.42,36.49,34.85
Endurance Tech.,Auto Components,37440.23,50.74,28.88,13.63,14.63,17.26,0.2,19.42,40.45
Energy Devl.Co.,Power,78.95,-11.17,-3.68,10.58,-75.55,3.89,8.87,32.56,
Energy InfrTrust,Gas,5544.4,-1.16,0,,0.46,4.2,7.16,-7.2,62.57
Energy-Mission,Industrial Manufacturing,161.12,-33.71,,,21.05,21.45,0.33,8.31,11.92
Enfuse Solutions,IT - Services,172.53,-17,,,9.68,14.76,1.08,15.94,
Engineers India,Construction,12463.29,47.66,45.09,20.8,23.17,25.01,0.01,39.19,16.06
Enkei Wheels,Auto Components,848.42,-11.59,0.31,12.3,1.06,3.94,1.1,8.47,
Enser,IT - Services,104.59,-44.19,,,27.47,30.57,0.75,-0.07,14.13
Ent.Network,Entertainment,505.07,-25.26,-4.93,-8.12,0.82,2.56,0.23,8.32,120.54
Entero Healthcar,Retailing,4490.33,-18.41,,,5.63,8.71,0.25,25.66,38.59
Enterprise Intl.,Commercial Services & Supplies,6.46,-22.59,10.49,19.2,1.9,1.82,0,-17.7,
Envair Electrody,Industrial Manufacturing,26.46,-39.28,-3.13,11.29,-5.88,2.25,0,-155,
Enviro Infra,Other Utilities,2774.25,-23.59,,,27.39,31.68,0.26,15.03,13.17
Envirotech Sys.,Industrial Products,209.88,9.67,,,26.61,31.63,0.21,30.82,12.2
EP Biocomposites,Other Utilities,15.22,-21.3,-25.89,,10.22,14.28,0.35,2.01,16.54
Epack Durable,Consumer Durables,2386.37,-32.89,,,5.98,9.7,0.76,-5.2,58.28
EPack PrefabTech,Industrial Manufacturing,1800.2,,,,22.77,23.71,0.32,25.31,21.86
Epic Energy,Finance,24.58,-31.59,65.65,60.11,17.84,14.19,0,47.2,23.41
Epigral,Chemicals & Petrochemicals,3847.34,-44.72,-4.35,,22.3,24.88,0.26,-1.16,11.39
EPL Ltd,Industrial Products,6951.62,10.84,10.74,-0.33,16.27,17.48,0.32,10.42,16.84
Eppeltone Ene.,Electrical Equipment,194.39,,,,33.95,32.04,0.36,58.21,14.44
Epsom Properties,Realty,5.39,-14.64,24.57,3.8,,-270.59,,,
Epuja Spiritech,Finance,16.44,-56.88,-6.28,-20.46,1.76,1.75,0,298.91,
EPW India,IT - Hardware,149.23,,,,135.57,59.82,1.98,179.98,36.94
Equilateral Ent.,Electrical Equipment,28.3,,,,1.64,1.56,0.05,212.01,67.38
Equippp Social,IT - Software,184.54,-19.48,-21.21,113.87,7.53,10.96,1.12,1175.25,76.57
Equitas Sma. Fin,Banks,7344.54,13.19,-3.98,5.42,2.43,6.85,8.12,8.01,
Eraaya Lifespace,Automobiles,573.99,-57.28,208.05,,-808.66,0.86,17.75,92474.85,
ERIS Lifescience,Pharmaceuticals & Biotechnology,18815.61,14.84,29.13,17.98,12.88,12.22,0.77,12.37,42.42
ERP Soft Systems,Commercial Services & Supplies,21.4,-62.74,-14.44,0.67,1.07,1.63,0.09,19.09,85.6
Esaar (India),Commercial Services & Supplies,21.55,33.93,24.44,29.54,-7.93,5,4.2,71.28,
Esab India,Industrial Products,8474.63,21.69,13.73,23.72,52.34,70.03,0.01,9.91,43.31
ESAF Small Fin,Banks,1391.67,-7.22,,,-23.49,4.28,14.3,-13.44,
Esconet,IT - Hardware,155.12,-37.94,,,13.05,17.85,0.32,53.7,25.1
Escorp Asset Mgt,Finance,127.12,96.14,31.75,81.22,28.07,32.96,0,-0.96,27.34
Escorts Kubota,"Agricultural, Commercial & Construction Vehicles",39365.31,22.64,19.03,22.25,12.8,13.59,0.01,9.08,30.22
Esha Media,Media,20.3,126.09,68.34,32.78,,,,-21.66,
ESI,Textiles & Apparels,38.9,,197.65,114.83,6.34,0.45,1.03,11.61,11.61
Espire Hospi,Leisure Services,438.65,-27.37,160.65,,35.33,16.74,3.26,50.22,52.22
Esprit Stones,Consumer Durables,152.52,-31.7,,,15.22,13.94,0.45,-10.3,22.12
Essar Shipping,Transport Services,533.79,8.96,41,23.44,,,,-190.68,
Essen Speciality,Consumer Durables,333.84,-71.75,,,7.88,11.5,0.17,4.26,370.93
Essex Marine,Food Products,41.19,,,,29.15,24.53,0.41,94.36,6.47
Ester Industries,Industrial Products,1030.71,-18.9,4.2,-0.06,1.78,6.45,0.93,8.96,
Eternal,Retailing,237688.14,10.9,64.88,,1.71,2.66,0.11,138.73,1028.95
Ethos,Consumer Durables,6509.34,-0.01,36.1,,10.36,13.75,0.22,26.55,66.93
Euphoria Infotec,IT - Services,10.16,-23.16,,,11.54,16.2,0.17,34.87,6.86
Eureka Forbes,Consumer Durables,9202.15,-2.32,0.43,,3.69,5.04,0.02,11.05,47.1
Eureka Industrie,Textiles & Apparels,4.8,-45.36,6.32,25.5,,,,161.52,4.1
Euro India Fresh,Food Products,578.09,24.45,15.23,18.32,8.05,9.9,0.85,-6,198.66
Euro Leder Fash,Consumer Durables,7.65,-20.23,-8.86,,1.31,4.72,0.88,14.4,25.5
Euro Panel,Industrial Products,404.45,6.92,11.05,,14.86,15.92,0.89,7.07,16.42
Euro Pratik Sale,Consumer Durables,2556.74,,,,39.36,49.53,0.08,28.21,34.86
Eurotex Industri,Textiles & Apparels,11.3,7.58,-3.71,11.62,,-18.07,,-53.12,6.24
Evans Electric,Commercial Services & Supplies,50.98,-39.93,17.35,7.4,29.99,40.82,0,69.58,7.38
Eveready Inds.,Household Products,2407.4,9.71,2.38,1.61,19.48,16.96,0.75,7.6,31.86
Everest Inds.,Other Construction Materials,616.39,-27.43,-18.09,4.55,-1.1,0.75,0.54,-9.39,
Everest Kanto,Industrial Manufacturing,1258.41,-5.63,11.57,7.8,8.92,11.79,0.15,9.38,10.67
Everest Organics,Pharmaceuticals & Biotechnology,352.15,64.58,53.56,7.47,-2.23,1.76,,10.03,60.3
Everlon Fin.,Finance,59.84,-21.3,35.55,59.5,4.69,16.69,0,66.69,
Evexia Lifecare,Chemicals & Petrochemicals,281.6,-40,-8.22,-35.82,0.32,0.3,2.16,2.45,176
Evoq Remedies,Commercial Services & Supplies,7.47,-12.28,-37,,0.26,0.35,0,24746.67,4.24
Exato Technologies,IT - Services,314.9,,,,26.29,25.14,0.74,8.3,28.12
Excel Industries,Chemicals & Petrochemicals,1197.67,9.66,0.92,2,5.21,7.11,0.01,10.1,15.8
Excel Realty,Commercial Services & Supplies,149.53,39.47,33.05,42.56,0.4,0.42,0,9.65,
Excellent Wires,Industrial Products,39.76,65.03,,,9.7,12.24,0,13.6,32.59
Excelsoft Tech.,IT - Services,981.21,,,,10.31,16.42,0.12,20.86,25.71
Exhicon Events,Other Consumer Services,780.85,114.92,,,26.63,34.59,0.05,76.77,21.04
Exicom Tele-Sys.,Electrical Equipment,1291.91,-37.1,,,-16.48,-5.94,0.78,13.99,
Exide Inds.,Auto Components,28415.5,-3.88,23.16,10.11,5.74,8.65,0.11,3.05,34.13
Exim Routes,"Paper, Forest & Jute Products",300.5,,,,54.04,55.3,0.36,67.92,41.11
Expleo Solutions,IT - Services,1169.72,-15.98,-17.72,8.19,16.26,21.47,0.03,5.18,9.98
Explicit Finance,Commercial Services & Supplies,9.28,16.53,28.66,44.12,0,-0.13,0,-32.33,84.36
Expo Engineering,Industrial Products,131.85,28.53,68.18,67.25,11.99,12.84,0.82,-10.25,33.21
Exxaro Tiles,Consumer Durables,367.77,5.25,-12.76,,0.09,3.85,0.32,3.8,59.8
Eyantra Ventures,Commercial Services & Supplies,191.5,3.72,102.3,210.99,3.73,6.95,0.57,144.21,
F A C T,Fertilizers & Agrochemicals,48106.57,7.48,47.27,48.04,1.61,8.65,2.79,30.39,3248.25
F Mec Intl. Fin.,Finance,88.82,24.8,67.65,,12.39,14.92,0.89,20.92,51.34
Faalcon Concepts,Industrial Manufacturing,23.02,-28.11,,,18.62,22.97,0.12,36,8.56
Fabino Enter,Pharmaceuticals & Biotechnology,2.75,-52.36,-24.96,,1.44,5.61,0.44,63.67,
Fabtech Tech.,Healthcare Services,666.94,,,,20.78,21.98,0.22,44.45,120.17
Fabtech Techn.,Industrial Manufacturing,320.3,-7.95,,,18.11,21.16,0.11,37.39,26.8
Facor Alloys,Ferrous Metals,48.69,-38.52,-31.39,0.57,3.58,-2.63,0.13,259.52,
Fairchem Organic,Chemicals & Petrochemicals,773.25,-29.95,-14.55,-0.97,7.51,10.25,0.19,-19.77,243.93
Falcon,Commercial Services & Supplies,8.14,-52.72,,,7.38,10.59,1.34,51.77,11
Family Care,Healthcare Services,18.15,-30.86,-33.78,-25.16,85.52,79.25,0.59,-98.6,
Faze Three,Textiles & Apparels,1113.2,38.99,18.72,49.04,8.69,11.88,0.55,33.04,35.45
FCS Software,IT - Services,270.11,-43.37,-14.18,16.07,0.86,2.33,0,7.66,
FDC,Pharmaceuticals & Biotechnology,5806.62,-6.61,10.85,5.01,11.83,15.9,0.01,-0.01,25.02
Fedbank Financi.,Finance,4896.18,39.89,,,9.38,9.82,3.83,11.18,15.56
Fedders Holding,Finance,865.08,-20.81,15.34,47.65,7.05,7.37,0.09,-29.76,14.28
Federal Bank,Banks,73866.73,68.82,30.68,29.27,12.86,7.03,8.71,5.48,18.04
Federal-Mogul Go,Auto Components,2265.25,23.23,9.27,5.99,14.05,19.6,0,9,11.93
Felix Industries,Other Utilities,331.82,61.25,27.98,31.52,11.73,14.31,0.13,8.67,19.18
Fermenta Biotec.,Pharmaceuticals & Biotechnology,957.54,44.38,33.19,2.86,24.88,22.97,0.29,27.34,10.82
Fervent Synerg.,Commercial Services & Supplies,94.5,-20.62,0.99,5.3,7.47,7.47,0,-60.53,27.39
FGP,Finance,11.51,3.42,12.6,41.28,-0.89,0,0,-31.82,54.81
Fiberweb (India),Textiles & Apparels,121.01,3.24,5.35,7.41,8.88,10.05,0.04,6.71,7.31
Fidel Softech,IT - Software,180.96,13.69,28.04,,20.59,,0.38,,13.87
Fiem Industries,Auto Components,5728.47,58.53,36.96,51.58,20.99,27.8,0.06,15.51,23.81
Filatex Fash.,Textiles & Apparels,183.35,-54.17,-60.24,-17.34,0.41,0.63,0.02,-14.32,43.24
Filatex India,Textiles & Apparels,1925.88,8.59,3.6,5.03,10.61,14.08,0.1,1.36,10.41
Filmcity Media,Entertainment,5.87,-39.81,,,-5.08,-5.07,0,-100,
Filtra Consult.,Other Utilities,72.36,-5.71,26.52,48.6,11.4,16.53,0.08,-8.91,26.12
Filtron Engineer,Commercial Services & Supplies,637.07,,,,,,,,749.49
Finbud Financial,Financial Technology (Fintech),200.02,,,,35.59,33.95,0.84,17.37,20.47
Fine Line Cir.,IT - Hardware,40.28,-19.13,30.82,32.19,2.3,4.45,0.73,0.84,175.13
Fine Organic,Chemicals & Petrochemicals,14441.77,34.46,0.5,15.15,19.47,26.39,0.01,6.25,36.89
Finelistings Tec,Retailing,5.51,-56.25,,,-38.87,-32.56,0.13,-32,
Fineotex Chem,Chemicals & Petrochemicals,2749.39,3.33,0.92,27.97,18.37,23.76,0,2.07,28.31
Finkurve Fin.,Finance,1091.41,-31.25,-1.64,12.06,8.81,11.4,1.16,45.83,49.84
Fino Payments,Banks,1599.37,-13.37,-4.69,,13.31,6.64,3.93,28.84,22.36
Finolex Cables,Industrial Products,13974.07,11.86,7.62,18.41,13.44,17.67,0,16.37,20.52
Finolex Inds.,Industrial Products,11494.33,8.47,3.35,8.28,6.76,8.77,0,-5.57,24.13
First Custodian,Finance,13.12,-40.67,31.68,29.67,11.83,14.87,0,-82.84,
First Fintec,IT - Software,7.25,-0.43,2.57,6.87,-0.85,0.28,0.02,33.86,
Firstsour.Solu.,Commercial Services & Supplies,15070.3,-38.4,23.36,16.47,15.03,15.37,0.54,21.97,21.44
Fischer Medical,Healthcare Equipment & Supplies,2481.22,-55.35,54.82,71.75,0.7,1.08,0.08,215.86,62.7
Five-Star Bus.Fi,Finance,12287.83,-45.22,-8.6,,18.65,16.34,1.23,16.28,11.08
Flair Writing,Household Products,3247.76,43.93,,,12.49,16.12,0.05,18.73,24.09
Flex Foods,Agricultural Food & other Products,54.38,-23.21,-20.54,-11.84,-55.55,-6.18,15.46,21.64,
Flexituff Vent.,Textiles & Apparels,28.65,-75.04,-33.32,-19.1,,8.07,,-77.4,
Flomic Global,Transport Services,84.54,-20.89,-21.32,67.02,8.16,11.84,2.4,-8.45,
Flora Corporatio,Commercial Services & Supplies,6.99,0.25,,,2.31,3.36,0,-36.68,0.99
Fluidomat,Industrial Manufacturing,283.3,-24.05,41.94,44.9,31.44,42.24,0,-4.05,17.5
FlySBS Aviation,Transport Services,824.96,,,,26.22,34.65,0.09,82.08,17.54
Flywings Simula.,Other Consumer Services,191.23,,,,33.11,35.88,0.34,-10.97,17.32
Foce India,Consumer Durables,854.79,11.45,37.43,,20.11,19.06,0.5,45.55,64.03
Focus Business,IT - Software,91.09,135.63,102.2,,12.44,15.47,0.01,18.76,77.19
Focus Lighting,Consumer Durables,440.55,-14.65,-7.88,70,11.31,14.05,0.09,-15.92,120.7
Fone4 Communica.,Retailing,24.35,-41.13,17.54,,-57.74,-33.05,0.2,-65.02,
Fonebox Retail,Retailing,77.98,-21.2,,,14.12,33.64,0.18,24.76,15.26
Foods & Inns,Food Products,428.69,-32.91,-23.41,3.02,8.73,11.92,0.89,2.72,13.77
Forbes & Co,Consumer Durables,428.47,3.15,9.03,52.35,62.38,15.79,0.03,-25.35,18.61
Forbes Precision,Industrial Manufacturing,672.79,-16.52,,,18.84,24.96,0.13,5.64,25.09
Forcas Studio,Textiles & Apparels,184.59,30.6,,,20.61,21.69,0.49,22.84,16.01
Force Motors,Automobiles,32072.34,264.87,169.13,79.34,20.82,29.99,0,14.71,33.43
Forge Auto,Auto Components,91.95,10.94,,,24.92,23.64,0.57,23.46,8.72
Fortis Health.,Healthcare Services,71166.13,53.85,51.89,40.73,10.13,11.96,0.34,15.99,70.62
Fortis Malar,Healthcare Services,101.32,-6.31,1.49,0.66,0.56,0.83,0,-99.09,22.32
Fortune Interntl,Commercial Services & Supplies,47.86,28.26,28.93,41.11,10.19,-0.26,0.01,,14.73
Foseco India,Chemicals & Petrochemicals,4013.67,51.58,31.06,34.18,12.59,17.36,0,22.61,46.21
Foundry Fuel,Consumable Fuels,4.47,-3.97,-0.47,33.78,,,,-50,
Fourth Gen.,IT - Software,3.37,31.76,45.57,17.73,,-14.5,,-76.92,
Fractal Analyt.,IT - Software,13387.48,,,,11.25,12.05,0.21,25.91,76.14
Fractal Industries,Textiles & Apparels,171.14,,,,63.35,29.79,1.76,34.69,22.61
Franklin Indust.,Commercial Services & Supplies,30.08,-73.29,24.93,3.4,28.24,28.09,0,8.16,
Franklin Leasing,Finance,14.08,-41.7,-15.72,,0.56,0.93,0,-10.35,100.57
Fraser & Company,Commercial Services & Supplies,8.07,-1.49,0.34,16.26,-27.13,-24.63,0.19,354.55,
FratelliVineyard,Beverages,388.25,-56.84,47.29,37.93,-15.6,-3.35,0.97,-54.24,
Fredun Pharma,Pharmaceuticals & Biotechnology,871.68,138.71,23.23,23.18,15.83,18.94,1.08,45.86,25.6
Freshara Agro,Food Products,453.53,27.52,,,36.87,24.76,0.65,251.63,14.03
Frog Innovations,Telecom -  Equipment & Accessories,223.75,-53.3,-4.24,,16.07,21.46,0.08,39.09,12.99
Frontier Capital,Commercial Services & Supplies,14.21,-60.34,17.78,,11.54,11.31,0.1,7.41,59.21
Frontier Springs,Auto Components,1703.89,141.65,123.43,72.42,32.04,41.56,0.04,50.73,30.22
Frontline Corp.,Transport Services,14.25,-41.8,4.46,20.41,14.56,4.73,3.39,16.11,5.79
Fruition Venture,Commercial Services & Supplies,16.6,-23.17,4.6,27.04,-3.61,-1.52,0.25,78.89,63.85
FSN E-Commerce,Retailing,76008.47,67.18,22.98,,5.16,9.59,1.01,24.88,502.01
Fujiyama Power,Electrical Equipment,5756.54,,,,49.14,38.88,1.38,66.64,29.73
Fundviser Capit.,Finance,177.66,136.5,221.84,126.85,12.6,,0.64,,111.04
Fusion Finance,Finance,3037.88,24.17,-21.54,,-54.53,-2.96,2.57,-31.28,
Future Consumer,Retailing,71.89,-30.77,-24.9,-46.15,,12.02,,7.54,
Future Ent. DVR,Retailing,11.69,-29.62,-22.38,-25.96,,,,,
Future Enterp.,Retailing,31.25,-21.82,-26.88,-46.81,,-10.84,,-93.09,
Future Lifestyle,Retailing,24.21,-30.64,-40.34,-56.67,,-72.64,,-20.58,
Future Market,Commercial Services & Supplies,50.33,-56.48,18.01,-14.05,31.68,15.83,1.58,-2.59,
Futuristic Sec.,Finance,7.54,12.44,30.41,22.11,0.73,0.72,0,0,754
Futuristic Solu,Finance,43.95,-25.76,10.87,12.69,-0.52,-0.39,0.03,-46.01,91.56
Fynx Capital,Finance,133.6,384.06,118.54,,-20.06,-18.86,0.88,1376.19,
G G Automotive,Auto Components,173.68,-2.74,80.3,,19.7,20.44,0.39,17.38,15.04
G G Dandekar,Industrial Manufacturing,30.64,-34.1,2.64,6.31,0.12,-2.03,0.07,20.38,
G G Engineering,Electrical Equipment,79.22,-53.27,-23.11,-44.08,3.53,5.32,0.01,25.81,14.1
G K Consultants,Finance,12.21,-35.58,8.07,28.83,0.26,0.35,0,55.95,17.7
G K P Printing,Industrial Products,13.44,-3.78,-23.87,-7.56,3.87,4.87,0.09,-1.53,18.67
G M Breweries,Beverages,2274.41,65.26,31.24,24.03,14.57,18.13,0,13.99,13.93
G M D C,Minerals & Mining,18106.92,135.87,60.35,54.97,10.87,14.06,0.04,-6.72,28.31
G M Polyplast,Industrial Products,96.45,-37.69,-10.3,24.46,20.97,28.81,0.05,6.9,13.18
G N F C,Chemicals & Petrochemicals,6684.33,-2.98,-5.65,6.63,7.08,9.57,0,-4.11,10.73
G R Infraproject,Construction,9198.54,-5.44,-2.22,,12.15,13.95,0.63,7.49,8.58
G S Auto Intl.,Auto Components,46.19,-4.47,31.11,50,6.32,12.22,1.1,0.57,22.1
G S F C,Fertilizers & Agrochemicals,6727.5,0.78,9.77,10.91,4.77,6.18,0,6.87,9.72
G V Films,Entertainment,67.13,-35.71,-12.64,-1.08,-2.68,2.36,0.18,434.48,
G-Tec Janix,Other Consumer Services,19.6,-36.44,-20.26,-5.25,-103.44,-79.63,0.62,19.85,
G-Tech Info.,Commercial Services & Supplies,4.51,336.61,111.57,79.56,8.7,8.7,0,-9.09,
Gabion Technol.,Industrial Manufacturing,86.43,,,,35.48,22.73,2.12,-4.2,13.02
Gabriel India,Auto Components,14347.16,115.31,85.61,53.78,19.35,26.14,0.02,13.5,58.21
Gabriel Pet,Industrial Products,136.88,3.98,,,5.09,7.62,0.14,422.29,38.13
GACM Tech,Finance,62.94,-37.97,-20.36,-7.66,14.51,16.43,0,88.02,7.25
GACM Tech-DVR,Finance,8.91,-47.19,-58.88,-16.82,52.85,32.55,0,66.3,2.72
Gagan Gases,Chemicals & Petrochemicals,9.18,-0.49,23.6,25.01,8.49,10.64,0.12,167.14,83.45
GAIL (India),Gas,111467.66,8.65,17.92,11.97,13.09,14.05,0.25,3.07,12.98
Gajanan Sec.Serv,Finance,16.52,-44.81,63.7,,0.19,0.08,0,-22.22,22.03
Gajanand Inter.,Textiles & Apparels,16.29,-29.67,,,1.32,4.22,0.23,-42.67,
Gala Global,Household Products,7.86,-56.1,-43.06,-46.28,-12.27,-1.82,0.82,-1.92,
Gala Precis. Eng,Industrial Manufacturing,959.75,-24.53,,,14.96,17.07,0.09,34.16,28.09
Galactico Corpo.,Diversified,31.71,-31.62,-47.9,7.77,5.75,6.94,0.41,30.06,19.7
Galada Finance,Finance,7.55,27.11,32.15,18.65,4.42,7.64,1.56,49.38,20.97
Galada Power,Electrical Equipment,5.04,,41,30.73,,-16.1,,,
Galaxy Agrico,Industrial Manufacturing,73.75,56.85,44.35,48.99,-2.7,-1.89,0.38,-0.85,
Galaxy Bearings,Industrial Products,151.77,-30.07,-19.95,19.97,13.63,16.13,0.25,-32.32,23.83
Galaxy Cloud,Food Products,81.04,-69.56,4.15,4.89,,,,249.66,76.45
Galaxy Medicare,Healthcare Equipment & Supplies,25.79,,,,14.46,17.72,0.06,8.43,7.01
Galaxy Surfact.,Chemicals & Petrochemicals,6959.06,-10.46,-6.42,-3.39,13.46,16.22,0.11,26.72,23.96
Gallantt Ispat L,Industrial Products,13907.43,88,113.84,62.87,15.11,19.2,0.21,-2.54,29.01
Gallard Steel,Auto Components,147.25,,,,43.19,30.48,0.89,98.81,24.26
Gallops Enterp.,Realty,12.6,27.99,15.08,38.81,-12.81,-12.81,0,-25,114.55
Gamco Ltd,Finance,195.76,6.94,66.57,94.85,6.7,6.98,2.01,114.76,
Game Changers,Textiles & Apparels,196.37,,,,80.63,71.16,0.47,17.97,12.92
Gandhar Oil Ref.,Petroleum Products,1374.52,1.89,,,6.65,10.59,0.26,5.61,12.93
Gandhi Spl. Tube,Industrial Products,1061.48,47.36,20.21,26.86,21.03,27.53,0,11.4,14.78
Ganesh Benzopl.,Oil,592.83,-23.01,-20.35,1.51,13.53,17.56,0.09,-4.94,7.26
Ganesh Consumer,Food Products,711.59,,,,15.81,18.97,0.53,12.04,19.02
Ganesh Green,Electrical Equipment,647.31,-27.2,,,23.03,25.22,0.15,109.12,12.94
Ganesh Holdings,Commercial Services & Supplies,6.22,-35.55,28.06,,-6.93,-6.93,0,-35.71,
Ganesh Housing,Realty,5601.11,-37.96,27.4,62.76,37.79,44.02,0.03,-32.22,13.34
Ganesh Infra.,Construction,336,-37.92,,,36.18,37.9,0.35,77.55,5.3
Ganesha Ecosphe.,Textiles & Apparels,2071.73,-41.09,-3.87,4.54,9.38,11,0.43,-1.72,53.45
Ganesha Ecoverse,Commercial Services & Supplies,58.54,-30.31,-8.33,25.42,-42.12,,0.57,,
Ganga Bath Fitt.,Consumer Durables,37.42,,,,32.78,27.58,0.16,135.13,24.46
Ganga Forging,Industrial Products,40.58,-43.42,-7.07,-1.64,1.01,3.13,0.58,-13.12,
Ganga Papers,"Paper, Forest & Jute Products",86.96,-24.21,1.42,21.85,5.19,6.44,1.3,4.84,59.97
Ganga Pharma.,Pharmaceuticals & Biotechnology,7.09,2.83,-4.85,9.86,1.13,3.18,0.19,-1.1,88.62
Ganges Securitie,Agricultural Food & other Products,123.78,-3.39,5.09,14.99,0.95,1.1,0,-9.09,73.24
Ganon Products,Commercial Services & Supplies,13.47,106.88,,7.41,0.36,8.73,1.07,-90.12,40.82
Garbi Finvest,Finance,15.25,6.3,-24.12,,1.86,2.27,0,-57.37,26.29
Garden Reach Sh.,Aerospace & Defense,27883.1,93.8,77.3,64.94,27.6,36.64,0.01,46.65,40.47
Garg Furnace,Industrial Products,108.26,-19.66,49.03,55.57,13.7,13.54,0.01,11.45,9.89
Garment Mantra,Textiles & Apparels,79.56,39.84,0.38,-11.94,7.31,7.38,0.36,40.81,8.61
Garnet Construct,Realty,122.42,288.49,83.9,33.91,7.47,9.96,0.06,202.45,3.38
Garnet Intl.,Finance,123.21,-53.47,-0.05,13.37,4.67,4.27,0.02,-76.64,26.84
Garuda Cons,Construction,1652.61,68.6,,,22.09,30.09,0,126.38,15.57
Garware Hi Tech,Industrial Products,9790.6,11.76,89.96,46.34,15,20.57,0.01,3.16,31.81
Garware Marine,Textiles & Apparels,13.14,-5.71,39.4,48.64,2.96,3.03,0,-5.36,42.39
Garware Synth,Commercial Services & Supplies,13.31,-20,39.63,40.41,,-3.05,,0.75,28.32
Garware Tech.,Textiles & Apparels,6376.84,-14.68,3.01,4.35,18.72,24.68,0.1,3.03,30.03
Gateway Distri,Transport Services,2939.9,-1.74,-1.54,,12.24,10.65,0.32,45.54,11.98
Gaudium IVF,Healthcare Services,584.19,,,,52.2,48.63,0.41,47.67,24.86
Gautam Exim,Commercial Services & Supplies,84.73,151.14,52.23,66.88,0.98,3.11,0.06,-61.54,770.27
Gautam Gems,Consumer Durables,12.99,-27.89,-40.76,-43.21,0.55,1.35,0.1,-1.7,40.59
Gayatri BioOrga.,Chemicals & Petrochemicals,105.89,125.88,24.59,19.09,,-40.72,,,
Gayatri Highways,Transport Infrastructure,55.12,170.59,39.35,26.86,,2.97,,-79.26,44.45
Gayatri Projects,Construction,237.74,112.37,21.97,-20.2,,7.99,,66.1,1.14
Gayatri Rubbers,Industrial Products,229.52,-11.5,122.02,,22.45,31.91,0.39,30.47,54.52
Gayatri Sugars,Agricultural Food & other Products,63.23,-19.18,39.42,35.69,,36.62,,-13.03,
GB Logistics,Transport Services,31.52,-11.99,,,26.38,28.2,0.57,120.04,2.36
GCM Capital,Finance,6.18,-33.64,-20.74,22.56,-0.7,1.1,0.02,67.11,
GCM Commodity,Finance,3.45,-25.52,-10.86,,-50.34,-49.66,0,-100,
GCM Securit.,Capital Markets,12.73,-25.56,-33.12,-28.68,-17.58,-14.12,0.44,-100,
Gconnect Logitec,Transport Services,8.4,-21.82,,,4.22,6.43,0,5.43,31.11
GDL Leasing,Finance,52.71,,,,8.19,11.58,0.16,167.89,58.57
GE Power,Electrical Equipment,3202.38,102.92,60.21,11.51,105.32,6.09,0.05,18.69,19.07
GE Shipping Co,Transport Services,19115.1,65.15,33.14,34.16,14.09,13.86,0.08,-8.51,8.45
GE Vernova T&D,Electrical Equipment,98584.37,187.69,231.59,96.39,40.35,54.74,0.01,41.16,88.22
GEE,Electrical Equipment,366.13,18.43,24.42,32.34,-4.65,-1.09,0.4,2.12,
GeeCee Vent.,Realty,602.15,-20.38,27.77,23.25,6.65,8.4,0,-68.51,26.87
Geekay Wires,Industrial Products,260.78,-33.71,26.11,25.7,28.48,25.36,0.81,5.14,8.49
Geetanjali Cred.,Finance,2.45,3.36,43.11,39.46,-0.96,-0.96,0.02,-100,
Gem Aromatics,Chemicals & Petrochemicals,1035.44,,,,20.73,19.43,0.32,11.38,35.06
Gem Enviro,Other Utilities,96.97,-52.2,,,14.67,19.71,0,146.39,19.71
Gem Spinners,Textiles & Apparels,32.65,28.19,-8.65,25.34,,-9.92,,,
Gemstone Invest.,Commercial Services & Supplies,11.36,-38.96,22.84,-3.32,1.3,1.91,0,13.61,103.27
General Insuranc,Insurance,67202.29,3.84,38.78,14.15,10.99,13.32,0,13.96,6.98
Generic Engineer,Realty,259.8,70.75,-10.55,-4.2,2.97,7.55,0.23,-10.33,20.27
Genesis IBRC,Pharmaceuticals & Biotechnology,98.09,311.4,88.58,58.85,51.62,51.62,0,-100,
Genesys Intl.,IT - Services,1256.43,-54.68,-8.38,28.96,10.76,15.03,0.21,10.32,29.1
Gennex Lab.,Pharmaceuticals & Biotechnology,273.07,-10.79,28.56,22.11,10.23,13.01,0.41,14.24,15.6
Genomic Valley,Pharmaceuticals & Biotechnology,8.71,-51.56,9.43,3.85,9.69,11.84,0,-16.95,
Genpharmasec,Commercial Services & Supplies,65.34,-41,-20.06,-26.36,1.9,3.35,0.17,229.39,
Gensol Engineer.,Electrical Equipment,96.85,-95.3,-56.29,2.51,22.38,14.33,2.33,74.22,0.94
Genus Paper & Bo,"Paper, Forest & Jute Products",329.64,-24.68,-4.99,12.7,0.61,4.73,0.85,17.84,34.99
Genus Power,Electrical Equipment,7979.63,4.58,44.31,48.18,17.49,19.21,0.93,115.57,14.45
Genus Prime,Chemicals & Petrochemicals,37.36,-0.08,31.77,36.1,-0.09,-0.06,0.15,1195.83,62.27
Geojit Fin. Ser.,Capital Markets,1762.94,-11.47,15.48,6.21,16.83,18.84,0.11,-15.34,17.76
Getalong Enterp.,Commercial Services & Supplies,10.86,-80,-16.02,,15.67,15.31,0.08,-40,10.54
GFL,Finance,502.34,-22.88,-8.98,-11.99,-2.96,-1.89,0,10.67,425.71
GHCL,Chemicals & Petrochemicals,4405.48,-17.09,-1.03,18.27,18.57,24.19,0.03,-5.28,8.69
GHCL Textiles,Textiles & Apparels,730.28,2.43,,,3.96,4.53,0.04,6.43,12.83
Ghushine Fintrra,Textiles & Apparels,10.38,,,,0,0,0.1,211.72,
GHV Infra,Construction,2481.54,727.45,357.74,,,,0.4,,86.34
Gian Lifecare,Healthcare Services,8.84,-39.49,-27.69,-5.07,-0.21,2.4,0.31,-62.85,
GIC Housing Fin,Finance,830.96,-6.87,-2.93,2.6,8.98,8.73,4.52,1.31,5.76
Gilada Finance,Finance,18,22,-3.6,3.11,9.31,12.69,0.38,9.91,8.04
Gillanders Arbut,Agricultural Food & other Products,197.4,-10.41,12.53,17.08,6.83,6.8,0.58,5.74,12.76
Gillette India,Personal Products,27188.21,5.8,21.47,8.47,41.62,56.06,0,10.08,43.82
Gini Silk Mills,Commercial Services & Supplies,34.1,-32.06,18.24,1.72,2.24,3.23,0.08,-1.94,20.18
Ginni Filaments,Textiles & Apparels,333.95,76.59,19.5,15.65,2.14,5.28,0.19,12.06,6.95
Giriraj Civil,Construction,321.49,-49.47,58.74,68.86,14.63,20.32,0.07,116.66,14.9
Gita Renewable,Power,31.94,-34.34,-7.25,40.37,-2.93,-2.93,0,-100,
GK Energy,Construction,2258.17,,,,100.52,74.29,0.53,166.32,12.17
GKB Ophthalmics,Healthcare Equipment & Supplies,29.67,-27.61,-18.65,-3.18,-12.66,-6,0.28,51.01,
GKW,Finance,989.47,4.97,48.12,26.51,-0.75,-0.37,0,28.17,139.36
Glance Finance,Finance,43.99,31.85,52.48,34.62,5.67,9.46,0.03,-38.24,42.71
Gland Pharma,Pharmaceuticals & Biotechnology,30021.91,17.35,12.12,-5.03,7.81,11.89,0.03,6.7,34.74
Glaxosmi. Pharma,Pharmaceuticals & Biotechnology,43564.46,3.89,24.38,12.03,46.87,63.25,0.02,2.59,43.31
Gleam Up Jwel Limiteed,Commercial Services & Supplies,13.57,54.86,,50.93,0.1,0.13,0.54,2995.38,678.5
GLEN Industries,Industrial Products,179.26,,,,36.35,20.42,0.84,18.83,9.94
Glenmark Pharma.,Pharmaceuticals & Biotechnology,60297.85,67.07,70.76,35.49,15.79,19.4,0.13,25.44,22.28
Glittek Granites,Other Construction Materials,205.68,1885.71,207.69,115.12,-280.48,-115.33,0.06,-89.19,8.1
Global Cap.Mkt.,Finance,20.71,-31.58,-17.32,45.41,-1.87,-1.77,0,-38.65,17.4
Global Education,Other Consumer Services,511.66,95.68,9.02,58.69,26.67,35.93,0,15.04,23.91
Global Health,Healthcare Services,30609.85,-0.94,30.73,,16.48,19.74,0.25,17.16,54.05
Global Longlife,Healthcare Services,17.84,-29.21,-27.99,,-17.68,-13.69,0,-100,
Global Ocean,Transport Services,189.56,,,,52.56,61.29,0.19,86.46,27.79
Global Offshore,Transport Services,153.84,-40.95,10.11,39.42,-8.58,-5.07,0.47,2.19,
Global Pet Indus,Industrial Manufacturing,133.2,3.67,,,11.42,14.73,0,19.86,36
Global Surfaces,Consumer Durables,350.92,-26.93,,,-9.08,-1.97,0.71,-5.21,
Global Vectra,Transport Services,228.49,-30.06,44.72,28.35,-2.97,6.66,140.88,-5.19,
Globale Tessile,Textiles & Apparels,12.08,-49.35,,,-6.77,-0.47,1.07,-26.51,
Globalspace Tech,IT - Software,63,16.01,-1.6,-10.23,1.41,2.13,0.16,13.31,252
Globe Civil,Construction,302.06,,,,26.2,23.28,0.63,13.98,12.69
Globe Commercial,Commercial Services & Supplies,10.29,-45.06,-26.65,22.43,7.3,10.07,0,360.78,0.36
Globe Enterprises,Textiles & Apparels,119.81,0,6.53,-0.3,6.61,10.45,1.08,11.73,15.09
Globe Intl. Car.,Transport Services,541.86,87.96,69.04,88.76,8.51,11.18,0.62,36.82,55.46
Globesecure Tech,IT - Services,43.04,18.42,-40.94,,-8.6,-4.85,0.15,-41.44,
Globtier Infotec,IT - Services,35.53,,,,31.73,31.11,0.04,7.04,5.9
Globus Power,Power,125.27,-20.73,-4,14.87,-7.29,-7.29,0,-100,
Globus Spirits,Beverages,2592.28,3.37,1.92,21.99,2.54,5.8,0.45,10.48,32.57
Gloster Ltd,"Paper, Forest & Jute Products",615.34,-1.2,-4.99,13.82,-1.31,1.55,0.7,106.83,80.86
Glottis,Transport Services,445.01,,,,79.56,89.96,0.25,89.3,11.6
GMM Pfaudler,Industrial Manufacturing,4194.96,-15.72,-16.14,-8.19,6.64,13.09,0.92,8.11,37.47
GMR Airports,Transport Infrastructure,106254.98,44.85,37.99,32.9,,6.92,,37.36,
GMR Urban,Power,9394.08,21.85,85.97,,,13.18,8.23,13.21,
GNA Axles,Auto Components,1798.8,39.76,-2.71,16.52,12.54,14.31,0.22,-5.76,16.11
GNG Electronics,IT - Hardware,4397.99,,,,35.33,19.84,0.32,23.98,42.04
Go Digit General,Insurance,31039.08,10.14,,,11.87,10.8,0.08,9.48,60.8
Go Fashion (I),Retailing,1671.85,-56.37,-31.21,,14.32,15.09,0.72,2.62,23.51
Goa Carbon,Minerals & Mining,332.1,-13.82,-7.29,2.17,-10.32,-2.28,2.08,13.11,
Goblin India,Consumer Durables,11.29,-65.23,-50.86,-20.88,4.63,7.73,0.29,16.74,15.26
GOCL Corpn.,Chemicals & Petrochemicals,1303.76,-8.7,-5.77,1.82,7.45,7.02,0.06,-93.86,5.29
Godavari Bioref.,Diversified FMCG,1507.9,83.58,,,-3.79,5.79,0.68,5.11,27.97
Godavari Drugs,Pharmaceuticals & Biotechnology,58.52,-5.17,-0.53,13.98,10.57,10.1,1.63,-22.41,16.72
Godawari Power,Industrial Products,17854.41,70.8,53.98,55.55,17.23,23.25,0.04,-3.66,24.07
Godfrey Phillips,Cigarettes & Tobacco Products,32996.38,22.29,51.99,47.72,19.93,26.32,0.03,25.73,25.42
Godrej Agrovet,Food Products,12313.86,-10.47,13.32,5.95,17.68,16.59,1.19,6.93,26.7
Godrej Consumer,Personal Products,124580.03,21.13,10.11,12.15,15.21,19.21,0.34,7.29,64.13
Godrej Industrie,Diversified,33446.4,-9.53,33.38,17.05,9.64,7.83,4.48,10.18,33.24
Godrej Propert.,Realty,52138.82,-10.6,15.64,2.37,8.98,6.57,0.89,-10.22,32.62
Goel Construct.,Construction,419.04,,,,34.25,38.7,0.1,52.82,10.94
Goel Food,Leisure Services,20.93,-24.28,-25.64,,20.54,17.54,1.15,15.21,4.19
Goenka Business,Finance,12.14,-18.07,8.22,26.79,-1.85,52.31,0,71.7,26.39
Gogia Capital,Capital Markets,50.57,-25.89,24.33,13.86,-16.31,-16.07,0,-111.73,
Gokak Textiles,Textiles & Apparels,46.15,4.72,43.08,21.51,,-0.85,,-29.09,
Gokaldas Exports,Textiles & Apparels,4685.16,-21.37,16.96,50.79,8.16,10.62,0.46,7.45,40.04
Gokul Agro,Agricultural Food & other Products,5004.08,29.52,44.1,72.85,26.95,34.2,0.48,29.47,16.73
Gokul Refoils,Agricultural Food & other Products,399.35,-18.17,7.69,16.44,4.12,8.4,0.96,17.22,20.72
Golden Carpets,Consumer Durables,6.56,-20.85,5.71,17.55,,-2.85,,25.61,
Golden Crest,Other Consumer Services,135.53,-63.23,82.66,60.71,1.49,2.05,0,-10.81,968.07
Golden Legand Ls,Finance,15.94,32.02,,,-17.55,-11.71,0.02,2082.82,2.63
Golden Tobacco,Realty,52.54,-20.66,-19.02,-8.15,,,,49.54,9.91
Goldiam Intl.,Consumer Durables,3971.32,-4.04,35.79,38.18,17.13,24.59,0.02,28.83,25.37
Goldkart Jewels,Consumer Durables,428.53,15.73,121.48,90.41,7.72,10.61,0.23,32.72,98.51
Goldstar Power,Auto Components,226.1,-20.2,-6.03,55.11,,,0.16,,16.38
Golech.Glob.Fin.,Commercial Services & Supplies,12.75,-1.53,0.13,28.57,-6.81,-7.28,0,-3.15,
Golkonda Alumin.,Non - Ferrous Metals,4.61,-10.82,-30.38,1.06,0.74,0,297.62,-11.11,51.22
Golkunda Diamond,Consumer Durables,202.64,25.9,34.99,72.25,19.79,19.88,0.52,1.28,16.66
Goodluck India,Industrial Products,3911.18,85.72,41.09,74.75,13.64,15.1,0.72,10.25,23.27
Goodricke Group,Agricultural Food & other Products,333.29,-17.62,-6.47,-7.3,2.86,3.22,0.37,-10.62,114.53
Goodyear India,Auto Components,1841.22,-4.64,-8.94,-4,9.31,13.01,0.05,-3.66,32.48
Gopal Iron Stl.,Industrial Products,5.68,65,4.92,14.11,-2.22,-1.4,0.58,-70.07,
Gopal Snacks,Food Products,3719.98,7.28,,,11.42,16.31,0.15,-6.17,105.08
Gorani Industrie,Consumer Durables,33.95,-34.27,-29.36,39.74,6.68,9.7,0.9,-22.9,36.9
Gothi Plascon,Consumer Durables,38.78,-7.49,7.68,14.17,14.24,18.85,0.18,9.26,21.79
Gourmet Gateway,Leisure Services,175.52,-37.3,39.53,61.07,-3.12,4.32,1.31,15.38,
Gowra Leasing,Finance,69.65,32.21,70,39.69,16.9,18.34,0.74,184.82,12.92
Goyal Aluminiums,Commercial Services & Supplies,98.06,-17.92,-36.99,44.78,10.84,10.7,0.06,-26.76,38.61
Goyal Associates,Finance,4.61,-43.14,-26.6,-20.03,16.91,17.37,0.19,-56.21,19.21
Goyal Salt,Food Products,224.47,-20.13,,,15.63,16.92,0.76,7.68,21.79
GP Eco Solutions,Electrical Equipment,419.99,27.81,,,23.61,25.36,0.9,78.01,26.14
GP Petroleums,Petroleum Products,163.56,-17.43,-1.58,-5.71,8.38,10.81,0.05,12.62,6.04
GPT Healthcare,Healthcare Services,1036.02,-3.57,,,21.3,27.23,0.38,10.48,25.56
GPT Infraproject,Construction,1567.17,33.58,69.43,64.55,19.58,21.87,0.33,13.94,17.48
Grameva,"Paper, Forest & Jute Products",30.24,9.09,51.97,35.68,6.17,9.42,1.1,-14.77,60.48
Grand Continent,Leisure Services,276.36,,,,15.56,19.48,0.24,103.18,41.12
Grand Foundry,Industrial Products,35.85,42.96,28.9,41.18,,,,-100,
Grand Oak Canyon,Finance,1592.97,28.51,58.57,74.45,-1.17,-0.22,3.05,-87.3,332.56
Grandma Trading,Commercial Services & Supplies,6.4,-18.33,,,-37.74,-31.02,,-35.48,
Granules India,Pharmaceuticals & Biotechnology,14129.39,26.08,27.11,11.24,13.86,15.14,0.45,14.18,26
Graphisads,Media,57.57,-40.57,,,8.32,8.61,0.48,-5.62,8.39
Graphite India,Industrial Products,14029.92,83.45,34.42,8.45,8,10.11,0.05,3.37,40.36
Grasim Inds,Cement & Cement Products,190532.65,21.38,20.82,17.3,3.95,7.5,2.06,18.78,41.31
Gratex Industrie,"Paper, Forest & Jute Products",5.51,-5.85,4.33,5.79,2.52,3.85,0.01,-7.25,61.22
Grauer & Weil,Chemicals & Petrochemicals,2834.28,-28.16,6.96,24.38,17.58,23.34,0.01,4.3,20.21
Graviss Hospital,Leisure Services,211.49,-32.83,6.62,15.17,4.7,1.18,0.06,6.82,
Gravita India,Minerals & Mining,11905.3,1.15,52,70.41,21.17,21.5,0.2,11.76,31.16
Gravity (India),Textiles & Apparels,14.14,212.95,59.52,61.95,-65.58,-38.24,0.66,5530.28,2.47
GRE Renew,Construction,138.71,,,,26.9,33.52,0.04,-7.33,19.73
Greaves Cotton,Industrial Products,3561.92,-33.11,6.13,1.68,4.11,5.13,0.13,17.74,32.8
Greenchef Appli.,Consumer Durables,106,-28.66,,,5.08,6.14,0.77,8.8,
Greencrest Finan,Commercial Services & Supplies,18.64,-29.17,-18.44,-3.2,2.24,5.28,0.83,-46.43,
Greenhitech Ven.,Petroleum Products,107.16,-20.06,,,12.79,,0.03,,96.54
Greenlam Industr,Consumer Durables,6098.29,6.12,15.96,20.47,6.07,7.41,1.03,14.28,335.66
Greenleaf Envi.,Other Utilities,70.38,,,,44.61,46.45,0.48,18.04,11.14
Greenpanel Inds.,Consumer Durables,2522.81,-23.51,-10.25,2.72,5.34,4.48,0.3,3.92,
Greenply Industr,Consumer Durables,2757.52,-19,16.96,3.73,12.03,12.36,0.64,7.09,37.14
Gretex Corporate,Capital Markets,867.14,52.85,94.14,,0.86,2.7,0.06,-19.49,
Gretex Industrie,Entertainment,418.66,30.06,119.59,97.44,6.55,5.74,0.02,5.75,152.24
Grill Splendour,Leisure Services,69.42,42.69,,,-34.93,-24.53,0.14,-3.13,
Grindwell Norton,Industrial Products,18406.09,15.62,-3.03,12.76,16.04,20.9,0.04,5.28,47.31
GRM Overseas,Agricultural Food & other Products,3329.24,119.43,16.81,46.52,16.03,13.5,0.44,0.04,45.38
Groarc Industrie,IT - Software,12.83,-0.79,-14.83,,2.21,2.91,0.04,-31.32,
Grob Tea Co,Agricultural Food & other Products,110.13,10.82,5.11,-1.05,11.25,12.71,0.14,2.53,19.63
Grover Jewells,Consumer Durables,237.05,,,,59.43,52.18,0.56,78.67,30.95
Grovy India,Realty,56.01,-19.89,19.68,38.01,9.12,7.63,0.75,15.98,25.23
Growington Vent,Commercial Services & Supplies,59.73,-48.04,-40.79,2.8,12.52,17.26,0.11,174.63,15.8
GRP,Industrial Products,967.36,-28.09,38.18,55.42,17.44,17.52,1.12,4.38,38.4
GSB Finance,Finance,19.85,-20.9,54.04,34.56,5.14,6.42,0,-48.73,
GSL Securities,Finance,22.68,190.58,94.42,63.73,-2.78,-4.17,0,-90.48,
GSM Foils,Industrial Products,290.24,69.27,,,45.66,45.64,0.24,118.02,17.1
GSS Infotech,IT - Services,35.29,-70.37,-60.78,-23.93,-0.39,0.02,0.41,-19.38,
GTL,Telecom - Services,110.58,-17.49,8.86,0.82,,,,-5.46,
GTL Infra.,Telecom - Services,1409,-25.68,8.97,2.98,,,,3.03,
GTN Industries,Textiles & Apparels,38.05,-21.38,-12.03,14.13,-5.4,-0.95,0.37,-4.66,
GTN Textiles,Textiles & Apparels,10.39,-7.84,-7.13,11.42,,-1.48,,,
GTPL Hathway,Entertainment,657.46,-44.89,-19.89,-13.9,4.13,5.9,0.33,8.61,15.84
GTT Data,IT - Software,237.65,-16.18,235.34,125.8,-30.35,-15.35,0.21,818.39,
GTV Engineering,Industrial Manufacturing,293.8,29.52,60.66,103.42,27.38,28.49,0.1,-18.24,19.08
Gufic BioScience,Pharmaceuticals & Biotechnology,2838.5,-14.37,10.1,18.87,12.27,13.15,0.58,10.8,56.74
Guj Apollo Inds,Industrial Manufacturing,485.21,43.83,21.01,11.65,0.16,1.31,0.09,51.88,
Guj Inds. Power,Power,2191.96,-10.51,21.52,12.16,6.19,6.44,0.79,8.55,15.09
Guj Pipavav Port,Transport Infrastructure,8550.6,41.55,17.47,12.35,18.96,24.89,0.02,10.8,19.4
Guj. Ambuja Exp,Agricultural Food & other Products,6464.5,35.79,6.82,16.41,8.59,11.46,0.09,17.82,31.64
Guj. Containers,Industrial Products,88.03,-11.63,0.83,51.69,17.41,18.36,0.38,-4.09,13.14
Guj. Craft Inds,Industrial Products,50.67,-22.01,11.18,21.75,4.35,7.31,1.06,5.86,22.52
Guj. Credit Corp,Finance,63.75,-22.73,4.08,46.26,-6.47,-0.99,1.36,,
Guj. Inject(Ker),Pharmaceuticals & Biotechnology,94.05,132.1,108.04,,11,13.48,0,-51.21,376.2
Guj. Lease Fin.,Finance,15.11,6.1,25.77,10.7,,1.02,,2.44,377.75
Guj. Petrosynth.,Chemicals & Petrochemicals,35.82,6.1,22.3,23.25,2.93,4.45,0,36.93,14.8
Guj. Raffia Inds,Industrial Products,20.41,-8.06,12.53,-13.81,2.49,3.97,0.1,137.98,27.58
Guj. State Fin.,Finance,99.45,-33.69,17.38,32.82,,,,-25,
Guj. Terce Labs.,Pharmaceuticals & Biotechnology,29.89,-43.49,30.7,36.82,-14.57,41.41,0.08,-3.37,
Guj. Themis Bio.,Pharmaceuticals & Biotechnology,3359.4,40.83,51.82,58.95,21.69,27.29,0.27,2.74,70.31
Guj. Toolroom,Industrial Products,83.54,-67.21,-23.87,46.14,26,23.96,0.2,-86.92,4.64
Guj.Nat.Resour.,Oil,1302,374.94,107.68,50.32,-2.87,-0.56,0.05,0.38,179.59
Guj.St.Petronet,Gas,17194.34,11.94,2.07,4.09,9.89,15.16,0.01,-7.5,16.34
Gujarat Alkalies,Chemicals & Petrochemicals,3509.7,-8.82,-9.07,6.93,-1.13,-0.34,0.11,7.73,
Gujarat Cotex,Textiles & Apparels,11.89,-37.87,41.14,45.97,3.26,3.59,0.12,64.91,20.15
Gujarat Fluoroch,Chemicals & Petrochemicals,38264.05,-2.83,2.81,43.3,8.29,9.89,0.23,4.46,57.37
Gujarat Gas,Gas,28045.01,10,-7.29,-5.23,14.25,19.5,0.02,-6.7,24.13
Gujarat Hotels,Leisure Services,72.16,-29.77,11.66,12.92,11.44,14.98,0,11.34,12.53
Gujarat Hy-Spin,Textiles & Apparels,16.92,-49.88,-6.86,4.77,0.52,4.09,0.49,-5.64,188
Gujarat Intrux,Industrial Products,148.34,3.04,43.21,33.92,16.56,22.05,0,5.42,13.6
Gujarat Kidney,Healthcare Services,896.68,,,,51.22,51.52,0.32,743.61,91.03
Gujarat Peanut,Food Products,89.28,,,,44.36,22.64,0.84,22.25,14.49
Gujarat Poly,Electrical Equipment,50.06,-22.56,21.87,50.24,20.84,12.5,0.7,-6.78,1.76
Gujarat Winding,"Paper, Forest & Jute Products",4.27,20.44,60.59,-1.4,1.44,1.92,0,,
Gulf Oil Lubric.,Petroleum Products,5455.25,0.53,38.44,7.74,25.46,28.3,0.29,10.71,14.82
Gulshan Polyols,Agricultural Food & other Products,1002.42,2.57,-5.6,15.31,3.91,6.3,0.71,35.17,23.5
Gurunanak Agri.,"Agricultural, Commercial & Construction Vehicles",37.8,,,,66.2,55.48,0.25,-0.77,7.92
GVK Power Infra.,Construction,440.6,-28.09,-0.71,1.82,,10.55,,-84.93,
GVP Infotech,IT - Software,113.68,-25.27,-42.84,37.5,-1.58,-1.44,0,-29.68,
Gyan Developers,Realty,11.25,8.92,89.38,65.71,22.43,32.01,0,528.57,8.72
H D I L,Realty,117.08,-27.78,-14.49,-14,,-0.11,,-23.14,
H P C L,Petroleum Products,93358.21,49.36,45.15,21.6,13.76,10.52,1.11,-0.61,6.06
H P Cotton Tex,Textiles & Apparels,43.61,13.47,7.42,23.86,17.1,19.22,2.17,26.71,13.3
H T Media,Media,507.91,19.89,5.56,-3.59,0.03,2.51,0.48,6.68,11.58
H U D C O,Finance,37385.48,13.09,60.88,28.29,15.67,9.62,7.03,30.44,13.44
H. S. India,Leisure Services,19.34,-22.46,6.25,19.68,4.51,7.04,0.45,-0.57,14.88
H.G. Infra Engg.,Construction,3522.17,-43.96,-9.53,13.91,18.28,16.76,1.84,-4.35,9.23
H.M. Electro,Construction,64.93,-20.11,,,17.12,22.41,0.09,3.96,8.79
Halder Venture,Agricultural Food & other Products,311.26,30.87,38.2,48.43,14.76,16.18,2.01,-48.08,76.67
Haldyn Glass,Industrial Products,498.92,-0.78,15.6,24.77,8.88,11.54,0.6,14.87,21.36
Haleos Labs Limited,Pharmaceuticals & Biotechnology,381.02,14.5,31.77,18.92,10.76,11.78,0.34,0.62,19.19
Hamps Bio,Agricultural Food & other Products,16.39,-25.15,,,4.94,6.68,0.44,3.64,
Hampton Sky,Realty,308.48,-55.04,-36.23,30.26,3.84,6.07,0.46,-89.25,
Handson Global,IT - Services,70,17.63,9.19,6.99,18.03,20.13,1.01,146.56,162.79
Hanman Fit,Leisure Services,4.97,38.3,23.19,16.54,-39.42,-33.74,0,-35,
Hannah Joseph,Healthcare Services,136.6,,,,14.77,16.97,0.6,22.27,18.95
Happiest Minds,IT - Software,5478.85,-47.57,-25.13,-7.36,12.61,15.25,0.78,16.66,26.45
Happy Forgings,Industrial Products,12580.51,58.16,,,15.46,19.17,0.1,5.3,44.01
Happy Square,Commercial Services & Supplies,45.07,,,,61.94,40.91,0.2,40.58,8.89
Hardcast.& Waud,Chemicals & Petrochemicals,47.99,-4.62,24.26,30.43,2.91,6.31,0,67.04,16.16
Hardwyn India,Consumer Durables,848.9,33.49,3.98,42.87,2.89,4.23,0.02,2.86,72.99
Hari Govind Intl,Textiles & Apparels,177.45,,,,-2.64,-2.18,0.01,,
Haria Apparels,Textiles & Apparels,8.26,11.34,5.8,38.75,14.71,15.08,0.44,,10.32
Haria Exports,Consumer Durables,8.09,14.01,11.87,52.45,0.78,0.78,0,,62.23
Harig Crankshaft,Auto Components,7.15,,,,,,,,
Hariom Pipe,Industrial Products,1140.22,6.32,-3.23,,11.87,14.11,0.69,21.05,18.13
Harish Textile,Industrial Manufacturing,22.56,-3.37,26.39,14.85,2.84,9.56,2.86,-0.22,4.33
Hariyana Ship,Industrial Manufacturing,67.81,11.97,19.97,18.95,1.1,3.2,0.1,272.34,6.64
Harmony Capital,Commercial Services & Supplies,24.16,33.73,88.67,78.29,-57.69,-57.69,0.07,-100,
Harri. Malayalam,Industrial Products,352.6,5.93,15.52,6.42,9.54,10.95,0.69,2.02,13.99
Harsha Engg Intl,Industrial Products,3364.53,-6.5,1.85,,8.75,12.14,0.24,7.83,27.2
Harshdeep Horti.,Agricultural Food & other Products,148.07,61.26,,,22.95,27.06,0.04,27.95,13.24
Harshil Agrotech,Industrial Manufacturing,37.34,-89.3,,37.97,16.44,17.39,0,73.43,
Haryana Capfin,Finance,77.51,-0.93,41.07,36.33,1.41,1.88,0,-8.5,16.56
Haryana Fin. Co.,Finance,1661.26,189.12,,,0,0.03,0,1097.62,205.09
Haryana Leather,Chemicals & Petrochemicals,30.33,-12.64,17.29,15.94,5.45,8.02,0.01,2.87,14.8
Hasti Finance,Finance,8.75,6.61,12.03,12.14,-50.56,-50.56,0,-40.91,
Hathway Bhawani,Entertainment,9.92,-22.96,-12.59,-8.21,2.25,3.38,0,4.49,43.13
Hathway Cable,Entertainment,1897.55,-18.91,-11.18,-19.13,2.22,3.03,0,4.8,17.89
Hatsun Agro,Food Products,19817.91,-8.51,-0.04,4.73,17.05,13.12,1.08,11.02,51.47
Havells India,Consumer Durables,87634.05,-1.74,4.78,4.67,18.81,25.32,0.03,8.17,57.71
Hawa Engineers,Industrial Manufacturing,27.48,-35.6,3.73,22.46,8.41,14.55,1.05,-0.5,12.32
Hawkins Cookers,Consumer Durables,3887.36,-1.99,6.36,5.52,32,40.91,0.16,9.97,30.91
Haz.Multi Proj.,Realty,783,-7.24,51.44,154.71,11.37,14.11,0.79,-21.3,28.89
HB Estate Devel.,Realty,176.84,-16.24,43.25,45.78,6.6,8.2,1.49,1.17,13.89
HB Leasing &Fin.,Finance,16.46,0.71,46.75,61.92,-7.02,-6.93,0.01,-60.61,
HB Portfolio,Finance,64.87,-31.72,15.34,23.77,-0.02,0.8,0,-62.9,99.8
HB Stockholdings,Finance,39.73,-30.23,6.52,30.16,-12.27,-9.14,0.13,-32.67,
HBL Engineering,Industrial Products,18980.92,58.1,89.48,76.7,20.58,27.33,0.04,51.03,23.21
HCKK Ventures,Diversified,12.68,-78.21,-30.53,-4.42,5.14,6.93,0.01,-38.78,84.53
HCL Infosystems,IT - Hardware,426.99,1.73,-2.4,6.54,,-35.14,,-21.4,
HCL Technologies,IT - Software,376955.22,-11.81,8.05,8.35,25,31.61,0.1,9.63,21.96
HCP Plastene,Industrial Products,191.19,51.91,-11.3,,17.66,13.23,2.96,35.72,9.55
HDB FINANC SER,Finance,58557.19,,,,14.72,9.79,4.68,15.01,25.2
HDFC AMC,Capital Markets,115597.21,48.75,43.95,12.93,32.35,43.33,0,20.56,40.21
HDFC Bank,Banks,1366198.01,2.49,3.57,2.64,14.45,7.51,6.2,5.83,18.34
HDFC Life Insur.,Insurance,154334.26,17.55,13.46,0.28,10.8,6.58,0.18,2.94,81.65
Heads UP Venture,Textiles & Apparels,17.95,-32.87,-15.13,-7.1,9.5,10.93,0,4974.19,4.29
Health.Global,Healthcare Services,8117.1,14.75,27.95,27.94,5.14,8.56,1.92,16.22,298.31
Healthy Life,Food Products,43.97,-76.9,27.95,,10.64,13.34,0.21,29.27,11.66
HEC Infra Proj.,Construction,122.19,17.65,54.45,,20.98,19.03,0.74,83.69,10.06
Heera Ispat,Industrial Products,3.94,17.78,-18.83,27.19,,-235.9,,,
HEG,Industrial Products,11148.31,61.19,44.09,14.87,2.59,3.96,0.14,16.19,29.23
Heidelberg Cem.,Cement & Cement Products,3710.34,-14.91,-1.51,-6.38,7.48,11.41,0.06,7.64,26.12
Helloji Holidays,Leisure Services,45.28,,,,50.85,64.26,0.01,8.13,21.56
Helpage Finlease,Finance,23.38,44.7,15,14.71,9.32,14.51,4.93,90.95,7.33
Hemang Resources,Commercial Services & Supplies,17.17,-44.73,-37.42,18.79,2.1,3.13,0.07,7.21,18.87
Hemant Surgical,Healthcare Equipment & Supplies,382.68,192.04,,,13.58,16.35,0.43,13.98,36.94
Hemisphere Prop,Commercial Services & Supplies,4029.9,14.09,14.76,-3.96,-1.99,-0.73,0.2,22.5,
Hemo Organic,Commercial Services & Supplies,5.67,64.42,25.89,1.28,,2.65,,11950,63
Heranba Inds,Fertilizers & Agrochemicals,834.16,-12.22,-13.89,,0.37,4.39,0.61,20.81,
Hercules Investments,Industrial Manufacturing,413.28,-19.24,32.03,29.38,0.71,0.72,0,,52.98
Heritage Foods,Food Products,2954.16,-11.94,30.02,12.72,20.21,25.28,0.21,9.42,18.08
Hero Motocorp,Automobiles,114251.26,55.12,32.93,11.25,23.06,30.34,0.03,9.45,20.65
Hester Bios,Pharmaceuticals & Biotechnology,1328.86,4.32,-4.73,-2.03,9.18,9.71,0.63,1.94,32.45
Hexa Tradex,Finance,884.61,-26.95,1.93,17.58,-0.6,0.05,0,-912.28,
Hexaware Tech.,IT - Software,28931.61,-41.43,,,24.87,30,0.11,12.16,19.94
HFCL,Telecom - Services,10486.16,-13.49,1.33,18.6,4.42,7.55,0.38,-14.47,202.4
Hi-Green Carbon,Other Utilities,329.37,-39.5,,,12.38,11.88,0.62,77.87,31.22
Hi-Klass Trading,Finance,86.47,,,,-6.64,-6.25,0.75,429.87,786.08
Hi-Tech Pipes,Industrial Products,1789.99,-14.97,1.49,20.67,7.47,11.26,0.14,11.06,27.77
High Energy Bat.,Household Products,488.62,19.93,17.06,23.08,17.3,22.95,0.22,39.06,27.48
Highway Infra,Transport Infrastructure,396.04,,,,18.83,19.59,0.21,4.32,11.41
Hikal,Pharmaceuticals & Biotechnology,2425.08,-43.92,-13.17,4.23,7.38,9.85,0.57,-4.17,97
Hiliks Technolog,Finance,49.27,-28.22,90.68,42.68,3.27,5.18,0,169.13,273.72
Hilltone Softwar,Chemicals & Petrochemicals,74.26,47.13,,,-1.16,2.34,0.03,86.21,
Hilton Met.Forg.,Industrial Products,91.71,-75,-43.52,16.4,5.75,7.92,0.57,47.79,11.7
Him Teknoforg.,Auto Components,190.38,23.69,36.85,17.47,4.93,9.33,0.7,6.84,14.7
Himadri Special,Chemicals & Petrochemicals,24461.6,18.76,76.35,60.41,16.42,22.01,0.21,-3.17,34.64
Himalaya Food,Agricultural Food & other Products,78.18,-23.68,-22.54,-1.35,2.79,2.29,0,-9.46,12.05
Himatsing. Seide,Textiles & Apparels,1253.9,-11.57,7.98,-8.65,1,9.04,1.22,-9.35,8.01
Hind Aluminium,Non - Ferrous Metals,59.98,40.87,38.54,20.68,10.66,-1.04,0.01,592.44,6.33
Hind Rectifiers,Industrial Manufacturing,2437.18,68.03,95.3,59.28,25.72,21.6,1.09,39.98,46.41
Hind. Unilever,Diversified FMCG,549357.93,11.54,-0.32,2.65,20.72,27.85,0.04,3.44,50.33
Hind.Adhesive,Industrial Products,153.04,-8.02,14.78,21.46,17.99,17.25,0.82,-10.27,7.97
Hind.Aeronautics,Aerospace & Defense,261705.03,26.71,42.86,48.46,26.07,33.88,0,2.48,29.42
Hind.Appliances,Commercial Services & Supplies,103.87,-10.11,,,1.03,0.3,2.45,,1038.7
Hind.Bio Science,IT - Software,7.8,4.68,10.76,22.76,11.76,2.95,3.05,-10.74,55.71
Hind.Composites,Auto Components,607.74,-6.2,15,6.46,4.17,5.33,0,14.25,16.83
Hind.Construct.,Construction,4552.64,-12.58,14.43,21.29,-0.7,25.15,1.47,-27.52,27.4
Hind.Fluoro Carb,Chemicals & Petrochemicals,33.95,32.92,19.69,19.06,,1.02,,,56.58
Hind.Oil Explor.,Oil,1730.8,-27.41,-1.71,5.72,11.8,12.33,0.06,-23.18,23.31
Hind.Organ.Chem.,Chemicals & Petrochemicals,202.32,20.38,3.97,0.32,-21.61,-5.2,0.23,-1.39,
Hind.Tin Works,Industrial Products,123.6,-20.21,9.26,13.25,5.88,7.95,0.42,8.1,11.97
Hind.Urban Infra,Electrical Equipment,336.87,5.02,11.35,-3.04,-7.3,-3.29,0.23,19.66,
Hindalco Inds.,Non - Ferrous Metals,207801.04,45.77,30.82,21.86,14.02,14.8,0.56,13.98,12
Hindcon Chemical,Chemicals & Petrochemicals,103.56,-43.44,5.64,33.45,7.27,9.97,0.11,7.91,35.11
Hindoo. Mills,Textiles & Apparels,28.55,-4.12,-9.52,-9.2,-29.77,-28.43,0.02,-58.8,71.38
Hindprakash Indu,Chemicals & Petrochemicals,143.7,0.79,13.29,21.76,2,5.23,0.73,36.49,131.83
Hinduja Global,Commercial Services & Supplies,1749.16,-28.62,-34.09,-8.08,1.6,3.01,0.24,0.97,
Hindustan Agrig.,Agricultural Food & other Products,16.36,-41.82,,,-3.61,-3.53,0,-42.86,545.33
Hindustan Copper,Non - Ferrous Metals,54762.57,179.9,76.73,29.2,18.72,23.75,0.05,39.28,82.08
Hindustan Foods,Diversified FMCG,5821.15,-4.55,-5.32,2.05,13.97,14.34,0.87,17.93,42.64
Hindustan Hardy,Auto Components,128.22,22.76,43.26,42.9,25.03,28.37,0.21,40.16,14.03
Hindustan Media,Media,516.44,-14.87,11.04,-0.53,4.96,5.36,0.05,10.23,6.28
Hindustan Motors,Automobiles,340.32,-27.35,5.22,16.05,4.02,3.16,0,-100,95.6
Hindustan Zinc,Non - Ferrous Metals,255124.76,54.5,24.68,15,72.42,60.73,0.82,11.49,21.86
Hindware Home In,Consumer Durables,1906.72,13.91,-13.42,-4.44,-6.46,3.62,1.21,-1.92,98.56
Hipolin,Household Products,17.99,-43.09,-6.34,6.99,-33.54,-24.64,0.14,-36.53,
Hira Automobile,Commercial Services & Supplies,56.36,136.8,133.69,,5.76,8.95,5.93,-36.94,140.9
Hisar Met.Inds.,Industrial Products,91.19,-0.27,7.13,10.27,5.06,9.37,1.07,1.19,30.4
Hisar Spg. Mills,Textiles & Apparels,23.8,44.81,9.66,38.53,12.34,15.13,0.14,-1.06,6.47
Hit Kit Global,IT - Software,20.27,142.58,78.6,50.31,2.15,2.14,0,-1.3,
Hitachi Energy,Electrical Equipment,113935.88,126.53,97.46,78.14,13.79,19.44,0.02,17.44,129.17
Hitech Corp.,Industrial Products,242.44,-15.75,-10.87,0.61,2.94,,0.47,,23.63
Hittco Tools,Industrial Manufacturing,7.11,-9.84,5.42,18.3,-0.29,3.21,1.52,45.33,
HLE Glascoat,Industrial Manufacturing,2276.38,34.85,-14.59,-5.6,10.67,12.53,0.75,29.4,42.73
HLV,Leisure Services,524.11,-40,-7.82,6.33,5.57,5.61,0.08,-3.46,59.9
HMA Agro Inds.,Food Products,1297.49,-19.26,,,11.48,11.81,0.73,36.1,7.63
HMT,Industrial Manufacturing,2167.39,24.41,31.83,18.04,,,,-26.72,
Hoac Foods,Food Products,157.71,213.23,,,33.92,37.35,0.06,82.16,43.33
Holmarc Opto,Industrial Products,95.48,-36.2,,,14.67,19.73,0.01,-0.33,35.63
Home First Finan,Finance,11290.89,6.33,13.89,15.34,16.46,11.35,2.4,28,22.78
Homesfy Realty,Realty,48.73,-65.67,-28.33,,3.25,4.8,0,-28.4,
Honasa Consumer,Personal Products,9858.7,40.65,,,5.51,7.44,0.09,17.29,63.79
Honda India,Industrial Manufacturing,2155.36,9.3,3.7,13.87,9.47,12.81,0,14.92,26.24
Honeywell Auto,Industrial Manufacturing,27381.9,-8.09,-4.23,-7.39,13.7,18.4,0.02,14.65,53.4
Howard Hotels,Leisure Services,21.55,-1.46,39.91,39.37,3.55,6.09,0.41,0.13,50.12
HP Adhesives,Chemicals & Petrochemicals,336.9,-21.49,-16.59,,9.82,13.57,0.01,7.29,24.22
HP Telecom,Commercial Services & Supplies,295.48,115.56,,,5.8,,0.58,,134.92
HPL Electric,Industrial Manufacturing,2186.22,-5.11,58,49.88,10.82,14.48,0.78,9.32,21.6
HRH Next,Commercial Services & Supplies,33.28,-59.68,,,10.91,15.33,0.25,15.15,10.47
HRS Aluglaze,Industrial Manufacturing,470.48,,,,34.25,20.16,1.92,57.77,91.36
Hubtown,Realty,3049.62,4.79,75.14,67.76,2.41,8.13,0.41,38.98,23.6
Huhtamaki India,Industrial Products,1333.19,0.27,-3.71,-8.43,9.84,12.95,0.12,-2.05,11.35
Humming Bird Edu,Other Consumer Services,12.46,-77.91,-7.07,12.39,26.92,41.69,0.02,-0.15,31.95
HVAX Technolog.,Construction,195.77,16.92,,,21.32,22.34,0.25,17.59,16.13
Hybrid Financial,Capital Markets,56.02,60.19,24.76,,11.64,11.17,0.02,4.15,16.43
Hypersoft Tech.,IT - Software,120.25,282.38,86.53,70.47,9.07,20.65,0,6413.04,40.22
Hyundai Motor I,Automobiles,175947.65,25.17,,,42.18,54.25,0.05,1.3,30.96
I G Petrochems,Chemicals & Petrochemicals,1112.62,-16.32,-5.16,-4.76,8.17,10.89,0.31,-17.51,
I O B,Banks,70190.27,-16.26,13.54,15.41,11.02,5.95,10.93,14.43,14.77
I O C L,Petroleum Products,264730.86,65.19,34.56,22.8,6.51,7.36,0.74,1.3,7.4
I Power Solution,IT - Services,13.82,47.48,49.64,43.79,-16.89,-11.63,0.01,,
I R C T C,Leisure Services,45564,-15.11,-2.33,8,37.16,49.03,0.02,10.14,32.96
I R F C,Finance,135324.38,-7.89,55.95,31.94,12.77,5.83,2.73,-0.86,19.31
I T D C,Leisure Services,4508.9,6.76,17.66,10.03,24.21,30.54,0,14.72,56.3
IB Infotech,Agricultural Food & other Products,82.33,278.15,156.15,114.22,35.41,38.49,0.71,15.61,51.46
IBL Finance,Finance,118.83,-5.78,,,4.11,7.53,0.62,13.06,53.05
ICDS,Commercial Services & Supplies,53.54,-5.52,25.89,,6.05,11.85,0,85.9,22.69
ICE Make Refrig.,Industrial Manufacturing,1302.54,28.59,44.53,62.37,20.3,20.64,1.39,34.98,94.46
ICICI AMC,Capital Markets,153818.19,,,,,,,32.44,52.3
ICICI Bank,Banks,986915.07,14.52,17.21,17.78,17.89,7.87,5.51,7.46,18.64
ICICI Lombard,Insurance,94741.32,12.45,20,5.91,18.8,24.86,0,12.53,34.64
ICICI Pru Life,Insurance,94836.34,18.65,17.08,6.75,10.43,11.94,0.19,-2.21,69.26
Icodex Publish.,IT - Services,61.5,,,,64.83,82.77,0.08,110.38,6.07
Icon Facil.,Commercial Services & Supplies,44.56,,,,47.96,49.71,0.02,16.59,12.11
Iconik Sports,Finance,165.28,,,,15.02,17.08,0,42266.67,26.03
ICRA,Capital Markets,5338.1,4.07,7.64,14.84,16.75,23.13,0.01,15.46,28.22
IDBI Bank,Banks,124738.62,67.55,33.19,29.58,13.55,6.78,4.81,-2.52,13.43
Ideaforge Tech,Aerospace & Defense,1787.26,14.2,,,-10.27,-9.69,0.08,-56.66,
Ideal Technopl.,Industrial Products,121.73,73.89,,,19.3,20.19,1.01,5.06,33.63
Identical Brains,Entertainment,26.65,-63.21,,,17.14,23.43,0,10.13,9.13
Identixweb,IT - Software,72.05,,,,24.76,34.33,0,26.05,16.68
IDFC First Bank,Banks,63186.86,25.84,9.67,2.98,4.21,6.22,7.03,11.61,40.11
IDream Film,IT - Software,4.5,176.54,42.87,,,,,-100,
IEC Education,IT - Software,54.71,84.98,,,-0.9,-0.84,0.06,,
IEL,Food Products,90.75,16.78,6.82,57.86,1.91,2.51,0.02,-96.22,
IFB Agro Inds.,Beverages,810.13,78.99,22.52,15.29,4.35,6.75,0.13,21.69,15.59
IFB Industries,Consumer Durables,4447.07,2.52,9.88,-1.88,16.25,19.85,0.18,12.76,33.76
IFCI,Finance,16160.5,45.97,74.18,44.56,2.6,8.08,0.4,-2.8,40.45
IFGL Refractori.,Industrial Products,1232.76,-0.39,14.49,5.69,3.94,5.71,0.19,16.35,40.42
IFL Enterprises,Commercial Services & Supplies,51.05,-42.25,-61.65,-3.89,5.54,7.27,0.01,126,5.91
Igarashi Motors,Auto Components,1131.21,-31.46,-0.25,2.24,5.3,7.73,0.31,-2.83,83.12
IGC Industries,Commercial Services & Supplies,7.78,-68.5,-41.78,-31.93,-0.28,-0.19,0.23,-100,
IIFL Capital,Capital Markets,8982.95,32.8,73.59,39.28,31.58,33.27,0.62,-9.45,15.63
IIFL Finance,Finance,21102.65,64.36,5.39,12.47,4.9,8.81,4.53,17.22,16.47
IIRM Holdings,Commercial Services & Supplies,604.78,-6.82,,,18.62,23.48,0.32,-28.72,30.19
IITL Projects,Realty,22.71,-26.55,39.12,11.04,,16.55,,-109.8,16.46
IKIO Tech,Consumer Durables,1097.15,-36.01,,,5.55,8.22,0.1,15.77,57.74
IKOMA Technologies,Industrial Manufacturing,35.43,-88.2,,,14.36,17.03,0.17,-82.56,
IL&FS Engg.,Construction,336.98,-24.12,27.16,49.86,,,,-14.41,
IL&FS Inv.Manag.,Capital Markets,230.19,-21.69,2.53,10.25,6.44,6.51,0,-30.89,28.92
IL&FS Transport,Construction,80.6,-34.32,-12.44,2.18,,-18.13,,-44.58,
Imagica. Enter.,Leisure Services,2425.28,-30.68,4.05,44.51,7.67,7.44,0.15,1.06,154.48
IMEC Services,Commercial Services & Supplies,38.43,228.86,366.67,163.57,177.14,177.14,0,263.77,1.67
Impex Ferro Tech,Ferrous Metals,14.95,-27.97,-14.29,25.32,,,,-100,
Inani Marbles,Other Construction Materials,22.49,-36.54,-15.45,-7.5,1.27,4.07,0.41,-4.89,
Inani Securities,Finance,10.25,-17.88,-11.83,4.51,3.16,5.28,0,-32.52,24.4
Incap,Electrical Equipment,45.23,-16.44,32.39,33.49,4.95,7.61,0.09,-12.82,54.49
Incon Engineers,Industrial Manufacturing,5.64,-6.86,-0.03,23.28,,-64.15,,-4.76,
Incredible Indus,Industrial Products,163.58,14.16,19.21,10.8,8.97,9.73,0.12,13.74,12.74
Ind Bank Housing,Finance,43.16,-0.35,18.63,2.85,,-3.74,,0,
IND Renewable,Power,16.61,-4.94,12.99,9.01,-0.31,-0.23,0.02,,
Ind-Agiv Commer.,Commercial Services & Supplies,16.81,-46.05,5.38,10.13,,-11.1,,-73.48,
Ind-Swift Labs.,Pharmaceuticals & Biotechnology,1186.06,69.6,32.17,13.9,0.18,0.78,0.02,-15.38,25.05
Indag Rubber,Auto Components,258.17,-18.21,-3.27,0.01,2.86,2.93,0.04,-11.03,30.09
Indbank Merchant,Capital Markets,157.42,18.59,13.67,19.18,9.67,13.44,0.03,-13.38,22.3
Indef Manufactur,Industrial Manufacturing,796,14.39,,,13.51,,0.02,,29.24
Indegene,Healthcare Services,11934.36,-3.45,,,20.59,24.8,0.04,18.36,27.19
Indergiri Fin.,Finance,13.8,19.61,63.76,41.84,-44.29,-9.66,12.14,-27.37,
India Cem. Cap.,Finance,26.7,-15.81,9.38,19.21,3.1,1.31,2.37,-15.93,111.25
India Cements,Cement & Cement Products,12581.83,60.22,28.01,18.19,-8.83,-5.49,0.13,5.42,
India Finsec,Finance,540.05,27.32,87.42,90.52,12.91,15.02,2.06,12.29,37.14
India Gelatine,Chemicals & Petrochemicals,228.27,-13.94,8.26,27.45,9.22,11.87,0.03,-6.4,8.67
India Glycols,Beverages,6447.97,83.12,48.54,30.28,11.06,12.35,0.86,6.97,23.84
India Home Loans,Finance,50.64,6.07,-3.02,-5.05,0.61,8.42,1.11,21.48,389.54
India Homes,Industrial Products,626.18,290.32,110.35,83.31,-47.34,-8.76,3.88,-104.88,
India Lease Dev.,Finance,11.03,-14.87,6.9,-7.49,-1.12,-1.12,0,0,
India Motor Part,Auto Components,1302.41,16.27,13.78,8.42,3.5,4.38,0,4.72,14.6
India Nipp.Elec.,Auto Components,1871.58,47.6,31.73,15.3,12.33,15.43,0,24.3,19.03
India Pesticides,Fertilizers & Agrochemicals,1812.67,23.98,-10.47,,9.73,13.04,0.03,33.52,16.06
India Power Corp,Power,911.47,-21.54,-7.3,-6.57,0.74,3.17,0.11,1.2,133.84
India Radiators,Auto Components,1.23,,55.2,,-1545.45,-454.55,,0,
INDIA SHELTE FIN,Finance,7974.3,0.89,,,15.07,12.61,1.89,34.92,16.86
Indiabulls,Commercial Services & Supplies,2428.98,-21.72,-7.26,-41.8,,,0.18,91.96,84.63
Indiamart Inter.,Retailing,12810.58,8.5,-4.86,-13.05,26.92,34.24,0.01,12.74,21.17
Indian Acrylics,Chemicals & Petrochemicals,77.54,-21.18,-18.59,-10.86,-120.28,-5.71,439.89,-12.63,
Indian Bank,Banks,133416.78,93.91,54.91,48.43,17.09,6.38,10.51,8.32,11.1
Indian CardCloth,Textiles & Apparels,123.03,-14.29,-1.42,9.27,6.27,7.04,0.01,-6.96,8.09
Indian Emuls,Chemicals & Petrochemicals,140.62,-41.65,,,24.08,23.57,0.35,52.48,8.48
Indian Energy Ex,Capital Markets,11203.23,-19.43,-5.21,4.6,40.53,53.61,0,12.03,24.26
Indian Hotels Co,Leisure Services,94950.05,-6.85,28.42,41.44,16.12,17.21,0.28,19.63,52.57
Indian Hume Pipe,Industrial Manufacturing,1751.93,3.18,34.84,12.06,9.17,11.91,0.36,-10.45,16.71
Indian Infotech,Finance,111.5,-41.07,-18.29,7.03,-2.58,-2.49,0,-19.42,
Indian Link Ch.,Industrial Products,387.98,779.03,139.4,105.84,3.36,4.58,0,,
Indian Metals,Ferrous Metals,6825.73,103.62,58.3,38.93,17.01,21.29,0.17,-2.51,18.53
Indian Phosphate,Chemicals & Petrochemicals,137.32,2.33,,,6.38,8.51,0.42,11.45,9.99
Indian Renewable,Finance,34342.85,-21.64,,,18.05,9.37,5.41,29.03,18.24
Indian Sucrose,Agricultural Food & other Products,127.61,-14.41,9.22,25.65,16.32,17.41,0.81,4.23,3.11
Indian Terrain,Textiles & Apparels,156.71,-11.73,-14.48,-3.07,-22.7,-5.17,0.6,-1.25,
Indian Toners,Chemicals & Petrochemicals,255.69,-4.06,9.96,14.01,10.78,16.26,0,3.66,9.62
Indian Wood Prod,"Paper, Forest & Jute Products",218.66,-14.7,13.38,-4.49,1.46,3.32,0.22,-2.48,41.41
IndiaNivesh,Finance,31.94,-30.71,-47.95,-15.93,,4.63,,-53.21,
Indifra Ltd,Gas,9.91,-12.82,,,0.06,0.11,0,-74.84,
Indigo Paints,Consumer Durables,4466.26,-8.14,-1.98,-17.87,14.65,19.51,0.02,1.83,29.95
IndiGrid Trust,Power,18922.83,18.49,8.43,6.09,6.6,7.51,4.78,4.53,58.07
Indiqube Spaces,Commercial Services & Supplies,3656.82,,,,-234.1,4.76,8.67,27.54,
Inditrade Cap.,Finance,9.58,-47.44,-47.75,-34.76,-72.26,-31.28,2.44,-68.12,
Indl. Inv. Trust,Finance,295.49,-54.09,13.49,17.69,0.91,1.27,0,-48.47,53.24
Indl.& Prud.Inv.,Finance,879.37,-0.81,41.36,34.88,7.59,7.57,0,-8.22,14.06
Indo Amines,Chemicals & Petrochemicals,785.76,-5.5,3.87,19.66,19.01,18.32,0.85,7.76,11.12
Indo Borax & Ch.,Chemicals & Petrochemicals,784.12,60.53,28.02,29.56,13.52,18.71,0,18.73,19.98
Indo Cotspin,Textiles & Apparels,18.66,-14.5,9.05,,5.39,7.62,0.28,5.53,1866
Indo Count Inds.,Textiles & Apparels,5261.71,0.5,25.99,15.41,11.3,13.52,0.54,-2.74,46.29
Indo Credit Cap.,Finance,2.72,45.74,25.77,55.02,-0.86,-0.86,0,100,45.33
Indo Euro Indch.,Chemicals & Petrochemicals,12.26,22.53,-14.1,22.79,5.87,7.05,0,-46.05,72.12
Indo Farm Equip.,"Agricultural, Commercial & Construction Vehicles",639.18,-30.86,,,5.56,7.74,0.33,2.11,21.68
Indo Gulf Inds.,Chemicals & Petrochemicals,2.36,,,,81.85,45.19,0.95,2.58,
Indo National,Household Products,252.34,-23.44,-0.59,-1.91,36.7,32.94,0.1,-17.95,
Indo Rama Synth.,Textiles & Apparels,925.12,4.82,-8.73,-0.35,0.66,9.94,2.44,23.77,6.62
Indo SMC,Electrical Equipment,343.86,,,,74.46,47.74,1,394.79,22.27
Indo Tech.Trans.,Electrical Equipment,1678.49,-21.58,104.8,73.07,25.66,37.8,0.04,29.07,18.69
Indo Thai Sec.,Capital Markets,3364.65,30.62,106.52,118.19,6.54,8.66,0.02,130.85,89.96
Indo US Bio-Tech,Agricultural Food & other Products,289.87,-24.34,7.81,50.49,23.03,21.15,0.32,36.63,19.55
Indo-City Info.,IT - Software,12.32,7.24,18.4,38.92,-10.49,-10.22,0,-46.23,22
Indobell Insul.,Industrial Products,36.89,-59.06,,,20.72,23.71,0.04,78.3,16.47
Indoco Remedies,Pharmaceuticals & Biotechnology,1867.12,2.96,-17.02,-7.44,-7.02,-0.49,1.02,2.06,
Indogulf Cropsci,Fertilizers & Agrochemicals,417.03,,,,12.24,13.15,0.46,7.17,11.63
Indokem,Chemicals & Petrochemicals,1515.45,287.04,75,88.64,5.21,7.38,0.36,8.92,284.32
Indong Tea Co,Agricultural Food & other Products,17.32,-58.76,-21.99,,0.51,1.9,0.13,34,
Indosolar,Electrical Equipment,1443.86,,,170.42,420.2,77.05,0.02,501.6,5.9
Indostar Capital,Finance,3622.15,-4.79,19.3,-7.54,-0.45,6.79,1.43,-0.23,
Indowind Energy,Power,148.61,-42.42,-6.16,20.19,0.49,1.99,0.06,20.33,147.14
Indrapr.Medical,Healthcare Services,3685.71,12.19,69.89,49.69,30.04,39.1,0.05,8.53,20.15
Indraprastha Gas,Gas,23920.43,-9.83,-8.07,-7.11,16.39,20.85,0.01,9.49,14.37
Indrayani Biotec,Agricultural Food & other Products,36.79,-59.29,-50.67,1.56,-2.23,2.82,1.93,21.44,
Indsil Hydro,Ferrous Metals,103.44,-4.24,-3.96,23.88,-6.97,-3.49,0,16.14,
Inducto Steel,Industrial Products,20.1,-12.99,27.13,23.45,-9,-4.89,0.72,1.39,
Indus Finance,Finance,47.57,59.04,18.91,56.45,6.2,8.95,0.82,-27.16,46.18
Indus Inf. Trust,Transport Infrastructure,5527.87,9.01,,,9.38,9.32,0.46,20.48,13.04
Indus Towers,Telecom - Services,120023.21,40.7,38.44,12.52,32.5,28.99,0.58,8.55,16.83
IndusInd Bank,Banks,74540.98,-3.37,-4.56,-2.18,4.02,6.47,6.7,-8.67,
Infinity Infoway,IT - Services,208.03,,,,47.32,61.71,0.03,29.7,32.56
Infinium Pharma,Pharmaceuticals & Biotechnology,329.35,-6.13,,,11.95,14.58,0,-0.24,35.26
Inflame Applian.,Consumer Durables,222.74,20.87,-12.34,13.1,6.08,8.55,0.8,25.98,38.21
Influx Health.,Pharmaceuticals & Biotechnology,479.79,,,,45.38,60.16,0,4.88,27.17
Info Edg.(India),Retailing,66761.38,-26.38,13.61,0.95,1.16,3,0.01,14.8,49.4
InfoBeans Tech.,IT - Software,1999.79,163.21,18.01,40.2,12.37,16.81,0.04,22.26,26.11
Infollion Resea.,Commercial Services & Supplies,311.68,-11.24,,,22.96,31.18,0,50.74,22.87
Infomedia Press,Printing & Publication,25.65,-14.83,2.11,4.5,,,,,
Infonative Solu.,IT - Services,33.06,,,,45.35,51.41,0.11,22.34,8.65
Informed Techn.,Commercial Services & Supplies,33.14,11.94,17.9,22.81,4.93,7.76,0.02,-40.17,22.7
Infosys,IT - Software,527241.4,-22.97,-4.57,0.52,28.83,37.5,0.11,8.24,18.27
Infronics Sys.,IT - Software,14.69,-46.63,-20.43,,40.14,49.7,0,-77.89,
Ingersoll-Rand,Industrial Products,12647.4,26.25,22.29,40.12,45.01,60.02,0.02,7.2,45.68
Inland Printers,Printing & Publication,20.57,-36.36,3.99,5.07,-8.09,-1.7,0.83,,
Innocorp,Industrial Products,3.81,-15.04,-11.56,31.95,-15.2,-10,1.87,,
Innokaiz India,Media,12.92,-26.17,,,-8.86,-5.62,0.38,-62.38,
Innomet Advanced,Diversified Metals,94.53,-49.01,,,6.67,8.51,0.27,56.92,43.36
Innova Captab,Pharmaceuticals & Biotechnology,3824.06,-7.94,,,14.34,14.63,0.33,25.63,28.88
Innovana Think.,IT - Software,832.6,12.9,4.87,54.7,22.92,25.6,0.19,28.04,17.87
Innovassynth Technologies,Finance,566.55,0.25,56.42,60.73,-11.14,-9.18,0.16,,
Innovative Ideal,Commercial Services & Supplies,17.07,-56.53,59.6,13.94,26.7,5.79,,9275,
Innovative Tech,Industrial Products,39.43,-24.32,1.27,-4.24,-1.09,6.5,0.58,-5.81,
Innovative Tyres,Auto Components,75.5,162.15,213.52,54.42,,-49.53,,229.97,
Innovators,Industrial Manufacturing,282.07,-28.84,18.65,27.92,10.42,15,0.32,-16.56,21.85
Inox Green,Power,6790.03,40.31,58.4,,1.02,2.6,0.05,33.08,84.68
Inox India,Industrial Products,10555.8,21.27,,,28.99,37.98,0.1,23.3,41.74
Inox Wind,Electrical Equipment,15922.26,-37.77,52.03,40.18,11.69,11.52,0.17,57.48,31.73
Insecticid.India,Fertilizers & Agrochemicals,1807.27,7.88,11.69,15.39,13.53,17.43,0.2,8.29,12.76
Insolation Ener,Power,2211.66,-61.08,97.23,,34.87,34.73,0.37,39.94,12.48
Inspire Films,Entertainment,14.97,-50,,,-16.38,-8.59,0.59,-18.47,
Inspirisys Sol.,IT - Services,342.96,10.42,25.07,18.44,69.6,23.75,1.28,24.01,8.38
Intec Capital,Finance,17.98,-38.93,-17.91,-9.53,0.64,2.8,0.89,673.55,3.54
Integ. Capital,Commercial Services & Supplies,11.92,-18.49,-3.86,10.32,-0.11,-0.17,0.25,37.5,
Integ. Hitech,IT - Software,3.44,-53.2,,,-83.87,-52.6,,100,
Integ. Industrie,Finance,1022.16,72.22,178.15,215.69,27.48,30.47,0.04,60.47,11.82
Integ. Proteins,Agricultural Food & other Products,70.03,-31.47,43.74,63.12,1.76,1.87,0,10176,291.79
Integ. Thermopl.,Industrial Products,5.49,,,,,,,-44.67,
Integra Capital,Finance,6.58,-0.5,-16.15,-0.64,0.61,0.82,0,74.36,8.44
Integra Engg.,Industrial Manufacturing,557.69,-24.63,19.97,42.42,21.48,24.45,0.32,9.08,34.55
Integra Essentia,Commercial Services & Supplies,139.87,-46.53,-27.86,30.97,2.56,4.72,0.23,0.99,49.6
Integra Switch,Electrical Equipment,41.24,13.57,,,,,,,2062
Integrated Perso,Commercial Services & Supplies,220.89,-21.39,46.28,,14.55,15.09,0.76,28.26,24.65
Integrity Infra.,Construction,50.74,,,,61.32,29.77,0.5,68.61,13.64
Intellect Design,IT - Software,9735.89,4.79,15.15,10.33,12.73,16.76,0.03,22.17,25.8
Intellig Sup Tru,Transport Services,3810,,,,-3.59,4.37,1.11,116.84,
Intense Tech.,IT - Services,239.74,6.69,16.88,23,12.07,15.24,0,-8.92,25.34
Inter Globe Fin,Finance,79.35,-27.78,33.66,37.97,3.15,4.81,0.03,-42.5,132.25
Inter State Oil,Transport Services,15.9,-14.73,13.59,25.97,5.82,8.04,1.46,10.54,18.49
Interactive Fin,Capital Markets,10.43,-48.76,7.43,27.94,14.05,19.69,0.02,-26.2,5.58
Interarch Build.,Construction,3150.59,27.67,,,18.02,24.81,0.01,35.04,22.66
Interglobe Aviat,Transport Services,186625.73,7.81,37.83,23.58,103.8,17.34,8.83,10.72,41.17
Interiors & More,Consumer Durables,253.65,16.26,,,19.56,21.67,0.71,41.87,23.25
International Ge,Commercial Services & Supplies,14261.27,-18.91,,,43,53.62,0.1,16.71,26.83
Interworld Digi.,Entertainment,12.44,-25.71,-8.55,11.63,-0.26,-0.26,0.01,-100,
Intl. Combustion,Industrial Manufacturing,102.52,-52.87,5.2,17.55,10.07,11.64,0.16,2.37,30.79
Intl. Conveyors,Industrial Manufacturing,505.15,18.42,13.3,11.82,26.37,27.09,0.3,38.54,6.52
Intl. Data Mgt.,Commercial Services & Supplies,7.88,7.35,24.21,51.27,,-200,,,
Intl. Travel Hse,Leisure Services,268.78,-15.68,19.43,44.24,17.56,24.07,0.01,0.71,10.66
Intrasoft Tech.,Retailing,116.17,-31.32,-16.78,1.27,5.87,6.21,0.05,5.93,9.31
Inv.& Prec.Cast.,Industrial Products,529.05,72.22,52.6,39.25,6.78,9.59,0.79,10.78,51.67
Inventure Grow.,Capital Markets,113.4,-28,-20.13,-11.51,0.67,3.48,0.1,-4.31,15.86
Inventurus Knowl,IT - Services,23617.42,-23.34,,,32.87,27.2,0.34,19.54,35.6
Invicta Diagnos.,Healthcare Services,77.95,,,,32.33,46.45,0.1,276.72,16.62
Invigorated Bus.,Commercial Services & Supplies,22.74,-34.98,0.66,11.35,,,,-9.09,
IOL Chemicals,Pharmaceuticals & Biotechnology,2144.22,19.77,7.92,-7.81,6.13,8.86,0.09,8.37,17.22
ION Exchange,Other Utilities,5340.13,-27.17,2.4,24.3,18.66,22.34,0.33,7.52,27.54
IP Rings,Auto Components,154.58,-9.57,9.75,7.77,-4.14,3.08,1.09,8.59,166.22
Ipca Labs.,Pharmaceuticals & Biotechnology,38788.84,12.8,23.7,9.95,12.75,14.72,0.17,8.92,36.73
IRB Infra.Devl.,Construction,25188.67,-3.58,13.34,31.25,5.91,7.82,1.02,4.58,31.55
IRB InvIT Fund,Transport Infrastructure,4892.81,13.55,-3.5,2.42,8.75,9.22,1.75,2.07,14.62
Ircon Intl.,Construction,13506.75,1.38,39.02,24.46,11.33,11.6,0.8,-16.53,21.97
Iris Clothings,Textiles & Apparels,614.01,42.49,2.44,20.01,17.33,17.89,0.21,15.12,43.12
IRIS Regtech Solutions,IT - Software,510.2,-33.58,46.68,45.57,22.34,30.22,0.01,5.3,49.73
IRM Energy,Gas,979.23,-8.94,,,4.68,8.26,0.08,14.43,21.83
Ironwood Educa,Other Consumer Services,72.54,38.49,14.64,18.62,-4.87,-0.88,1.59,686.68,24.1
ISF,Finance,9.5,-8.26,-22.64,1.46,-0.07,1.93,0.21,8.54,24.36
ISGEC Heavy,Construction,6534.57,-4.45,26.25,13.68,9.37,14.83,0.33,-0.49,19.96
Ishaan Infrastru,Construction,6.56,16.44,46.83,14.89,-0.89,0.3,0,-100,
Ishan Dyes,Chemicals & Petrochemicals,156.63,53.88,0.98,4.13,1.05,4.04,0.63,-47.48,
Ishan Internat.,Industrial Manufacturing,14.06,-51.85,-10.93,,0.91,2.88,0.2,9.85,
Ishita Drugs,Pharmaceuticals & Biotechnology,21.22,0.67,11.65,19.68,8.4,9.91,0.18,8.31,23.84
Ishwarshakti Hol,Finance,0.72,,,,-13.99,-5.26,0.3,-50,2.77
ISL Consulting,Finance,70.94,25.79,1.75,23.71,-12.47,-12.47,0,-31.97,
IST,Auto Components,839.99,-10.23,16.02,13.31,10.08,13.19,0,3.63,4.67
iStreet Network,IT - Services,262.68,784.12,168.57,79.85,,150,0,,53.39
Italian Edibles,Food Products,65.83,35,,,7.2,11.43,0.61,11.82,17.55
ITC,Diversified FMCG,392916.63,-20.61,-4.05,10.09,27.32,36.79,0.01,8.44,19.05
ITC Hotels,Leisure Services,36671.24,7.48,,,6.66,9.63,0.01,60.03,44.82
ITCONS E-Soluti.,Commercial Services & Supplies,315.25,-29.63,,,12.81,17.22,0.2,136.44,66.51
ITI,Telecom -  Equipment & Accessories,26034.19,9.86,41.53,16.23,-16.15,-1.33,0.9,-17.98,
ITL Industries,Industrial Manufacturing,88.6,-26.14,16.05,18.74,11.92,15.56,0.25,11.22,8.7
Ivalue Infosolut,IT - Services,1229.38,,,,19.88,25.77,0.19,20.01,13.15
IVP,Chemicals & Petrochemicals,141.38,-7.78,2.7,0.7,8.44,9.99,0.69,8.95,10.12
Iware Supplych.,Transport Services,286.81,,,,65.85,34.72,0.96,46.13,21.68
Iykot Hitech,Industrial Manufacturing,12.25,-28.48,7.65,27.66,-55.73,-37.66,0,-42.14,
IZMO,IT - Services,1109.55,191.43,107.96,66.07,7.03,7.98,0.02,9.51,29.87
J & K Bank,Banks,13367.25,28.05,34.45,33.2,15.77,6.15,10.21,6.97,6.24
J A Finance,Finance,107.55,31.53,,,-0.2,5.65,0.69,-0.79,
J B Chemicals &,Pharmaceuticals & Biotechnology,32970.73,24.88,27.28,29.13,20.12,25.79,0.01,9.47,43.74
J J Finance Corp,Finance,17.23,24.41,74.75,61.28,2.64,4.57,0,-90,
J K Cements,Cement & Cement Products,43702.92,28.86,25.9,16.28,13.87,13.99,1,17.65,41.59
J Kumar Infra,Construction,3999.68,-21.46,26.96,22.91,13.83,19.98,0.24,4.89,9.96
J.G.Chemicals,Chemicals & Petrochemicals,1417.56,18.59,,,14.55,20,0.01,13.16,22.5
Jackson Invest,Finance,13.66,-29.85,,,-3.1,-3.1,0,-4.92,
Jagan Lamps,Auto Components,44.53,-9.5,11.74,14.27,8.93,12.04,0.31,-11.93,16.93
Jagatjit Inds.,Beverages,718.35,-4.21,18.88,31.37,-35.37,1.35,25.49,-27.7,
Jagjanani Text.,Textiles & Apparels,7.36,-43.54,13.36,51.57,-1400,-233.33,,,
Jagran Prakashan,Media,1378.84,-5.87,-3.39,0.73,6.21,5.95,0.1,-1.65,8.4
Jagsonpal Pharma,Pharmaceuticals & Biotechnology,1128.24,-18.24,9.84,36.46,18.58,22.95,0.03,11.02,26.48
Jagsonpal Services,Finance,100.13,-3.17,100.05,93.26,-10.06,-10.06,0,-100,
Jai Balaji Inds.,Ferrous Metals,6287.5,-47.4,91.2,63.33,30.74,36.08,0.21,-13.11,21.46
Jai Corp,Industrial Products,1940.73,16.08,-3.29,3.68,4.1,4.18,0,4.76,11.21
Jai Mata Glass,Other Construction Materials,28,15.23,4.98,,-4.58,3.4,0,-50,
Jaihind Synth,Textiles & Apparels,46.25,26.99,22.15,83.94,0.13,0.13,0.07,-29.17,
Jain Irrigat-DVR,Industrial Products,44.63,-15.21,14.03,13.19,,,,,
Jain Irrigation,Industrial Products,2557.91,-36.32,9.08,13.96,0.61,4.94,0.71,9.85,50.97
Jain Marmo Inds,Other Construction Materials,6.29,-28.11,-1.72,4.32,-0.25,2.24,0.26,-44.04,
Jain Resource,Diversified Metals,13648.14,,,,38.98,27.2,0.9,47.8,40.02
Jainam Ferro,Ferrous Metals,240.08,-2.38,12.33,,8.96,13.05,0.01,5.25,30.62
Jainco Projects,Commercial Services & Supplies,4.99,19.66,7.56,40.85,0.09,2.3,0.83,203.03,124.75
Jainex Aamcol,Auto Components,27.81,-25.69,10.77,29.03,4.51,5.38,2.52,3.92,35.2
Jainik Power,Non - Ferrous Metals,179.35,,,,56.95,40.18,0.24,3.8,16.39
Jaipan Industrie,Consumer Durables,16.96,-6.55,-5.48,26.16,5.63,8.73,0.65,1.28,5.08
Jalan Transol.,Transport Services,3.85,-80.94,-31.51,-5.41,,,,-59.6,
James Warren Tea,Agricultural Food & other Products,111.59,13.04,8.87,17.79,23.85,24.27,0,-28.65,5.18
Jamna Auto Inds.,Auto Components,5892.94,107.09,13.29,16.65,19.25,20.74,0.01,6.03,29.16
Jamshri Realty,Realty,53.79,-24.96,23.37,20.74,,3.08,,4.76,
Jana Small Finan,Banks,3904.35,-9.14,,,13.03,8.15,8.49,11.2,12.59
Jaro Institute,Other Consumer Services,983.07,,,,35.76,39.89,0.13,26.73,19.75
Jasch Gauging,Industrial Manufacturing,234.42,-3.28,,,17.73,24.34,0,3.39,14.8
Jasch Industries,Textiles & Apparels,110.94,1.9,4.9,25.22,12.55,14.68,0.47,15.5,11.65
Jash Engineering,Industrial Manufacturing,2515.58,-25.62,32.58,47.07,22.35,24.95,0.25,14.43,45.24
Jattashankar Ind,Textiles & Apparels,185.7,150.3,174.95,87.1,-7.09,-6.93,0,362.59,1326.43
Jauss Polymers,Industrial Products,16.82,519.59,102.96,54.51,-1.12,-1.07,0,,
Jay Ambe Super.,Retailing,177.73,,,,26.03,24.49,0.28,41.81,59.44
Jay Bee Laminati,Industrial Products,172.19,-67.87,,,24.15,32.13,0.29,43.47,11.75
Jay Bharat Maru.,Auto Components,1156.43,64.03,23.06,17.5,5.61,7.87,1.03,5.18,13.98
Jay Jalaram Tech,Retailing,140.29,-51.96,-14.79,,13.4,15,0.53,6.75,16.7
Jay Kailash,Food Products,8.65,-66.81,,,9.81,12.07,0.52,-2.06,5.92
Jay Shree Tea,Agricultural Food & other Products,236.21,-11.5,-1.68,2.7,9.73,3.74,0.72,10,207.2
Jay Ushin,Auto Components,328.83,47.17,10.92,10.19,10.17,12.76,0.86,14.57,21.48
Jayabharat Cred.,Finance,7.9,8.82,8.62,20.37,,,,400,
Jayant Agro Org.,Chemicals & Petrochemicals,529.05,-28.36,2.86,4.46,9.82,12.59,0.33,-5.04,11.97
Jayant Infratech,Construction,68.02,-15.96,-20.41,,19,22.29,0.41,7.34,6.73
Jayaswal Neco,Industrial Products,7457.27,143.42,50.34,55.49,4.86,12.59,0.9,19.12,19.55
Jayatma Industri,Textiles & Apparels,7.55,-2.71,13.72,24.11,-16.73,-3.5,2.09,115,
Jayesh Logistics,Transport Services,126.07,,,,56.8,31.21,1.26,26.75,11.23
Jaykay Enter.,Aerospace & Defense,1857.37,18.21,67.16,57.65,-0.02,1.33,0.15,90,54.2
Jayshree Chem.,Chemicals & Petrochemicals,18.68,-17.38,1.45,12.6,-0.39,0.18,0.07,22.81,
Jaysynth Orgo,Chemicals & Petrochemicals,167.55,-41.58,35.43,33.4,13.36,13.98,0.38,10.93,13.2
JBM Auto,Auto Components,13039.11,6.75,24.74,44.83,16.07,14.2,2.24,10.71,60.16
JD Cables,Industrial Products,379.08,,,,117.16,65.58,0.34,148.47,16.04
Jeena Sikho,Pharmaceuticals & Biotechnology,7565.56,93.97,174.46,,37.93,50.24,0.3,44.64,37.05
Jeevan Scienti.,Healthcare Services,137.34,60.31,11.6,-0.49,0.28,2.8,0.53,5.12,
Jenburkt Pharma,Pharmaceuticals & Biotechnology,443.1,7.03,16.5,20.66,19.87,27.18,0.01,10.48,13.67
Jet Freight,Transport Services,85.48,46.31,12.61,14.3,5.9,10.7,0.93,2.58,21.92
Jet Solar,Realty,20.43,-40.28,4.71,,0.34,0.82,0.02,-74.42,
Jetking Infotrai,Other Consumer Services,81.76,47.99,49.52,23.25,6.53,7.56,,12.95,272.53
Jetmall Spices,Food Products,18.58,244.06,10.46,,-7.14,-7.56,0,-49.55,
Jeyyam Global,Food Products,177.88,0.4,,,17.84,17.75,0.43,2.13,7.58
JFL Life,Pharmaceuticals & Biotechnology,36.29,-47.74,-0.24,,11.09,15.81,0.27,-12.97,7.53
Jhandewala Foods,Food Products,60.88,-31.19,,33.06,55.2,22.36,0.27,223.46,9.17
Jhaveri Credits,Finance,161.36,-10.5,65.33,135.27,2.78,3.19,0,114.32,123.18
JHS Sven.Lab.,Personal Products,83.04,-27.37,-16.5,-16.5,-10.84,-5.19,0.06,6.43,
JHS Svend.Retail,Retailing,20.33,-25.47,,,-2.77,3.55,0.25,6.3,135.53
Jigar Cables,Electrical Equipment,59.34,-21.84,37.92,10.76,9.05,16.7,0,-20.83,39.04
Jindal Capital,Finance,23.38,-21.59,10.72,29.09,13.28,15.17,0.89,-2.49,41.02
Jindal Drilling,Oil,1290.48,-43.04,15.52,35.71,14.41,16.34,0.07,25.34,5.45
Jindal Hotels,Leisure Services,45.79,-26.44,16.55,21.6,6.26,9.76,2.29,2.08,34.95
Jindal Leasefin,Finance,13.59,12.65,6.81,18.9,-32.51,-30.21,0.75,40,
Jindal Photo,Finance,1307.94,128.47,59.75,104.1,13.99,13.8,0.06,-39.4,108.09
Jindal Poly Film,Industrial Products,2698.78,-4.71,1.51,4.29,2.15,5.36,0.84,-32.72,
Jindal Poly Inve,Finance,1240.6,98.79,39.8,105.51,14.17,12.83,0.01,2549.02,1.4
Jindal Saw,Industrial Products,11854.56,-24.78,35.34,35.99,16.31,19.37,0.43,-13.67,10.54
Jindal Stain.,Ferrous Metals,64003.81,32.74,42,61.69,16.15,18.16,0.38,8.42,21.65
Jindal Steel,Ferrous Metals,126919.36,45.33,29.53,29.22,7.68,10.67,0.39,0.24,44.56
Jindal Worldwide,Textiles & Apparels,2474.42,-70.16,-27.26,17.2,10.06,10.24,0.71,-0.46,37.66
Jinkushal Indus.,"Agricultural, Commercial & Construction Vehicles",249.09,,,,28.31,23.38,0.37,59.5,85.01
Jio Financial,Finance,162259.24,23.02,,,1.23,1.47,0.08,51.85,102.52
JITF Infra Logis,Other Utilities,970.57,-0.63,60.49,107.15,,12.07,,26.61,
Jiwanram Sheo,Industrial Products,12.5,-40.59,,,4.2,4.4,0.71,4.52,5.14
JK Agri Genetics,Agricultural Food & other Products,148.64,-17.36,-9.32,-12.9,-13.7,-7.09,0,-4.55,104.68
JK Lakshmi Cem.,Cement & Cement Products,8864.53,6.32,-0.05,12.63,8.72,10.48,0.72,11.24,18.54
JK Paper,"Paper, Forest & Jute Products",6131.52,25.92,-2.18,19.86,7.04,8.63,0.39,1.9,22.87
JK Tyre & Indust,Auto Components,14446.19,89.2,49.54,31.7,11.07,12.78,0.92,8.4,19.81
JM Financial,Finance,12216.59,38.41,25.39,6.9,9.01,9.39,1.1,-10.54,9.68
JMD Ventures,Entertainment,18.67,-28.9,-24.16,,3.18,4.19,0,-57.99,16.82
JMG Corporation,Industrial Products,14.71,14.21,55.77,43.6,1.12,2.41,0.14,240.54,
JMJ Fintech,Finance,18.3,7.28,21.31,60.09,26.38,31.23,0,60.95,2.81
JNK,Industrial Manufacturing,1336.52,-17.78,,,8.63,14.93,0.05,26.97,28.76
Jocil,Chemicals & Petrochemicals,118.56,-11.24,-7.73,-3.44,0.48,0.71,0.03,9.99,19.37
John Cockerill,Industrial Manufacturing,2517.89,96.29,52.63,45.13,9.9,12.25,0.03,-8.01,123.67
Johnson Pharma,Commercial Services & Supplies,28.6,-46.39,-0.63,14.87,-0.44,-0.43,0.02,,
Joindre Capital,Capital Markets,59.62,4.66,12.75,18.75,12.98,17.28,0.2,-22.82,7.64
Jolly Plastic,Finance,18.25,-85.78,,,0.29,0.29,0,-5,70.19
Jonjua Overseas,Commercial Services & Supplies,8.92,-55.63,-22.7,-39.17,12.56,17.66,1.06,-9,3.3
Josts Engg. Co.,Industrial Manufacturing,290.11,-32.56,34.18,32.26,26.2,30.41,0.18,9.67,34.09
JP Associates,Construction,704.47,-26.97,-31.3,-20.17,,-2.03,,-50.3,
JP Power Ven.,Power,10451.52,14.15,30.57,39.86,6.85,10.26,0.28,-2.1,16.87
JSL Industries,Electrical Equipment,124.87,-19.4,48.97,56.86,15.07,17.6,0.04,-0.27,65.38
JSW Cement,Cement & Cement Products,17052.97,,,,-4.81,4.64,0.75,-3.6,53.04
JSW Energy,Power,85711.93,5.1,27.79,45.69,7.41,6.49,2.37,55.52,37.03
JSW Holdings,Finance,18411.57,1.37,61.56,34.85,0.69,0.82,0,-28.44,127.18
JSW Infrast,Transport Infrastructure,53508.04,0.02,,,16.24,13.92,0.52,19.42,33.02
JSW Steel,Ferrous Metals,309276.56,33.03,23.18,25.57,4.94,8.11,1.22,5.19,39.57
JTEKT India,Auto Components,4140.98,33.07,11.26,11.44,8.68,11.22,0.23,6.39,53.99
JTL Industries,Industrial Products,2430.93,-21.39,-7.32,33.53,9.8,13.01,0.12,-7.78,30.94
Jubilant Agri,Chemicals & Petrochemicals,2793.21,47.86,,,31.49,33.22,0.1,23.91,22.05
Jubilant Food.,Leisure Services,34305.35,-16.96,5.49,-3.07,10.36,13.08,2.11,20.09,103.64
Jubilant Ingrev.,Chemicals & Petrochemicals,9324.32,-5,9.38,,8.88,11.15,0.27,1.43,33.92
Jubilant Pharmo,Pharmaceuticals & Biotechnology,13800.16,-4.03,41.6,2.09,9.55,9.54,0.44,12.09,29.9
Julien Agro,Construction,23.59,-60.71,,,2.15,3.24,0.01,95.99,8.7
Jullundur Motor,Auto Components,205.36,18.22,10.63,20.94,10.81,14.8,0,10.73,6.85
Jumbo Bag,Industrial Products,50.31,20.46,44.55,47.71,9,10.68,0.75,0.48,7.06
Jungle Camps,Leisure Services,65.73,-28.12,,,11.74,14.51,0.07,26.36,16.27
Juniper Hotels,Leisure Services,4857.67,-13.3,,,2.64,6.31,0.5,12.25,30.99
Jupiter Info.,Retailing,42.28,36,33.54,10.91,9.53,15.03,0,-34.73,
Jupiter Life Lin,Healthcare Services,8273.12,-12.11,,,14.95,17.95,0.28,15.3,42.8
Jupiter Wagons,Industrial Manufacturing,11419.34,-7.91,39.94,66.39,16.96,21.49,0.21,-27.26,47.34
Just Dial,Retailing,4678.73,-34.53,-1.84,-7.45,6.18,7.11,0.02,6.48,8.18
Justo Realfin,Realty,195.93,,,,38.28,44,0.19,37,14.02
Jyothy Labs,Household Products,9307.42,-21.38,10.04,11.38,29.02,37.11,0.04,1.96,26.95
Jyoti,Electrical Equipment,147.33,-14.97,56.14,40.63,,9.42,,51.25,6.36
Jyoti CNC Auto.,Industrial Manufacturing,18658.93,2.73,,,21.16,24.35,0.4,22.31,52.65
Jyoti Global,Industrial Products,85.82,,,,33.22,23.71,0.45,7.14,12.92
Jyoti Resins,Chemicals & Petrochemicals,1011.66,-29.82,-13.01,38.86,37.35,49.98,0,8.54,14.52
Jyoti Structures,Electrical Equipment,1498.04,-25.96,25.56,26.46,13.27,1.61,3.85,47.25,30.07
Jyotirgamya Ent.,Commercial Services & Supplies,34.12,13.03,,35.44,-0.35,-0.32,0.06,,
K C P,Cement & Cement Products,2038.24,-7.94,17.62,14.33,10.97,12.99,0.5,0.33,13.11
K G Denim,Textiles & Apparels,41.87,1.3,-16.21,-10.76,-779.82,-15.85,9.54,-69.72,
K K Silk Mills,Textiles & Apparels,27.31,,,,12.52,13.5,1.51,15.87,4.72
K P R Mill Ltd,Textiles & Apparels,30688.06,12,15.28,35.63,17.04,19.84,0.06,5.05,36.37
K Z Leasing,Finance,4.76,-23.73,-0.73,7.92,-0.95,0.77,0.38,-1.92,
K-Lifestyle,Textiles & Apparels,22.49,-31.25,-4.17,1.92,,-5.85,,-70.68,
K. V. Toys India,Consumer Durables,168.93,,,,100.88,31.3,1.95,-851500,37.05
K.P. Energy,Power,1921.41,-23.97,72.96,96.71,45.44,41.72,0.79,70.01,12.94
K&R Rail Engine.,Construction,115.13,-90.1,-49.54,15.97,7.53,9.41,0,-14.54,
K2 Infragen,Construction,63.28,-53.31,,,19.49,18.09,0.83,84.5,4.34
Kabra Drugs,Pharmaceuticals & Biotechnology,72.36,189.02,79.02,46.58,-8.47,-7.82,0.02,,16.83
Kabra Extrusion,Industrial Manufacturing,895.65,-22.93,-22.06,11.29,5.32,7.12,0.32,-6.91,
Kabra Jewels,Consumer Durables,92.53,-26.24,,,20.54,17.2,1.41,29.11,6.13
Kabsons Industri,Commercial Services & Supplies,25.57,-31.91,13.43,20.59,7.83,8.07,0.02,6.56,18.26
Kachchh Minerals,Minerals & Mining,15.71,35.3,14,32.52,1.04,2.28,0.62,-100,
Kahan Packaging,Industrial Products,12.02,-30.94,,,12.05,14.28,0.72,9.25,10.45
Kaira Can,Industrial Products,127.9,-7.69,-15.14,3.82,4.32,5.94,0.07,7.37,40.22
Kairosoft AI,Auto Components,5.56,-81.02,-13.97,-0.03,-11.93,-11.1,0,-18.75,
Kaiser Corporat.,Commercial Services & Supplies,22.63,0.7,-53.84,60.8,-15.99,-1.97,4.66,-24.51,
Kaizen Agro,Construction,49.67,-41.38,-1.67,16.35,0.34,0.47,0,22.25,22.17
Kajaria Ceramics,Consumer Durables,15243.95,12.3,-3.93,0.42,11.22,17.13,0.1,0.86,35.26
Kaka Industries,Industrial Products,251.34,-19.51,,,22.24,19.48,0.95,27.59,16.54
Kakatiya Cement,Cement & Cement Products,87.84,-24.19,-15.9,-8.55,-6.15,-3.11,0.05,-16.3,
Kakatiya Textile,Textiles & Apparels,5.75,-46.28,-31.76,63.36,,19.03,,277.46,
Kalana Ispat,Industrial Products,25.56,-49.29,,,4.5,6.98,0.06,-25.69,50.12
Kallam Textiles,Textiles & Apparels,15.9,-30.16,-32.89,-20.35,-28.47,-4.5,4.65,1.8,
Kalpa Commer.,Commercial Services & Supplies,10.85,,,,-11.62,-10.94,0,1466.24,
Kalpat.,Realty,6686.03,,,,1.23,1.06,2.24,10.49,
Kalpataru Proj.,Construction,21177.5,41.06,31.4,26.16,9.96,15.95,0.69,24.56,24.94
Kalyan Capitals,Finance,35.5,-26.36,-28.42,-2.97,5.18,10.45,4.97,25.31,9.22
Kalyan Jewellers,Consumer Durables,42349.5,-11.28,52.6,,15.95,15.03,1,35.27,36.61
Kalyani Cast-Tec,Industrial Manufacturing,334.14,15.86,,,24.25,29.55,0,39.81,21.2
Kalyani Forge,Industrial Products,225.21,20.58,35.34,26.63,9.77,12.33,0.99,0.9,39.72
Kalyani Invest.,Finance,2199.38,38.04,41.4,25.91,0.84,1.15,0,0.8,50.98
Kalyani Steels,Industrial Products,3265.69,2.47,33.57,17.84,14.04,15.58,0.22,-1.8,12.17
Kama Holdings,Finance,8460.68,8.88,2.22,18.02,9.11,11.75,0.6,9.45,9.02
Kamadgiri Fash.,Textiles & Apparels,49.3,-0.63,10.38,22.82,4.23,8.49,0.58,-18.06,63.21
Kamanwala Housin,Realty,22.56,16.44,21.08,27.83,-5.15,-3.77,0.01,2391.04,0.51
Kamat Hotels,Leisure Services,552.07,-29.99,14.64,40.79,18.61,19.58,0.92,5.38,17.68
Kamdhenu,Industrial Products,647.77,-22.96,-11.35,27.54,21.99,28.91,0,3.84,8.3
Kamdhenu Venture,Consumer Durables,138.94,-59.41,-31.68,,4.1,6.57,0.19,-5.77,29.19
Kanani Industrie,Consumer Durables,29.88,-35.74,-25.35,-8.31,1.19,1.21,0,3.48,16.69
Kanchi Karpooram,Chemicals & Petrochemicals,144.63,-14.21,-10.33,-16.35,6.94,9.44,0.06,-3.58,27.39
Kanco Tea,Agricultural Food & other Products,31.25,-17.57,-6.45,6.71,-12.93,-4.12,0.71,22.78,
Kandagiri Spinng,Textiles & Apparels,16.51,5.25,25.3,36.9,,-5.54,,-11.81,
Kandarp Digi,Commercial Services & Supplies,142.45,148.05,99.48,,8.57,12.96,0.2,114.65,69.15
Kanel Indust.,Commercial Services & Supplies,22.1,,91.75,62.98,-1.64,-0.72,0.01,,
Kanishk Alumin.,Non - Ferrous Metals,50.57,,,,21,16.56,1.37,0.81,16
Kanishk Steel,Industrial Products,159.09,103.49,32.74,45.09,1.04,5.52,0.26,8.94,41.32
Kanoria Chem.,Industrial Manufacturing,299.48,-11.78,-17.91,-4.11,-11.82,-2.33,0.62,0.55,
Kanoria Energy,Cement & Cement Products,136.04,-38.82,-6.92,3.62,3.96,8.15,1.12,-15.16,
Kanpur Plastipa.,Industrial Products,424.85,53.47,27.56,14.96,10.72,11.99,0.58,21.17,11.79
Kansai Nerolac,Consumer Durables,16454.29,-10.21,-9.26,-11.47,10.41,13.03,0.04,1.79,26.63
Kanungo Financi.,Finance,5.19,26.27,4.02,-4.36,3.9,6.2,1.42,44.64,16.74
Kapil Raj Financ,Finance,24.94,-63.98,9.64,18.89,-0.07,-0.07,0,26.67,45.35
Kapston Services,Commercial Services & Supplies,834.96,89.83,77.95,51.7,22.19,12.85,1.72,23.51,31.46
Karbonsteel Eng.,Construction,218.84,,,,27.19,29.25,0.61,25,13.89
Karma Energy Ltd,Power,50.93,-11.78,11.74,22.9,1.94,1.38,0.04,11.72,31.25
Karnataka Bank,Banks,7672.38,21.01,11.07,24.51,11.1,6.33,8.27,-0.41,6.64
Karnavati Financ,Finance,12.36,-32.04,-64.08,-7.84,-15.18,-2.09,6.31,51.58,
Karnawati Innovation,Industrial Products,8.16,49.5,71.38,,13.51,20.72,0,4791.44,2.18
Karnika Industri,Textiles & Apparels,708.94,-0.8,,,26.96,22.82,0.78,11.46,28.33
Kartik Invest.,Finance,30.65,33.62,24.24,12.6,-0.69,-0.69,0,29250,6.03
Karur Vysya Bank,Banks,31527.48,94.64,57,46.08,17.65,7.38,8.83,14.34,13.72
Kashyap TeleMed.,IT - Services,25.39,80.34,35.89,,0,0,0,-80,
Kasturi Metal,Industrial Products,63.41,,,,13.64,16.34,0.71,14.51,28.06
Katare Spinning,Textiles & Apparels,29.93,-43.64,-22.43,48.28,-1.52,-1.43,0.03,-30.74,
Kataria Indust.,Industrial Manufacturing,225.97,-5.41,,,13.62,13.37,0.02,28.91,22.6
Kati patang Life,Beverages,108.57,-36.46,85.1,64.92,,-22.08,0.58,-23.51,
Kaushalya,Retailing,75.97,-49.63,,,21.33,18.85,1.06,92.15,6.07
Kaushalya Infra.,Leisure Services,31.06,5.98,29.29,37.88,7.19,6.33,0,486.67,22.35
Kaveri Seed Co.,Agricultural Food & other Products,3972.13,-22.85,12.85,8.35,19.04,20.08,0,13.59,13.21
Kavveri Defence,Telecom -  Equipment & Accessories,220.24,40.69,123.35,106.65,9.58,8.43,0.07,74.44,47.47
Kay Cee,Construction,149.44,-45.67,,,32.11,29.31,0.59,153.39,7.03
Kay Power &Paper,"Paper, Forest & Jute Products",36.48,-60.99,9.74,30.67,4.19,2.75,0.06,-19.87,40.53
Kaya Ltd,Leisure Services,491.62,29.38,5.51,0.82,,-2.5,,3.29,
Kaycee Inds.,Electrical Equipment,267.57,-5.35,81.36,71.26,22.25,30.55,0.11,14.33,44.6
Kaynes Tech,Industrial Manufacturing,25851.91,-6.94,64.11,,10.74,14.28,0.19,41.84,66.22
Kaytex Fabrics,Textiles & Apparels,114.43,,,,40.49,33.46,0.4,22.35,6.41
KBS India,Finance,14.28,-78.33,-47.91,21.92,0.55,1.36,0,10.2,57.12
KCD Industries,Commercial Services & Supplies,14.54,-11.4,-34.27,2.11,0.51,0.75,0.08,-139.22,
KCK Industries,Agricultural Food & other Products,161.55,-47.68,90.05,,2.9,6.06,0.09,-49.74,299.17
KCL Infra,Construction,21.62,-3.03,-11.55,20.21,0.95,2.22,0.06,412.1,14.91
KCP Sugar &Inds.,Agricultural Food & other Products,262.49,-31.31,-1.4,7.6,1.99,4.63,0.13,-20.31,64.02
KDDL Ltd,Consumer Durables,2994.38,-17.57,32.73,50.83,11.51,14.12,0.45,26.79,35.59
KEC International,Construction,15580.69,-14.74,8.13,5.34,12.02,17.98,0.94,13.47,21.41
Keerthi Indus,Cement & Cement Products,46.97,-25.86,-26.42,-11.84,-44.05,-24.53,1.68,-31.8,
KEI Industries,Industrial Products,48568.93,65.48,44.83,59.37,15.58,21.29,0.04,22.24,56.43
Kellton Tech,IT - Services,1011.8,-11.7,23.45,5.23,16.29,17.11,0.18,12.28,11.08
Keltech Energies,Chemicals & Petrochemicals,321.4,21.77,60.72,44.01,22.23,25.85,0.32,12.37,11.86
Kemistar Corp.,Chemicals & Petrochemicals,73.84,-8.52,20.22,10.37,2.97,3.35,0.47,56.37,175.81
Kemp & Co.,Commercial Services & Supplies,102.06,-32.76,4.42,17.22,-0.71,-0.8,0,1.04,
Ken Enter.,Textiles & Apparels,101.46,-20.73,,,15.74,28.13,0.37,20.04,7.96
KEN Fin.Serv.,Finance,3.22,-46.4,,,1.11,3.07,0.04,75.86,14.64
Kennametal India,Industrial Manufacturing,5318.62,18.93,6.23,17.07,12.91,17.55,0,10.14,47.7
Kenrik Indust.,Consumer Durables,10.26,,,,7.56,10.63,0.01,21.26,8.48
Kenvi Jewels,Consumer Durables,30.2,-34.52,-12.11,22.12,5.1,8.26,0.63,33.23,26.03
Kerala Ayurveda,Pharmaceuticals & Biotechnology,248.02,-42.01,31.72,33.47,-99.22,-9.01,15.49,5.53,
Kernex Microsys.,Transport Services,1811.3,22.28,57.48,103.16,37.99,23.76,0.51,123.77,34.4
Kesar Enterprise,Agricultural Food & other Products,47.17,-42.51,-4.42,2.04,-46.79,-26.18,0.1,-55.25,
Kesar India,Realty,3268.92,116.17,294.62,,46.19,39.6,0.24,-26.74,178.24
Kesar Petroprod.,Chemicals & Petrochemicals,230.76,7.47,55.73,31.37,7.08,7.11,0.4,-6.21,13.81
Kesar Terminals,Transport Services,70.46,-6.68,23.14,13.1,3.32,6.54,1.38,3.28,27.52
Kesoram Inds.,Cement & Cement Products,284.92,-4.08,47.8,22.9,2034.33,-4.71,0.58,-5.02,
Kewal Kir.Cloth.,Textiles & Apparels,3124.71,8.87,7.42,22.53,15.46,18.19,0.18,26.02,22.41
Key Corp,Finance,42.4,-60.4,11.7,39.87,6.57,6.54,0,-96.04,45.11
Keynote Finan.,Capital Markets,156.7,46.69,44.09,35.53,11.09,9.27,0.01,-43.4,17.33
Keystone Realtor,Realty,5260.77,-19.57,-2.61,,7.53,9.33,0.44,-27.23,57.66
KFin Technolog.,Capital Markets,16502.85,9.88,48.36,,24.97,32.75,0.03,19.34,46.7
KG Petrochem,Textiles & Apparels,115.38,-5.96,3.94,4.66,3.08,5.29,0.47,0.27,42.58
Khadim India,Consumer Durables,221.26,-49.1,-10.15,-2.59,2.2,9.34,1.54,-19.45,23
Khaitan (India),Consumer Durables,44.91,18.25,26.96,38.73,,,1.03,,6.04
Khaitan Chemical,Fertilizers & Agrochemicals,549.54,9.89,-1.73,16.2,0.63,2.48,1.07,58.82,7.64
Khandelwal Extra,Agricultural Food & other Products,10.83,76.96,50.22,66.37,10.83,13.29,0,-25.32,90.25
Khandwala Sec.,Capital Markets,26.01,-25.51,-16.47,3.8,-15.54,-14.51,0.1,-39.41,
Khazanchi Jewell,Consumer Durables,1896.48,36.29,,,21.43,24.07,0.22,115.88,24.83
KHFM Hospitality,Commercial Services & Supplies,153.08,-12.06,21.88,10.86,6.15,10.35,0.6,-0.45,41.83
Khoobsurat Ltd,Textiles & Apparels,27.75,5.36,-20.85,26.8,-5.33,-4.75,0,-46.03,7.64
Khyati Global,Commercial Services & Supplies,29.66,-23.15,,,22.13,19.86,0.52,15.71,5.97
Khyati Multimed.,Leisure Services,3.25,18.04,35.5,32.04,-58.52,-60.48,0,-100,108.33
Kiaasa Retail,,231.51,,,,34.23,30.95,0.91,44.2,25.67
KIC Metaliks,Ferrous Metals,105.25,-11.62,-8.39,-0.79,-3.46,-0.42,0.7,-7.57,
Kiduja India,Finance,43.34,-13.34,44.79,52.92,,5.79,,-24.55,
KIFS Financial,Finance,122.59,3.47,4.71,21.95,15.02,9.37,3.99,-22.53,13.24
Kilburn Engg.,Industrial Manufacturing,2654.88,34.92,74.71,93.93,17.16,21.68,0.19,35.21,28.93
Kilitch Drugs,Pharmaceuticals & Biotechnology,565.5,6.98,34.27,30.07,12.61,15.67,0.31,13.85,21.71
Kimia Bioscien.,Pharmaceuticals & Biotechnology,159.4,-19.86,-0.87,-3.38,186.78,41.8,3.11,13.46,17.61
Kinetic Engg.,Auto Components,576.35,31.55,36.57,40.67,-5.76,0.43,0.66,4.78,417.64
Kinetic Trust,Finance,15.13,114.78,78.42,53.13,4.58,5.62,7,326.42,33.62
Kingfa Science,Industrial Products,5968.16,52.09,47.2,47.68,23.21,30.55,0.01,12.33,35.52
Kings Infra,Food Products,323.84,-2.33,11.31,38.32,20.37,20.4,0.88,24.46,23.05
KIOCL,Ferrous Metals,20502.48,45.5,19.98,15.11,-11.27,-9.48,0.11,-10.7,
Kiran Print Pack,Printing & Publication,14,-15.18,52.77,46.7,2.13,3.19,0,8.11,175
Kiran Syntex,Textiles & Apparels,6.35,106.35,39.53,21.55,-3.96,-3.86,0.08,,
Kiran Vyapar,Finance,492.62,2.47,9.11,13.7,2.95,4.05,0.16,-13.67,390.97
Kiri Industries,Chemicals & Petrochemicals,2720.22,-13.85,17.82,-0.53,8.56,10.52,0.37,-1.23,
Kirl. Brothers,Industrial Products,12568.84,-0.84,62.44,59.3,21.62,27.59,0.1,-0.69,30.38
Kirl. Electric,Electrical Equipment,594.07,-24.6,8.99,45.97,-6.12,8.35,0.83,-4.86,32.06
Kirl. Ferrous,Ferrous Metals,6546.8,-12.76,-2.87,20.29,9.58,12.64,0.36,5.92,18.52
Kirl.Pneumatic,Industrial Products,7546.78,16.25,25.08,39.93,21.12,28.27,0,6.53,35.94
Kirloskar Indus.,Industrial Products,2978.99,-12.18,6.52,18.36,2.6,6.72,0.19,4.1,18.49
Kirloskar Oil,Industrial Products,20250.12,141.83,64.96,54.16,15.4,13.68,1.64,17.34,37.26
Kisaan Parivar,Commercial Services & Supplies,14.34,-57.24,56.13,33.44,30.82,42.98,0,-51.92,7.84
Kisan Mouldings,Industrial Products,345.13,-36.15,47.46,17.01,1.66,2.3,0.16,1.31,
Kitex Garments,Textiles & Apparels,3625.31,12.79,54.92,38.7,14.31,10.16,1.14,-6.4,91.81
Kizi Apparels,Textiles & Apparels,11.73,-17.31,,,8.84,12.11,0.44,15.62,11.5
KJMC Corporate,Finance,19.09,-44.3,15.45,26.86,1.65,2.94,0.08,14.26,11.16
KJMC Financial,Finance,22.62,-51.32,10.02,36.22,0.56,1.36,0.09,-6.78,15.28
KK Shah Hospital,Healthcare Services,24.51,-14.29,,,-2.4,-2.33,0,30.19,
KKalpana Inds.,Chemicals & Petrochemicals,71.59,-38.38,-16.54,-13.1,-4,2.68,0.03,-13.93,65.68
Kkalpana Plastic,Industrial Products,15.68,57.06,29.68,49.79,1.44,1.44,0,,522.67
KKV Agro Powers,Consumer Durables,41.47,13.41,-8.05,18.82,8.02,10.86,0.32,-10.09,7.55
KM Sugar Mills,Agricultural Food & other Products,229.26,-9.28,-0.7,17.88,11.25,11.17,0.18,12.24,4.15
KMC Speciality,Healthcare Services,1397.44,30.89,13.83,30.14,13.91,17.37,0.47,31.96,38.15
KMF Builders,Realty,10.26,-17.69,16.83,15.76,-4.1,-3.78,0,6900,10.58
KN Agri Resource,Agricultural Food & other Products,449.41,-14.13,14.26,,11.13,14.75,0.13,-1.41,12.87
Knowledge Marine,Engineering Services,3905.44,111.1,48.28,,25.77,24.67,0.61,21.54,61.22
Knowledge Realty,Realty,53150.71,,,,13.98,13.17,0.07,17.69,28.97
KNR Construct.,Construction,3732.83,-39.78,-19.89,-8.63,27.24,28.58,0.49,-42.65,6.86
Kobo Biotech,Chemicals & Petrochemicals,5.98,-16.33,3.26,-10.86,,-52.9,,,
Kody Technolab,IT - Software,1082.27,-7.9,,,22.27,,0.03,,89.74
Kohinoor Foods,Agricultural Food & other Products,92.94,-19.65,-22.13,29.07,,-0.1,,53.47,
Kokuyo Camlin,Household Products,825.6,-20.53,4.98,5.18,1.95,3.65,0.04,0.01,31.4
Kolte Patil Dev.,Realty,3145.48,41.88,9.01,7.76,13.15,10.87,0.86,-20.99,74.24
Konark Synth,Textiles & Apparels,22.63,37.05,43.43,41.2,-67.31,5.94,165.29,30.62,
Konndor Indust.,"Paper, Forest & Jute Products",8.64,45.13,21,45.52,6.84,9.37,0,-71.1,
Konstelec Engg.,Construction,57.61,-51.06,,,4.74,9.24,0.82,3.54,22.33
Kontor Space,Commercial Services & Supplies,49.25,-6.24,,,17.1,16.77,0.15,69.44,11.24
Kopran,Pharmaceuticals & Biotechnology,636.55,-21.67,5.02,2.25,7.64,9.75,0.31,-3.66,38.46
Kore Digital,Telecom - Services,160.58,-65.84,,,35.48,45.01,0.05,216.63,3.32
Kotak Mah. Bank,Banks,412971.36,9.09,5.96,2.38,15.37,8.17,3.62,7.3,21.97
Kothari Ferment.,Food Products,57.93,-33.47,-3.65,-4.22,1.44,5.46,0.81,-1.94,
Kothari Indl,Fertilizers & Agrochemicals,1936.83,64.57,,,-17.17,-12.59,0.04,535.19,
Kothari Petroche,Chemicals & Petrochemicals,680.15,-19.92,20.23,31.32,23.82,29.99,0.01,-0.38,9.42
Kothari Products,Commercial Services & Supplies,403.07,0.04,4.75,13.92,-6.6,-4.68,0.23,-9.43,11.26
Kothari Sugars,Agricultural Food & other Products,206.4,-27.83,-11.81,-0.55,1.69,3.22,0.17,-34.59,
Kotia Enterprise,Retailing,15.36,-25.96,11.58,10.55,-0.21,-0.21,0,-100,
Kotyark Indust.,Gas,248.34,-56.16,-8.64,,9.83,13.03,0.54,-29.91,91.3
Koura Fine Diamo,Consumer Durables,21.79,26.99,,,1.96,4.35,0.07,81.75,47.37
Kovai Medical,Healthcare Services,5784.31,-1.64,39.98,37.29,21.23,23.31,0.34,14.58,24.53
Kovil. Lak. Rol.,Food Products,93.1,15.44,-1.98,17.46,1.61,6.98,1.44,0.59,18.4
KP Green Engg.,Electrical Equipment,1859.25,-7.58,,,25.08,30.04,0.53,90.03,17.72
KPI Green Energy,Power,7620.33,2.09,59.14,128.71,19.73,17.5,0.96,69.68,17.78
KPIT Technologi.,IT - Software,21139.23,-35.6,-2.97,40.17,32.5,40.03,0.16,11.37,27.78
KPT Industries,Industrial Manufacturing,192.19,-19.15,23.11,43.86,22.5,25.53,0.21,-1.3,15.22
Kranti Industrie,Auto Components,78.37,-35.38,-8.02,31.15,-5.5,-0.56,1.05,15.11,34.83
KRBL,Agricultural Food & other Products,7774.25,34.14,-0.4,11.77,9.42,11.84,0.01,9.96,12.02
Krebs Biochem,Pharmaceuticals & Biotechnology,122.98,-27.69,-5.08,-12.67,,-30.09,,-53.2,
Kreon Finnancial,Finance,66.23,49.2,-9.98,35.61,-13.32,-2.17,0.79,70.76,10.86
Kretto Syscon,Realty,54.19,-52.1,24.96,16.67,9.76,12.88,0.01,-35.22,52.11
Kridhan Infra,Construction,32.32,-9.31,9.46,-2.65,,,,557.65,38.02
Krishana Phosch.,Fertilizers & Agrochemicals,2932.87,145.03,20.59,67.99,25.29,21.74,0.93,85.89,22.57
Krishanveer Forg,Industrial Products,145.5,75.48,49.26,27.1,13.84,20.04,0,-1.95,19.25
Krishca Strapp.,Industrial Products,258.84,-12.13,,,16.55,20.37,0.76,48.34,20.74
Krishival Foods,Food Products,802.81,37.44,8.26,,10.53,14.81,0.19,97.11,39.68
Krishna Capital,Finance,8.91,-13.44,4.11,48.23,0.16,0.16,0,8.51,891
Krishna Defence,Aerospace & Defense,1619.25,93.54,97.91,,18.44,24.31,0,33.92,48.68
Krishna Fil. Ind,Industrial Products,4.67,-28.57,25.3,10.51,,100,,,
Krishna Institu.,Healthcare Services,29812.35,42.99,40.37,,18.48,15,1.4,26.29,101.62
Krishna Vent.,Realty,25,-52.7,-38.12,18.88,-7.98,-5.65,0,-75.13,
Kriti Industries,Industrial Products,419.57,-29.91,-7.71,5.54,-2.42,6.02,0.46,-25.15,
Kriti Nutrients,Agricultural Food & other Products,352.08,-22.87,16.36,11.27,18.69,24.46,0.03,22.61,10.8
Kritika Wires,Industrial Products,162.43,-24.22,26.27,18.87,11.33,15.11,0.4,23.07,18.05
KRM Ayurveda,Pharmaceuticals & Biotechnology,429.57,,,,67.86,41.83,0.69,13.98,35.5
KRN Heat Exchan,Industrial Products,6203.54,14.28,,,16.82,20.75,0.06,45.15,91.27
Kronox Lab,Chemicals & Petrochemicals,444.62,-19.17,,,32.57,43.82,0.03,5.17,17.19
Kross Ltd,Auto Components,1271.8,18.4,,,16.51,21.72,0.13,2.3,25.48
Krsnaa Diagnost.,Healthcare Services,2061.32,-10.53,20.78,,9.29,12.52,0.3,3.93,25.65
Krupalu Metals,Industrial Products,23.25,,,,42.24,26.54,0.28,30.4,50.54
Krypton Industri,Diversified,54.1,-13.27,21.91,30.14,1.24,8.36,0.68,2.1,52.52
Krystal Integrat,Commercial Services & Supplies,874.43,42.11,,,14.98,16.82,0.22,13.95,15.18
KS Smart Technlogies,"Paper, Forest & Jute Products",2941.74,349.29,,,,,,,145.99
KSB,Industrial Products,13405.37,24.84,26.08,39.35,18.26,24.52,0,6.42,46.4
KSE,Food Products,680.32,7.1,8.23,-1.19,33.98,42.92,,-0.67,5.55
KSH Internationa,Industrial Products,2533.72,,,,25.68,21.45,1.4,39.45,37.93
Kshitij Polyline,Chemicals & Petrochemicals,41.8,-23.23,-48.05,-7.07,-24,-10.76,0.19,-23.89,
Ksolves India,IT - Software,720.39,-24.49,11.04,52.04,153.9,157.26,0.08,13.71,23.62
KSR Footwear,Commercial Services & Supplies,55.02,,,,,,0.44,,
Kuantum Papers,"Paper, Forest & Jute Products",781.79,-13.74,-9.45,10.72,10.07,11.36,0.56,-5.23,14.55
Kuber Udyog,Finance,4.75,-9.48,139.36,85.53,0.8,3.83,0.73,36,23.75
Kuberan Global,Other Consumer Services,8.5,26.57,33.79,,-18.62,-18.22,0.02,-98.96,
Kumbhat Fin.,Finance,9.89,3.98,20.34,36.76,34.3,20.67,2.73,428.57,7.55
Kundan Edifice,Consumer Durables,83.2,-33.06,,,21.64,22.95,0.72,15.67,9.49
Kunststoff Inds.,Industrial Products,16.62,9.64,0.79,-1.49,7.07,17.04,0,-3.71,16.46
Kush Industries,Textiles & Apparels,9.78,-29.01,5.95,29.21,,-2.4,,-98.48,
Kuwer Industries,Chemicals & Petrochemicals,8.4,-20.53,3.68,18.49,2.96,6.45,2.03,-1.2,93.33
KVS Castings,Industrial Products,93.58,,,,22.02,27.96,0.53,-7.34,12.18
Kwality Pharma,Pharmaceuticals & Biotechnology,1614.38,138.32,68.11,92.74,16.31,18.4,0.38,33.23,28.25
Kwality Wall's,Food Products,6137.13,,,,-64.67,,0,,
L G Balakrishnan,Auto Components,6212.32,62.18,41.44,44.38,16.06,19.86,0.09,16.44,19.29
L T Foods,Agricultural Food & other Products,13969.99,18.48,59.55,50.36,16.7,19.18,0.43,20.4,21.49
L. T. Elevator,Industrial Manufacturing,361.22,,,,31.83,32.96,0.07,40.81,25.24
L.K.Mehta Poly.,Industrial Products,16.89,-24.09,,,8.44,10.59,0.58,2.37,25.98
L&T Finance Ltd,Finance,71089.37,110.75,46.56,21.51,10.79,8.71,3.72,10.43,25.11
L&T Technology,IT - Services,37230.08,-22.52,-2.15,6.38,22.16,28.29,0.1,14.92,29
La Opala RG,Consumer Durables,2290.49,1.6,-16.07,-1.37,10.93,15.43,0.01,-5.78,22.19
La Tim Metal & I,Metals & Minerals Trading,138.99,-15.62,16.32,27.89,-1.44,3,0.62,28.9,
Labelkraft Tech.,"Paper, Forest & Jute Products",18.17,-9.68,,,10.88,14.06,0.2,5.39,13.46
Lactose (India),Pharmaceuticals & Biotechnology,120.24,-15.48,27.49,26.92,9.69,12.87,0.87,23.1,24.89
Ladam Affordab.,Realty,13.29,8.04,18.17,17.08,-0.2,-0.07,0.46,-100,
Ladderup Finance,Finance,55.08,16.9,39.71,28.7,1.89,8.19,0.31,10.95,34
Laddu Gopal,Realty,14.42,-62.72,-56.42,-37.5,2.44,3.31,0.03,,36.05
Laffans Petroch,Chemicals & Petrochemicals,27.2,3.79,-4.47,14.53,1.69,2.3,0.01,-50.57,22.11
Lagnam Spintex,Textiles & Apparels,130.84,-27.22,12.25,37.71,11.26,9.85,3.21,-0.7,8.97
Lahoti Overseas,Commercial Services & Supplies,141.19,38.36,21.81,26.47,6.73,10.89,0.12,-16.29,8.21
Lak. Electrical,Electrical Equipment,184.51,-13.5,-1.16,19.38,1.32,2.3,0.05,5.11,67.83
Lak. Fin. & Indl,Finance,41.36,-19.76,10.21,11.73,6.21,4.28,0,-35.47,34.47
Lak. Prec. Screw,Auto Components,5.44,-7.79,-0.86,-0.52,-90.57,0.28,11.16,-6.06,
Lake Shore,Food Products,27.09,77.74,40.17,35.41,3.68,4.89,0,,61.57
Lakhotia Poly.,Textiles & Apparels,60.33,51.58,38.04,47.22,49.88,38.57,0.64,-49.85,9.71
Lakshmi Engg.,Industrial Manufacturing,126.79,-4.73,40.28,30.89,4.01,5.84,0.53,5.28,91.88
Lakshmi Mills,Textiles & Apparels,522.35,33.69,24.7,30.7,-0.6,0.86,0.15,-5.39,
Lakshya Powertec,Construction,112.13,-37.32,,,25.41,25.52,0.57,18.72,7.34
Lambodhara Text.,Textiles & Apparels,110.1,-3.69,-9.84,17.99,5.6,9.1,0.32,7.15,13.59
Lamosaic India,Consumer Durables,26.72,-53.09,,,5.34,11.05,0.1,-4.16,
Lancer Containe.,Transport Services,246.39,-55.07,-44.51,18.73,-0.76,0.51,0.1,-48.97,
Lancor Holdings,Realty,177.62,1.05,8.46,37.35,2.81,10.49,0.64,-9.61,
Landmarc Leisur.,Finance,213.64,45.33,34.3,41.82,0.98,0.66,0.13,32.2,
Landmark Cars,Automobiles,1713.74,-7.32,-9.3,,3.09,7.99,1.48,23.98,69.02
Landmark Global,Leisure Services,68.88,-26.65,,,21.14,28.83,0.01,7.71,6.99
Landmark Prop.,Realty,81.56,-21.45,-1.44,24.9,-8.9,-8.51,0,3.92,479.76
Larsen & Toubro,Construction,588527.88,35.22,26.46,23.77,16.55,14.49,1.32,11.71,34.5
Lasa Supergeneri,Pharmaceuticals & Biotechnology,39.98,-61.93,-31.15,-34.71,1.01,-1,0.13,-48.93,148.07
Last Mile Enter.,Finance,209.55,-73.22,-19.31,21.77,5.65,8.02,0.11,1006.97,14.78
Latent View,IT - Software,6977.51,-12.02,-0.88,,11.58,15.22,0.02,27.49,35.09
Latteys Industri,Industrial Products,128.68,24.96,-15.43,42.72,9.35,12.91,0.37,40.1,47.31
Laurus Labs,Pharmaceuticals & Biotechnology,58077.77,104.06,50.73,24.22,7.45,9.15,0.46,27.46,68.87
Laxmi Cotspin,Textiles & Apparels,26.32,-31.63,-8.21,9.5,-7.63,-0.31,0.65,-5.4,15.39
Laxmi Dental,Healthcare Equipment & Supplies,1058.41,-43.24,,,21.88,19.2,,13.31,39.45
Laxmi Goldorna,Consumer Durables,1437.41,13.98,212.09,102.97,19.04,18.38,1.29,-43.75,152.11
Laxmi India Fin.,Finance,492.62,,,,15.66,13.71,2.57,41.93,11.24
Laxmi Organic,Chemicals & Petrochemicals,3490.4,-28.28,-21.66,,5.93,8.56,0.17,-8.04,43.86
Laxmipati Engg,Industrial Manufacturing,143.75,,,40.05,122.18,18.57,1.73,18.57,15.47
LCC Infotech,Other Consumer Services,59.5,-25.04,37.7,,-65.71,-26.46,4.91,620,
Le Lavoir,Commercial Services & Supplies,97.48,-3.71,71.25,44.86,,,,,56.67
Le Merite Export,Textiles & Apparels,1137.9,52.23,104.05,,4.74,7.8,0.64,-11.64,87.26
Le Travenues,Leisure Services,7456.51,27.25,,,9.74,12.62,0.04,50.81,126.57
Lead Financial S,Finance,6.14,-23.75,-6.11,33.26,2.67,4.67,0,16.67,47.23
Lead Reclaim,Industrial Products,55.78,5.13,32.82,,9.34,13.15,1,108.94,28.46
Leading Lea. Fin,Finance,125.11,-63,-9.45,-8.75,5.56,7.82,2.44,384.03,4.41
Lee & Nee Soft.,IT - Services,44,-12.82,6.78,41.32,0.58,0.95,0,4.48,176
Leela Palaces Hotels,Leisure Services,15146.66,,,,13.14,11.98,0.28,11.02,42.75
Lehar Footwears,Consumer Durables,411.47,10.6,41.23,58.8,10.21,12.44,0.46,118.29,18.94
Lemon Tree Hotel,Leisure Services,9005.47,-6.61,12.99,22.83,18.45,12.98,1.67,13.91,37.51
Lenskart Solut.,Retailing,93315,,,,4.32,5.57,0.45,22.57,246.3
Leo Dryfruits,Food Products,96.61,1.09,,,16.67,22.39,0.48,40.44,7.47
Lerthai Finance,Other Construction Materials,39.78,27.45,13.47,17.25,-0.2,-1.48,0,-70.99,
Lesha Industries,Commercial Services & Supplies,21.91,-35.83,-40.03,5.12,0.62,0.36,0,-90.94,52.17
Lexoraa Ind,Industrial Manufacturing,7.53,47.46,58.11,42.79,,-130.3,,892.59,
Lexus Granito,Consumer Durables,78.5,-1.24,-13.55,16.31,-73.54,-1.77,3.33,-13.08,
LG Electronics,Consumer Durables,107856.93,,,,45.18,56.83,0.07,14.12,52.43
LGB Forge,Auto Components,162.93,-29.7,-10.06,11.05,-18.2,-1.79,1.4,12.82,
LGT Business,Leisure Services,58.22,,,,53.05,50.12,0.19,12.39,9.2
Libas Consumer,Textiles & Apparels,26.45,-19.29,-9.95,-18.82,3.3,4.62,0.15,11.16,6.66
Liberty Shoes,Consumer Durables,411.38,-21.64,4.35,10.87,7.2,9.99,0.73,8.84,35.22
Libord Finance,Finance,28.54,-5.51,39.48,21.38,-3.18,-2.81,0,125.49,54.88
Libord Securitie,Finance,8.5,-14.96,8.85,8.13,-17.09,-17.09,0,-87.8,
LIC Housing Fin.,Finance,29579.64,8.22,14.65,4.42,16.05,8.93,7.08,4.29,5.39
Life Insurance,Insurance,537245.3,14.71,12.18,,45.72,53.13,0,6.75,10.13
Likhami Consult.,Commercial Services & Supplies,379.24,-34.7,40.37,43.38,0.63,0.86,0,13.04,1264.13
Likhitha Infra.,Construction,591.28,-40.64,-14.06,1.48,20.29,27.61,0,-5.5,11.26
Lime Chemicals,Chemicals & Petrochemicals,9.45,-20.86,-9.74,-5.27,11.96,5.63,2.77,-37.57,
Linc,Household Products,638.74,0.06,-6.95,20.18,17.63,22.43,0.08,5.33,16.98
Lincoln Pharma.,Pharmaceuticals & Biotechnology,1263.98,21.11,23.66,21.87,12.82,17.28,0,9.1,14.39
Linde India,Chemicals & Petrochemicals,57393.44,13.55,21.73,32.58,12.33,16.9,0.02,-0.61,98.35
Link Pharma Chem,Chemicals & Petrochemicals,12.12,-21.89,-12.87,0,-7.81,-3,0.62,0.96,86.57
Lippi Systems,Industrial Manufacturing,32.91,129.48,54.7,47.43,-3.35,-4.88,0.1,0,7.97
LKP Finance,Finance,1520.88,213.96,136.81,56.42,1.07,0.81,0.1,-84.26,74.19
LKP Securities,Capital Markets,120.59,-30.34,4.6,19.11,12.77,18.4,0.71,-17.2,11.33
Lloyds Engineeri,Industrial Manufacturing,5600.08,-1.77,41,121.82,15.92,,0.16,,34.72
Lloyds Enterpris,Metals & Minerals Trading,6496.75,23.66,94.88,84.64,2.48,5.97,0.2,14.51,25.46
Lloyds Luxuries,Leisure Services,121.78,-27.14,5.04,,-10.36,-9.68,0,18.4,
Lloyds Metals,Minerals & Mining,67218.79,20.75,64.2,157.36,31.45,38.28,1.06,73.48,27.29
LMW,Industrial Manufacturing,15771.31,8.07,10.88,18.21,3.04,4.48,0,-3.18,129.98
Lodha Developers,Realty,98715.28,-12.61,32.76,,14.69,15.62,0.45,19.25,29.54
Logica Infoway,Retailing,356.31,-14.52,73.75,,14.09,14.3,1.4,10.39,26.03
Logiciel Soluti.,IT - Software,28.88,,,,32.77,44.99,0,23.44,5.28
Lokesh Mach.,Industrial Manufacturing,370.16,14.62,18.68,38.94,0.26,4.87,0.71,-30.4,200.09
Longspur Intl,Finance,9.56,24.56,-13.75,4.3,2.05,3.29,0.12,-49.28,9.28
Looks Health,Healthcare Services,10.41,99.4,17.24,11.39,0.13,0.4,0,,49.57
Lords Chloro,Chemicals & Petrochemicals,358.57,-7.25,-9.49,33.56,3.25,5.05,0.73,47.19,13.43
Lords Ishwar,Leisure Services,10.82,-12.24,15.78,24.3,6.11,6.96,1.16,-8.07,47.04
Lorenzini Appar.,Textiles & Apparels,129.9,-32.68,10.99,76.42,13.92,17.01,0.26,2.42,
Lotus Chocolate,Food Products,1006.08,-20.91,54.55,115.27,33.79,23.6,3.08,26.57,167.96
Lotus Eye Hospit,Healthcare Services,229.15,85.82,20.68,25.96,1.22,2.99,0.08,5.5,352.54
Lovable Lingerie,Textiles & Apparels,110.14,-17.67,-12.54,-3.49,1.16,-1.74,0.02,10.77,15.51
Loyal Equipments,Industrial Manufacturing,199.72,-7.86,38.91,44.38,26.5,28.26,0.11,4.83,25.38
Loyal Textile,Textiles & Apparels,106.86,-2.74,-29,-13.77,-40.37,-11.1,1.37,-27.37,
LTIMindtree,IT - Software,132295.32,-4.37,-2.02,4.34,21.53,27.63,0.1,9.85,25.54
Ludlow Jute,"Paper, Forest & Jute Products",214.22,5.43,34.3,19.97,-6.34,-0.56,0.83,43.42,12.38
Lumax Auto Tech.,Auto Components,11978.04,251.37,89.2,65.2,20.25,19.02,1.05,40.63,46.62
Lumax Industries,Auto Components,5652.92,157.06,53.26,31.92,19.32,16.39,1.21,21.82,32.39
Lupin,Pharmaceuticals & Biotechnology,105206.78,20.86,51.54,17.61,20.62,21.3,0.32,18.86,21.15
Lux Industries,Textiles & Apparels,2708.71,-30.23,-12.25,-12.43,9.81,12.54,0.29,16.51,23.9
Luxury Time,Consumer Durables,52.53,,,,26.33,33.09,0.08,20.23,12.54
LWS Knitwear,Commercial Services & Supplies,20.24,-13.35,30.66,56.14,11.99,12.82,0.56,20.41,7.94
Lyka Labs,Pharmaceuticals & Biotechnology,222.53,-40.29,-18.51,15.22,9.31,9.91,0.31,0.76,
Lykis,Commercial Services & Supplies,99.03,42.97,-7.25,13.91,9.24,10.07,1.2,-13.32,25.86
Lynx Machinery,Industrial Manufacturing,18.34,11.72,25.36,48.39,,-6.07,,,
Lyons Corporate,Finance,9.82,-47.58,,,2.72,6.1,0.89,24.71,196.4
Lypsa Gems,Consumer Durables,15.39,-10.46,1.45,0.66,-62.85,-45.08,0,48.37,
M & B Engineer.,Construction,1699.59,,,,28.49,26.06,0.19,24.34,17.89
M & M,Automobiles,422476.49,31.42,38.74,32.9,18.05,13.93,1.53,22.54,26.44
M & M Fin. Serv.,Finance,52026.62,42.16,14.67,13.3,10.9,8.77,4.9,13.97,21.04
M B Agro Prod.,Fertilizers & Agrochemicals,4107.51,62.42,13.55,87.27,15.23,18,0.68,94.82,39.24
M E T S,Industrial Manufacturing,73.62,-16.08,42.99,13.73,13.45,16.68,0.08,0.31,12.13
M K Exim India,Retailing,219.36,-21.22,-1.07,50.66,20.11,28.36,0.02,11.68,12.67
M K Proteins,Agricultural Food & other Products,190.69,-25.62,-40.67,42,12.38,12.87,0.03,72.12,22.46
M M Forgings,Auto Components,2216.61,35.89,2.38,14.4,14.5,11.88,1.31,-1.37,25.6
M M Rubber,Auto Components,40.44,-6.89,-9.99,1.72,-22.66,-10.55,0.75,-4.68,
M P Agro Inds.,Fertilizers & Agrochemicals,5.59,14.9,12.34,17.31,0.85,1.35,0,-100,139.75
M P K Steels,Industrial Products,134.39,,,,27.78,26.06,0.74,10.69,26.88
M R P L,Petroleum Products,34464.85,85.87,56.45,35.28,0.45,4.38,0.81,-6.4,15.82
M T N L,Telecom - Services,1873.62,-29.24,13.39,17.2,,-6.76,,-22.2,
M.V.K. Agro,Agricultural Food & other Products,2957.76,1342.49,,,11.07,9.9,0.89,5.38,173.48
Maan Aluminium,Non - Ferrous Metals,813.15,51.36,40.87,46.09,10.49,12.13,0.44,-0.21,53.25
Mac Charles(I),Leisure Services,797.4,15.01,19.54,23.06,-80.5,-1.47,16.21,677.89,
Mac Hotels,Leisure Services,47.87,7.15,48.42,,4.74,9.29,0.06,-1.29,97.69
Macfos,Retailing,893.14,29.58,75.72,,36.72,41.78,0.51,15.31,43.19
Mach Conferences,Other Consumer Services,251.18,-34.81,,,16.75,21.92,0.05,-0.64,18.79
Machhar Industri,Chemicals & Petrochemicals,24.74,7.09,,,1.41,3.55,0.13,-10.04,49.48
Machino Plastics,Auto Components,165.78,23.57,36.21,24.24,14.5,11.84,3.33,25.44,36.2
Macobs Technolo.,Personal Products,211.09,38.14,,,13.71,18.39,0.07,33.48,96.39
Macpower CNC,Industrial Manufacturing,994.11,30.3,48.79,59.39,19.85,27.07,0.01,23.62,30.23
Madhav Copper,Industrial Products,172.36,53.31,35.02,-7.3,10.88,8.5,0.87,96.25,51.92
Madhav Infra,Construction,232.92,-19.25,28,10.06,12.55,15.65,0.81,22.9,8.32
Madhav Marbles,Consumer Durables,34.59,-2.4,1.06,-8.71,-0.6,0.12,0.08,-16.67,
Madhucon Project,Construction,34.91,-31.05,1.68,-7.41,,-27.56,,-41.09,
Madhur Inds,Agricultural Food & other Products,3.18,13.25,17.47,12.02,-124.23,-123.74,0,,
Madhusudan Inds.,Agricultural Food & other Products,17.03,-30.65,14.04,21.41,5.56,4.1,0,4.76,
Madhusudan Masa,Food Products,199.18,-6.36,,,13.58,,0.74,,11.05
Madhusudan Sec.,Finance,41.6,5.37,15.3,81.35,-0.7,-0.69,0,1077.27,13.64
Madhuveer Com,Entertainment,646.06,3.77,181.64,154.82,-4.49,-1.08,0.06,68.73,734.16
Madhya Prad. Tod,Media,20.65,36.76,-2.46,30.59,7.19,9.08,0.02,16.36,6.09
Madras Fertilize,Fertilizers & Agrochemicals,1086.95,-4.56,5.91,18.94,,10.78,23.64,-21.47,153.31
Maestros Medi.,,2975.81,,,,,-19.11,,-86.76,
Mafatlal Inds.,Textiles & Apparels,905.72,4.32,39.65,46.48,12.94,10.3,0.08,10.1,9.41
Mafia Trends,Retailing,3.1,-51.12,-23.99,,5.29,7.59,0.45,139.13,4.08
Magadh Sugar,Agricultural Food & other Products,647.72,0,13.18,33.39,13.8,12.7,0.41,4.29,7.39
Magellanic Cloud,IT - Software,1477.38,-53.89,-0.13,48.87,22.23,22.91,0.47,12.21,13.62
Magenta Life,Consumer Durables,9.41,-35.53,,,0.77,2.61,0.21,-7.3,94.1
Magna Electrocas,Industrial Products,414.49,24.38,48.35,42.25,19.38,25.07,0.09,16.17,20.08
Magnum Ventures,"Paper, Forest & Jute Products",148.86,-24.76,-10.85,30.86,1.48,3.68,0.39,11.6,
Magnus Steel,Electrical Equipment,324.48,1291.69,196.33,132.07,,105.56,2.65,311.19,101.08
Magson Retail,Food Products,159.15,34.95,,,2.19,3.24,0.15,13.72,548.79
Mah. Corporation,Commercial Services & Supplies,22.97,-45.59,-37.97,-6.58,0.18,0.21,0,-97.19,
Mah. Scooters,Finance,15153.14,43.6,43.87,29.25,0.61,0.59,0,72.32,48.79
Mah. Seamless,Industrial Products,7530.33,-8.29,22.38,31.48,12.9,16.63,0,-5.01,8.96
Maha Rashtra Apx,Finance,128.67,-14.01,-5.6,2.84,71.2,72.01,0,-70.03,11.11
Mahalaxmi Fab.,Textiles & Apparels,22.77,-26.5,,,-2.5,0.13,0.66,-27.3,11.38
Mahalaxmi Rubtec,Textiles & Apparels,183.78,-18.7,-5.7,42.74,27.53,30.12,0.19,16.72,8.76
Mahalaxmi Seam.,Industrial Products,4.57,-42.68,5.01,14.53,,45.71,,-2.66,14.28
Mahamaya Lifesc.,Fertilizers & Agrochemicals,365.24,,,,34.9,25.87,1.18,63.48,26
Mahamaya Steel,Industrial Products,1246.47,217.34,131.48,51.69,5.01,7.15,0.4,12.14,119.51
Mahan Industries,Commercial Services & Supplies,4.32,69.73,179.33,112.75,-1.22,-0.26,0.66,113.68,
Mahanagar Gas,Gas,12048.91,-1.43,10.5,1.04,17.72,22.89,0.03,20.2,12.46
Mahasagar Travel,Transport Services,5.27,-2.19,21.34,17.43,,16.61,,-4.86,6.51
Mahaveer Infoway,IT - Software,4.72,9.04,-4.08,31.95,2.01,5.35,0.02,-23.45,
Mahendra Realtor,Construction,110.41,,,,23.35,25.27,0.11,22.94,9.47
Maheshwari Logi.,Diversified,122.15,-30.2,-11.36,-13.27,9.27,12.62,1.36,7.96,6.52
Mahickra Chem.,Chemicals & Petrochemicals,150.26,76.19,24.14,18.55,7.33,9.86,0.41,16.25,71.55
Mahindra EPC,Industrial Manufacturing,331.57,2.13,6.49,-4.69,4.27,6.85,0.21,21.39,21.2
Mahindra Holiday,Leisure Services,5742.07,-3.38,1.29,13.15,19.6,9.73,4.75,5.28,60.54
Mahindra Life.,Realty,7629.14,22.84,1.7,16.76,2.19,2.2,0.1,37.27,28.11
Mahindra Logis.,Transport Services,4105.33,82.59,6.98,-1.26,-7.96,5.64,0.59,13.22,
Mahip Industries,Industrial Products,38.38,,,37.9,,,,6505,479.75
Maiden Forgings,Industrial Products,121.13,35.5,,,8.21,11.35,0.87,-7.15,29.54
Maithan Alloys,Ferrous Metals,2922.22,15.5,2.79,10.64,21.99,27.95,0.11,13.58,6.6
Maitreya Medica.,Healthcare Services,134.16,-25.54,,,7.17,10.77,0.14,-2.89,838.5
Maitri Enterp.,Non - Ferrous Metals,12.02,-30.65,-1.77,34.87,20.82,15.83,1.53,-13.1,109.27
Majestic Auto,Commercial Services & Supplies,312.78,-2.91,30.52,21.39,1.11,4.05,0.02,-28,16.47
Makers Labs.,Pharmaceuticals & Biotechnology,86.32,2.49,11.87,-9.97,3.36,4.25,0.11,21,70.75
Maks Energy,Industrial Products,20.28,-1.52,2.02,,4.33,9.49,1,-15.68,31.69
Mallcom (India),Industrial Products,722.34,-1.59,17.16,30.55,13.76,14.41,0.37,12.49,22.1
Malpani Pipes,Industrial Products,77.33,12.99,,,26.24,23.27,0.59,22.53,8.8
Malu Paper,"Paper, Forest & Jute Products",55.49,0.06,2.91,3.64,-2246.3,-4.11,,23.17,
Mamata Machinery,Industrial Manufacturing,1077.21,20.26,,,26.89,34.92,0.04,16.4,25.54
Man Industries,Industrial Products,3465.07,116.62,74.73,43.28,10.01,15.98,0.29,17.03,18.45
Man Infra,Construction,4292.59,-28.12,10.41,34.98,17.49,23.52,0.01,-29.91,18.29
Manaksia,Industrial Products,390.58,-9.61,-21.18,1.97,7.48,11.82,0.06,41.38,7.3
Manaksia Alumi.,Non - Ferrous Metals,185.07,47.16,9.94,26.99,4.56,10.53,1.94,11.34,29.28
Manaksia Coated,Industrial Products,1248.1,50.17,92.24,58.07,8.43,15.6,0.31,14.36,30.72
Manaksia Steels,Ferrous Metals,379.57,17.89,11.13,21.75,3.67,4.06,0.63,70.6,15.96
Manali Petrochem,Chemicals & Petrochemicals,953.05,-9.59,-6.55,-3.63,2.92,4.66,0.14,4.01,14.16
Manappuram Fin.,Finance,23975.26,40.95,39.01,10.18,10.14,11.03,3.02,-8.11,58.74
Manas Polymers,Industrial Products,42.77,,,,53.06,32.46,0.86,562.61,9.97
Manav Infra,Construction,59.22,260,79.51,61.63,103.48,39.91,0.85,81.98,17.32
Manba Finance,Finance,607.55,-6.83,,,13.27,13.07,3.78,27.22,14.38
Manbro Indust.,Consumer Durables,431.4,-21.27,112.22,122.95,3.45,3.37,0,-100,310.36
Mandeep Auto,Auto Components,19.64,-22.45,,,6.59,6.98,0.05,2.24,6.34
Mangal Compuso.,Commercial Services & Supplies,65.31,17.07,,,13.04,17.24,0.47,50.3,14.68
Mangal Credit,Finance,355.88,4.66,17.71,23.66,9.93,12.17,1.75,35.78,28.13
Mangal Electrica,Electrical Equipment,649.58,,,,34.13,30.43,0.12,22.15,14.65
Mangalam Alloys,Industrial Products,105.04,25.33,,,9.74,15.73,1.19,25.15,4.35
Mangalam Cement,Cement & Cement Products,2499.09,26.36,51.92,26.71,5.7,9.87,0.82,9.63,30.71
Mangalam Drugs,Pharmaceuticals & Biotechnology,46.03,-68.36,-35.24,-24.41,4.71,8.03,0.74,-31.37,
Mangalam Global,Agricultural Food & other Products,363.5,-21.44,6.78,19.8,14.57,16.75,1.03,24.92,13.12
Mangalam Industr,Finance,136.81,-47.83,-18.9,10.23,4.25,6.97,0,3.2,159.08
Mangalam Organic,Chemicals & Petrochemicals,353.5,2.69,0.14,-5.4,4.39,7.48,1.14,27.49,12.81
MANGALAM SEEDS,Agricultural Food & other Products,146.15,-24.55,-4.42,13.91,13.75,12.19,0.67,14.6,14.16
Mangalam World.,Metals & Minerals Trading,793.01,88.03,36.06,,13.13,14.45,0.83,30.19,19.2
Manglam Infra,Commercial Services & Supplies,26.66,-45.21,,,9.58,12.82,0.06,30.39,19.46
Manilam Industries,,114.59,,,,24.4,17.42,1.84,1.54,15.57
Manipal Fin. Cor,Finance,8.32,-18.34,11.83,12.14,,,,-4.76,
Mankind Pharma,Pharmaceuticals & Biotechnology,92782.07,-1.88,,,14.68,15.98,0.55,20.46,49.96
Manoj Ceramic,Consumer Durables,106.91,-57.47,,,16.23,17.73,0.45,51.22,8.75
Manoj Jewellers,Consumer Durables,41.33,,,,39.16,28.01,0.13,37.5,5.07
Manoj Vaibhav,Consumer Durables,767.25,-19.53,,,15.03,15.79,0.53,21.09,6.69
Manomay Tex Indi,Textiles & Apparels,403.3,40.1,18.6,49.37,13.89,12.74,2.34,-2.36,22.43
Manor Estates,Consumer Durables,8.28,6.57,24.72,40.9,,,,-100,
Manorama Indust.,Food Products,8516.23,49.67,96.34,53.73,28.03,23.03,0.66,81.04,39.43
Manraj Hsg.Fin.,Finance,23.9,-11.19,19.37,24.7,,1.76,,,
Mansi Fin.(Chen),Finance,26.31,16.98,17.33,19.37,8.26,9.42,0.59,27.26,6.21
Mantra Capital,Finance,49.5,-0.13,3.26,12.7,-43.88,-36.86,1.31,629.82,
Manugraph India,Industrial Manufacturing,45.96,-0.85,-3.47,3.13,-22.53,-15.63,0.1,98.7,11.64
Mapro Industries,Construction,42.71,,,,1.04,1.39,0,,133.47
Maral Overseas,Textiles & Apparels,187.25,-29.16,-3.66,10.69,-20.17,1.89,3.5,-3.37,
Marathon Nextgen,Realty,2919.65,9.86,18.46,39.99,13.16,11.95,0.03,-9.51,13.7
Marble City,Other Construction Materials,265.49,-13.03,104.18,77.85,3.95,,1.62,,26.5
Marc Loire,Consumer Durables,49.7,,,,56.04,72.75,0.04,13.41,13.81
Marc Technocrats,Commercial Services & Supplies,105.61,,,,31.02,40.86,0.02,83.37,11.16
Marco Cables,Industrial Products,60.77,-16.67,,,17.58,20.13,1.35,17.07,11.09
Mardia Samyoung,Non - Ferrous Metals,714.39,1103.77,,123.52,24.45,22.59,0,10533.33,693.58
Marg Techno-Proj,Finance,38.25,-19.99,39.66,49.81,3.32,8.32,1.87,32.83,65.95
Margo Finance,Finance,28.76,-16.45,26.91,46.39,0.24,0.68,0,-31.72,191.73
Marico,Agricultural Food & other Products,102377.47,31.31,16.72,14.44,41.34,45.16,0.14,25.33,59.73
Marine Electric.,Industrial Manufacturing,2655.94,30.02,73.61,24.79,11.55,16.06,0.13,12.84,49.87
Marinetrans Indi,Transport Services,24.56,-5.85,,,1.94,5.48,0.34,-5.01,43.09
Maris Spinners,Textiles & Apparels,25.33,-11.4,-7.66,-0.6,-6.12,8.59,3.72,3.43,
Market Creators,Finance,13.23,-16.06,14.02,24.69,1.97,8.64,0.73,-36.8,
Markolines Pavem,Construction,358.58,31.54,5.22,,16.2,18.88,0.29,-13.57,13.14
Marksans Pharma,Pharmaceuticals & Biotechnology,7881.88,-15.03,36.69,25.42,16.77,20.03,0.12,13.29,21.87
Marsons,Electrical Equipment,2374.12,2.45,219.49,68.92,36.47,33.82,0.02,79.29,72.49
Martin Burn,Realty,25.65,-27.9,10.91,15.25,-3.9,-2.17,0,-95.74,4.45
Marushika Tech.,IT - Hardware,88.06,,,,52.81,33.47,1.39,40.54,14
Maruti Infra.,Construction,93.09,-27.73,-8.73,25.97,7.22,8.21,0.72,61.14,36.08
Maruti Interior,Consumer Durables,326.16,95.56,40.2,,14.45,17.69,0.18,58.73,55.56
Maruti Sec.,Finance,21.5,257.14,83.14,95.65,,6847.37,,-29.23,
Maruti Suzuki,Automobiles,467107.9,24.37,19.24,16.19,15.89,21.7,0,14.16,31.28
Marvel Decor,Consumer Durables,79.83,-49.97,0,13.54,6.74,8.02,0.3,18.99,21.46
MAS FINANC SER,Finance,5885.44,38.88,6.14,0.69,14.14,11.32,3.53,25.63,16.63
MASK INVESTMENTS,Finance,44.37,-7.92,40.39,33.34,0.02,0.04,0.01,-68.85,4437
Mason Infratech,Realty,376.46,93.9,,,38.45,33.71,0.35,19.63,18.65
Mastek,IT - Software,4910.89,-28.81,-1.66,6.16,16.14,17.28,0.2,10.11,12.75
Master Component,Industrial Products,122.44,15.51,,,15.62,20.16,0.28,94.86,21.59
Master Trust,Capital Markets,1085.99,-28.62,52.63,74.09,22.97,30.09,0.22,-17.39,9.48
Mathew Easow Res,Finance,8.54,2.72,26.92,9.65,0.57,4.76,1.51,-97.66,122
Matrimony.com,Retailing,871.05,-24.28,-7.83,-18.59,16.97,19.41,0.22,-3.27,26.69
Matrix Geo Sol.,IT - Services,116.65,,,,35.15,44.27,0.11,61.36,17.03
Mauria Udyog,Industrial Products,139.19,-5,19.14,51.95,34.02,14.25,2.71,12.19,5.75
Mawana Sugars,Agricultural Food & other Products,319.61,3,0.29,15.64,12.75,10.33,0.02,7.97,6.48
Max Estates,Realty,6584.4,-0.7,,,2.01,2.54,0.91,25.92,188.94
Max Financial,Insurance,62583.11,81.69,37.37,16.06,7.26,8.13,0.34,0.55,435.6
Max Healthcare,Healthcare Services,106256.87,11.64,36.06,42.67,12.72,14.88,0.33,24.44,72.83
Max Heights,Realty,19.5,-38.38,-46.7,-3.01,-1.22,-0.51,0.1,-26.69,18.4
Max India Ltd,Finance,801.6,-16.46,23.63,20.71,-30.05,-23.63,0.44,11.7,
Maxgrow India,Consumer Durables,242.11,,,109.55,3.45,,0,,1.13
Maximus Interna.,Commercial Services & Supplies,132.91,-14.82,-12.51,-5.01,15.77,15.59,0.35,16.63,14.61
Maxposure,Entertainment,83,-38.81,,,12.87,16.3,0.12,33.49,9.68
Maxvolt Energy,Auto Components,334.26,78.85,,,25.25,31.92,0.5,190.94,18.31
Mayank Cattle Fo,Food Products,86.4,-28.89,,,16.79,16.45,0.89,12.57,15.8
Mayasheel Vent.,Construction,97.35,,,,43.87,30.36,0.44,31.22,6.46
Mayur Floorings,Other Construction Materials,9.05,19.73,15.1,38.11,2.2,4.81,0.78,25.2,100.56
Mayur Leather,Consumer Durables,11.99,,52.27,34.35,5.5,4.66,1.6,-100,26.64
Mayur Uniquoters,Consumer Durables,2311.03,13.51,2.63,4.85,15.39,20.67,0.01,8.9,13.04
Mazagon Dock,Industrial Manufacturing,89748.02,4.4,81.89,82.77,34.02,43.19,0,8.53,37.29
Mazda,Industrial Manufacturing,395.27,-12.13,17.85,13.52,11.24,15.17,0,2.07,14.77
MBL Infrast,Construction,401.3,-30.01,15.11,4.61,-12.85,5.67,0.98,51.73,
Mcleod Russel,Agricultural Food & other Products,435.58,34.56,29.96,13.8,-141.63,-1.85,30.1,-2.09,
MCON Rasayan,Other Construction Materials,32.5,-68.09,,,9.3,11.11,0.56,23.92,14.32
Medi Assist Ser.,Insurance,2765.77,-17.93,,,17.37,18.72,0.53,21.45,44.88
Medi Caps,Pharmaceuticals & Biotechnology,30.69,-46.24,-14.1,-4.54,-1.94,-2.12,0,-39.42,
Media Matrix,Entertainment,1172.39,-5.74,-5.28,16.04,1.88,6.17,1.05,-35.21,276.51
Mediaone Global,Entertainment,29.29,-12.06,-0.25,,,165.29,,-167.63,
Medicamen Biotec,Pharmaceuticals & Biotechnology,408.51,-41,-22.79,-13.86,4.43,6.77,0.11,-11.91,46.21
Medicamen Organ.,Pharmaceuticals & Biotechnology,28.08,-24.29,,,17.85,16.88,0.48,29.02,6.13
Medico Intercon.,Commercial Services & Supplies,34.78,-15.6,-27.81,-0.13,10.82,13.82,1.37,-7.9,
Medico Remedies,Pharmaceuticals & Biotechnology,369.53,-21.53,-13.42,54.86,17.57,21.31,0.19,26.44,31.86
Medistep Health.,Personal Products,31.97,,,,29.02,37.83,0.02,57.12,5.89
Medplus Health,Retailing,10175.83,18.61,7.9,,8.8,10.28,0.65,6.88,49.16
Meera Industries,Industrial Manufacturing,68.69,1.69,18.05,-1.28,14.24,14.96,0.26,-14.98,39.03
Meesho,Retailing,72205.58,,,,-264,-8.71,0.04,23.31,
Mefcom Capital,Capital Markets,53.01,-24.03,-13.86,50.55,-12.79,-7.74,0.52,-60.29,
Mega Corp.,Finance,46.8,20,27.09,40.99,0.84,7.03,1.14,32.78,50.87
Mega Fin (India),Commercial Services & Supplies,26.14,,,,9.68,10.87,0.04,11.11,104.56
Mega Flex Plast.,Industrial Products,163.77,149.31,58.66,,5.34,7.38,0.01,71.95,33.56
Mega Nirman,Realty,102.26,146.11,36.75,35.5,0.38,0.84,0,157.98,1022.6
Megastar Foods,Food Products,256.13,9.49,-1.1,53.06,4.1,8.95,1.79,69.81,30.56
Megatherm Indu.,Industrial Products,401.4,-20.5,,,16.27,21.13,0.23,7.9,16.7
Meghmani Organi.,Fertilizers & Agrochemicals,1341.25,-15.18,-17.39,,-0.8,3.39,0.55,16.36,33.1
Meghna Infracon,Realty,1260.09,41.65,127.91,148.11,52.57,70.09,0.27,4.84,172.38
Megri Soft,Commercial Services & Supplies,29.46,-33.92,-6.23,21.79,2.54,3.4,0,-36.71,56.65
Mehai Technology,Commercial Services & Supplies,102.27,-77.99,17.07,-20.44,10.02,13.62,0.23,34.35,20.74
Mehta Integrat.,Finance,14.25,-16.03,21.47,49.63,2.46,2.47,0.05,-60.5,54.81
Mehta Securities,Finance,11.32,-21.86,18.55,26.11,2.93,2.5,0.2,29.41,80.86
Mehul Colours,Chemicals & Petrochemicals,74.2,,,,38.29,51.28,0.01,4.01,11.89
Mena Mani Inds.,Finance,94.33,55.12,90.49,44.16,,2.9,,34.77,
Menon Bearings,Auto Components,650.74,21.13,4.97,13.68,16.33,19.63,0.33,18.05,20.94
Menon Pistons,Auto Components,301.05,8.57,9.44,25.06,16.11,21.58,0.09,10.85,11.76
MEP Infrast.,Transport Infrastructure,18.53,-60.7,-60.47,-42.8,,-401.21,0.92,-15.24,
Mercantile Vent.,Commercial Services & Supplies,252.38,14.29,8.02,10.81,3.15,1.53,0,30.17,20.21
Mercury EV-Tech,Automobiles,624.06,-44.89,27.63,115.31,4.18,5.16,0.03,74.44,114.93
Mercury Labs,Pharmaceuticals & Biotechnology,99.48,0.12,9.12,4.03,5.94,8.94,0.11,6.06,20.1
Mercury Trade Li,Commercial Services & Supplies,8.74,-73.03,,-23.99,4.52,5.96,0,295.93,
Meta Infotech,IT - Services,155.26,,,,42.6,51.14,0.44,43.84,11.53
Metal Coatings,Industrial Products,42.25,-21.09,-12.62,19.21,5.79,12.76,0,-6.39,11.74
Methodhub Software,IT - Software,221.62,,,,42.72,31.09,0.68,137.43,19.27
Metro Brands,Consumer Durables,28789.97,-5.42,9.23,,19.01,19.42,0.79,11.68,73.95
Metroglobal,Commercial Services & Supplies,144.31,-15.83,14.66,17.61,3.05,3.72,0.01,-4.57,5.33
Metropolis Healt,Healthcare Services,9867.76,20.15,12.72,-0.58,11.53,14.66,0.14,18.95,56.44
Mewar Hi-Tech,Construction,23.85,-62.17,,16.44,27.94,18.54,1.61,11.13,7.72
Meyer Apparel,Consumer Durables,23.18,157.14,19.21,30.53,,,,-86.01,
MFL India,Transport Services,14.41,-39.39,-19.96,16.05,,2.6,,26.77,9.54
MFS Intercorp,Industrial Products,7.77,0.39,19.7,,-0.88,-0.88,0,-68.18,
MIC Electronics,Industrial Products,891.74,-34.08,42.27,124.42,5.57,8.71,0.2,153.27,95.99
Micropro Softwar,IT - Software,30.67,-22.98,,,-3.98,-3.38,0,13.76,
Mid East Port.,Finance,8.78,8.99,70.54,38.39,1.46,1.46,0,0,5.63
Mid India Inds.,Textiles & Apparels,11.36,-12.77,7.82,27,,,,18.52,
Midwest,Consumer Durables,4673.79,,,,18.69,21.72,0.35,6.93,43.18
Midwest Gold,Other Construction Materials,5944.03,2194.19,425.49,240.05,-6.24,,1.89,,
Mihika Industrie,Commercial Services & Supplies,11.82,-43.85,-21.36,,0.23,0.5,0.01,127.79,
Milestone Furn.,Consumer Durables,27.71,539.48,70.05,11.11,-1.94,-1.91,0.02,,
Milestone Global,Other Construction Materials,9.66,9.94,9.45,16.68,1.71,2.67,0,8.21,19.32
MILGREY FIN.&INV,Commercial Services & Supplies,134.59,-31.86,40.56,24.37,1.84,1.22,1.19,-100,108.54
Milkfood,Food Products,126.82,-35.14,-30.67,-10.83,2.52,6.24,0.76,1.43,
Millen. Online,Commercial Services & Supplies,7.85,-23.41,-1.44,17.2,-5.54,-4.61,0.38,76.56,
Milton Industri.,Consumer Durables,81.58,43.5,27.79,33.55,2.56,5.01,0.37,-37.44,58.27
Minal Industries,Commercial Services & Supplies,43.37,-42.49,,,2.83,5.97,0.16,5.29,105.78
Minaxi Textiles,Textiles & Apparels,7.81,-12.22,-3.71,22.19,-42.27,2.2,3.07,-26.66,3.68
Minda Corp,Auto Components,13282.06,15.67,39.24,38.94,12.11,12.66,0.63,17.23,45.77
Mindspace Busine,Realty,36726.78,27.34,15.26,8.67,3.39,6.53,0.83,18.11,65.25
Mindteck (India),IT - Software,667.72,15.42,31.79,42.15,12.5,15.54,0.02,-2.6,22.21
Mini Diamonds(I),Consumer Durables,255.37,5.66,82.76,101.03,12.57,16.19,0.03,30.46,49.49
Minolta Finance,Finance,11.5,-22.82,8.92,62.98,0.09,0.4,4.43,659.34,
Mipco Seaml Ring,Industrial Manufacturing,9.18,-28.09,47.36,,,,,,918
MIRC Electronics,Consumer Durables,1038.36,115.4,27.7,15.89,-1.81,5.35,0.31,-14.94,
Mirza Internatio,Consumer Durables,474.45,14.05,-1.57,37.4,-0.78,1,0.04,-10.63,
Mish Designs,Textiles & Apparels,16.9,-46.74,,,6.06,9.11,0.15,19.83,20.86
Mishka Exim,Consumer Durables,57.89,57.41,-10.83,9.67,1.84,2.66,0.07,226.16,40.48
Mishra Dhatu Nig,Aerospace & Defense,6486.65,42.4,20.09,12.14,8.05,10.6,0.23,-0.24,59.42
Mishtann Foods,Food Products,461.22,-20.3,-21.74,7.73,44.1,42.17,0.04,4,1.34
Misquita Engg.,Industrial Manufacturing,53.44,-18.57,41.25,32.32,1.92,1.86,0.13,49.37,314.35
Mitcon Consult.,Commercial Services & Supplies,101.9,-24.83,0.03,10.93,4.59,8.59,0.69,3.51,20.14
Mitshi India,Commercial Services & Supplies,12.65,-8.58,3.69,-1.8,0.37,0.36,0.06,-61.35,
Mitsu Chem Plast,Industrial Products,140.93,12.57,-16.66,0.27,8.17,10.41,0.62,9.28,12.22
Mittal Life Styl,Textiles & Apparels,44.39,-51.92,-27.28,-14.97,4.06,,0.14,,18.42
Mittal Sections,Industrial Products,35.28,,,,42.18,25.95,2.2,-15.25,10.5
Miven Mach. Tool,Industrial Manufacturing,22.83,-8.38,82.13,63.73,,,,-100,
Mizzen Ventures,Commercial Services & Supplies,408.85,39.52,,,1.99,2.27,0,2816.67,280.03
MKP Mobility,Textiles & Apparels,35.83,-21.58,57.57,89.76,4.35,19.6,0.19,14.03,17.48
MKVentures Cap.,Finance,321.77,-36.03,-11.25,109.79,9.56,16.55,0,-39.69,68.17
MMP Industries,Non - Ferrous Metals,633.29,2.53,23.88,22.85,12.8,14.32,0.54,26.8,15.37
MMTC,Commercial Services & Supplies,9273,25.45,24.87,5.28,5.87,7.7,0.02,-2.26,81.84
Mobavenue AI Tech,IT - Software,1837.88,100.86,219.41,142.7,5.09,,0.65,,83.92
Mobilise App,,76.1,,,,79.9,103.25,0.01,33.83,16.09
Modella Woollens,Commercial Services & Supplies,6.19,9.85,-7.89,36.31,,,,,
Modern Dairies,Food Products,88.48,-30.59,16.51,24.14,,,0.29,-4.53,3.94
Modern Diagnost.,Healthcare Services,116.26,,,,55.22,38.99,1.07,16.12,12.96
Modern Engineer.,Construction,51,6.04,50.52,51.91,25.9,20.54,0.12,21.45,2.92
Modern Insulator,Electrical Equipment,1118.02,167.69,80.73,40.84,7.26,8.9,0.07,40.07,17.4
Modern Malleable,Industrial Products,135.29,,,,1.19,0.81,0.01,355.58,6.33
Modern Shares,Finance,8.39,-35.12,19.25,41.19,1.74,3.32,0,-5.94,39.95
Modern Steels,Industrial Products,18.15,-10.76,-3.53,31.07,28.43,28.07,0.01,,3.67
Modern Threads,Textiles & Apparels,145.64,0.75,,,1.41,2.9,0.18,8.47,12.5
Modi Naturals,Agricultural Food & other Products,381.43,-27.25,11.55,32.57,29.23,18.66,1.07,12.31,9.84
Modi Rubber,Auto Components,293.27,19.3,20.7,-6.21,2.89,3.28,0.03,6.05,18.68
Modi's Navnirman,Realty,635.73,41.09,27.52,,9.88,12.88,0.01,133.47,24.93
Modipon,Realty,38.26,-33.77,0.97,7.99,,,,,
Modison,Electrical Equipment,445.05,12.29,29.09,23.47,12.13,15.48,0.38,16.75,11.94
Modulex Const.,Construction,154.72,-0.37,33.26,29.75,1.54,2.51,0.06,,
Mohini Health,Healthcare Equipment & Supplies,72.31,-34.14,-7.19,14.78,10.03,14.12,0.37,-21.04,21.65
Mohit Industries,Textiles & Apparels,35.52,-3.98,22.05,26.81,-1.1,0.05,0.4,34.96,
Mohit Paper Mill,"Paper, Forest & Jute Products",39.97,4.81,15.21,37.4,13.61,11.97,1.35,11.35,6.16
Mohite Industrie,Textiles & Apparels,58.69,-43.74,18.38,21.12,4.83,7.87,1.03,-18.29,21.04
MOIL,Minerals & Mining,6245.98,5.75,26.65,14.09,14.72,18.76,0,-4.98,21.5
Moksh Ornaments,Consumer Durables,110.13,-2.19,9.95,12.42,10.03,13.27,0.31,12.88,11.83
Mold-Tek Pack.,Industrial Products,1917.47,21.56,-15.25,7.31,9.81,12.41,0.33,12.68,28.24
Mold-Tek Technol,Construction,384.23,9.69,-19.37,26.46,8.61,11.43,0.04,-1.35,61.48
Monarch Networth,Capital Markets,2215.15,-15.33,35.48,53.63,26.17,33.31,0.01,-0.16,13.81
Monarch Surve.,Commercial Services & Supplies,289.77,,,,38.11,46.4,0.06,10.5,7.34
Money Masters,Finance,8.23,-70.18,-27.14,,3.94,4.42,0.81,-17.08,12.28
Moneyboxx Fin.,Finance,414.69,-23.8,-5.56,9.58,0.58,8.65,2.44,16.68,
Monika Alcobev,Beverages,512.44,,,,28.63,21,0.7,24.81,18.9
Monind,Industrial Products,10.86,0.03,7.86,22.89,,,,,
Mono Pharmacare,Pharmaceuticals & Biotechnology,22.97,-46.94,,,10.42,11,1.76,3.15,27.67
Monolithisch Ind,Industrial Products,908.46,,,,41.16,,0,,46.02
Monotype India,Commercial Services & Supplies,30.94,-45.68,16.26,18.29,,285.75,,-73.36,4.94
Monte Carlo Fas.,Textiles & Apparels,1149.8,-0.92,-1.35,19.02,9.78,12.77,0.9,9.13,11.93
Moongipa Capital,Finance,14.64,-15.14,3.27,54.91,9.43,12.08,0.31,2.59,12.1
Morarjee Text.,Textiles & Apparels,22.38,-3.9,-33.07,-13.68,,-26.12,,-84.13,
Morarka Finance,Finance,27.7,-39.11,-13.52,13.04,2.17,2.46,0,-16.11,14.97
Morepen Labs.,Pharmaceuticals & Biotechnology,2392.91,-5.78,19.49,8.46,11.78,15.08,0.13,1.02,31.34
Morgan Ventures,Finance,57.38,-36.51,15.3,57.14,32.03,18.33,1.85,-24.22,7.05
Morganite Crucib,Industrial Products,733.71,3.73,13.97,8.96,21.35,30.39,0.02,2.97,29.64
MOS Utility,Financial Technology (Fintech),538.05,-22.39,,,13.82,19.2,0.53,51.74,30.45
Moschip Tech.,IT - Hardware,3761.68,26.96,49.54,61.39,11.17,11.93,0.13,39.03,91.53
Mother Nutri,Food Products,181.76,,,,36.63,23.74,0.92,13.59,28.09
Motherson Wiring,Auto Components,28648.78,37.89,8.81,,35.9,42.53,0.14,17.79,46
Motil.Oswal.Fin.,Capital Markets,43628.38,23.22,68.86,36.7,25.25,18.67,1.22,-15.21,21.54
Motisons Jewel,Consumer Durables,1553.73,-11.72,,,11.64,14.51,0.12,2.35,23.35
Motor & Gen Fin,Commercial Services & Supplies,79.66,-17.72,-10.4,1.28,1.07,1.32,0,-0.44,60.35
Moving Media,Commercial Services & Supplies,54.54,,,,40.74,29.88,0.2,58.51,6.01
Moxsh Overseas,Other Consumer Services,100.16,276.26,80.51,,-5.2,1.13,0.87,-23.33,
MPDL Ltd,Realty,24.23,-27.54,11.28,23.81,-4.16,-2.87,0.59,299.25,
Mphasis,IT - Software,43786.88,2.19,3.68,6.97,18.22,22.71,0.21,10.16,23.99
MPIL Corporation,Finance,20.35,-46.72,7.44,7.47,-15.5,-12.79,0.01,,
MPL Plastics,Industrial Products,9.41,-21.4,-22.49,10.99,,-4800,,,
MPS,Other Consumer Services,2574.6,-36.36,13.04,25.67,30.46,40.94,0.02,7.36,15.67
MPS Pharmaa,Pharmaceuticals & Biotechnology,3.15,-57.47,-6.21,31.48,-59.02,-9.79,11.55,,
MRC Agrotech,Commercial Services & Supplies,146.74,273.82,-6.59,53.31,4.46,5.89,0.27,127.22,163.04
MRF,Auto Components,59793.75,33.8,17.88,9.63,10.62,13.62,0.19,10.03,26.14
MRP Agro,Retailing,102.16,-35.32,33.42,50.08,30.31,39.18,0,-21.85,18.08
Mrs Bectors,Food Products,6404.44,-21.03,26.46,21.61,14.19,16.39,0.16,8.93,54.41
Mrugesh Trading,Finance,891.5,,,,3.81,4.43,0,1.12,
Msafe Equipments,Non - Ferrous Metals,247.35,,,,68.48,41.89,1.04,48.19,18.87
MSP Steel & Pow.,Industrial Products,1801.28,34.95,52.56,33.13,-3.78,6.43,0.31,-3.69,111.33
MSR India,Industrial Products,39.87,40.89,-9.52,-9.2,-26.37,-5.44,,,
MSTC,Commercial Services & Supplies,3218.69,5.42,18.61,8.05,28.37,29.26,0.17,-19.34,14.17
MT Educare,Other Consumer Services,9.97,-33.65,-31.8,-29.9,-221.64,-3.82,,-16.84,
MTAR Technologie,Aerospace & Defense,11709.56,195.58,30.21,,7.51,10.51,0.25,18.46,172.5
Mudra Fin Ser,Finance,2.15,,,,2.49,3.16,0,11.58,
Mudunuru,IT - Software,47.4,150,14.24,30.52,-90.66,-27.01,5.06,222.61,
Mufin Green,Finance,1989.74,44.01,43.23,95.81,7.89,12.61,2.68,28.34,94.39
Mukand,Ferrous Metals,1897.95,44.98,0.01,16.09,7.84,9.91,1.89,-5.87,31.6
Mukat Pipes,Industrial Products,28.31,39.37,44.2,49.63,,,,-21.73,
Mukesh Babu Fin.,Finance,90.55,3.92,17.05,2.33,0.45,1.33,0.14,30.89,17.56
Mukka Proteins,Food Products,682.8,-33.39,,,11.1,11.59,1.37,64.53,15.26
Mukta Agricultur,Commercial Services & Supplies,5.68,-27.62,-15.03,-2.14,0.63,0.57,0,,56.8
Mukta Arts,Entertainment,124.26,-22.19,3.55,12.09,,-1.79,,-0.7,
Muller & Phipps,Commercial Services & Supplies,14.68,-30.9,7.43,45.28,,,,16.6,
Multi Comm. Exc.,Capital Markets,62302.16,144.74,104.36,52.03,34.33,42.86,0,70.02,66.47
Multibase India,Chemicals & Petrochemicals,253.54,-19.25,0.23,1.23,13.78,18.56,0,-6.74,20.27
Multipurpose Trd,Commercial Services & Supplies,3.96,-16.23,2.68,-3.78,3.38,3.68,0.02,5.56,
Munish Forge,Industrial Products,182.33,,,,35.55,27.96,0.86,9.73,12.63
Munjal Auto Inds,Auto Components,822.7,19.75,26.65,5.63,10.14,11.76,0.92,11.83,18.76
Munjal Showa,Auto Components,511.98,15.08,12.11,-4.14,0.7,0.27,0,2.37,15.77
Munoth Capital,Capital Markets,113.2,3.69,-6.44,14.78,3.11,4.29,0.01,105.88,566
Munoth Commun.,Finance,6.67,-26.96,15.45,21.87,-5.31,-2.03,0.08,,
Munoth Fin.Serv.,Finance,14.56,-51.03,-28.76,7.94,-3.38,-2.41,0.05,-38.64,
Murae Organisor,Pharmaceuticals & Biotechnology,44.99,-71.43,-37,-40,5.69,4.2,1.02,44617.71,2.96
Murudesh.Ceramic,Consumer Durables,197.86,-4.3,-1.31,7.7,2.7,5.24,0.35,11.22,14.92
Music Broadcast,Entertainment,208.79,-37.41,-19.43,-24.43,-6.74,-4.9,0.27,-22.33,
Muthoot Cap.Serv,Finance,379.33,-15.04,-6.24,-10.79,7.19,11.01,4.56,36.77,31.02
Muthoot Finance,Finance,134632.45,57.23,51.71,20.83,19.58,13.19,3.93,46.84,15.44
Muthoot Microfin,Finance,2879.78,27.06,,,-8.19,5.8,3.2,-13.48,
My Money Sec.,Capital Markets,60.45,18.01,58.53,,29.76,44.04,0,-96.91,
My Mudra Fin.,Finance,87.83,21.32,,,25.81,31.35,0.2,44.46,7.63
Mysore Petro,Chemicals & Petrochemicals,65.18,-23.37,-3.81,4.66,1.3,7.82,0,-14.68,1303.6
Mystic Electron.,Commercial Services & Supplies,6.23,-26.4,-11.86,-3.68,3.67,3.87,0,,7.33
N D Metal Inds.,Non - Ferrous Metals,23.46,-5.42,28.09,31.78,7.6,6.63,0.16,-75,111.71
N G Industries,Healthcare Services,49.81,-10.99,24.78,27,20.73,23.65,0.03,2.23,
N K Industries,Agricultural Food & other Products,39.86,11.26,24.1,21.59,,,,-18.68,
N R Agarwal Inds,"Paper, Forest & Jute Products",783.56,73.83,26.97,13.3,2.35,5.62,0.93,39.24,29.49
N R Vandana,Textiles & Apparels,148.27,,,,26.07,18.85,1.18,23.03,14.31
N S D L,Capital Markets,18336,,,,17.78,23.57,0.01,11.98,49.17
N2N Technologies,Commercial Services & Supplies,9.2,90.76,52.73,35.28,23.97,-4.04,0.09,16.15,6.05
Naapbooks,IT - Software,90.77,-19.86,47.77,,17.09,23.65,0.03,89.45,13.88
Nacdac Infra.,Construction,25.89,-54.27,,,22.87,26.22,0.31,91.48,4.79
NACL Industries,Fertilizers & Agrochemicals,3126.42,157.27,19.99,28.87,-25.75,-7.8,1.13,-4.38,
Nag. Agri Tech.,Agricultural Food & other Products,45.4,18.17,98.44,57.62,-1.34,-1.34,1.38,3917.33,504.44
Naga Dhunseri,Finance,259,-21.91,25.42,26.16,3.19,1.37,0.18,2587.67,25.69
Nagarjuna Fert.,Fertilizers & Agrochemicals,261.35,-30.85,-20.96,-5.34,,,,-99.55,
Nagpur Power,Ferrous Metals,196.83,35.42,27.07,44.02,0.86,3.37,0.2,17.93,109.35
Nagreeka Cap.,Finance,32.47,-9.3,13.62,34.72,156.62,29.22,3.17,-11.44,1.88
Nagreeka Exports,Textiles & Apparels,78.75,-7.15,11.79,21.72,2.11,5.76,1.11,-17.33,32.54
Nahar Capital,Finance,399.53,5.4,-0.89,21.38,3.21,3.78,0,-19.82,6.04
Nahar Indl. Ent.,Textiles & Apparels,419.44,0.85,3.98,15.69,1.11,3.86,0.51,-3.54,9.71
Nahar Poly,Industrial Products,605.77,32.03,4.21,23.24,5.69,6.46,0.11,4.64,8.36
Nahar Spinning,Textiles & Apparels,738.69,5.64,-2.5,18.79,0.71,3.71,0.5,-1.48,33.05
Nakoda Group,Food Products,45.21,-31.27,-16.82,5.85,-15.4,-8.11,0.42,7.97,
Naksh Precious,Automobiles,5.37,-46.09,-39.63,-27.38,7.25,6.63,0.04,-18.82,20.65
Nalin Lease Fin.,Finance,32.72,-6.2,14.12,18.84,10.6,13.42,0.16,1.76,10.91
Nalwa Sons Invst,Finance,3064.98,24.32,41.72,39.46,0.32,0.44,0,-30.54,130.93
Nam Securities,Finance,39.22,-26.9,26.33,7.74,3.22,4.48,0.02,-59.87,196.1
Naman Industries Proxima,Consumer Durables,76.11,-25.8,,,10.64,14.17,0.24,19.72,42.28
Namo eWaste,Other Utilities,397.55,13.26,,,13.75,19.08,0.06,28.83,39.32
Nanavati Venture,Non - Ferrous Metals,54.41,44.36,36.31,,1.03,1.39,0,23.98,226.71
Nandan Denim,Textiles & Apparels,384.87,-15.24,12.01,22.45,5.56,9.27,0.35,9.86,11.24
Nandani Creation,Textiles & Apparels,66.53,-8.1,-23.81,13.14,7.85,11.18,0.39,46.66,40.57
Nanta Tech,Consumer Durables,142.9,,,,46.75,61.31,0.04,283.82,30.34
Naperol Invest.,Finance,364.59,-20.72,-16.01,-14.24,0.95,1.06,0,533.06,39.29
NAPS Global,Textiles & Apparels,19.49,,,,16.19,23.81,0.2,50.16,7.33
Narayana Hrudaya,Healthcare Services,37416.42,26.75,35.08,33.37,24.22,20.75,0.58,29.01,45.33
Narbada Gems,Consumer Durables,121.91,-1.2,5.2,15.94,9.27,11.4,0.48,25.44,15.35
Narendra Prop.,Realty,24.68,-3.77,28.18,26.67,2.45,3.31,0,40.17,10.64
Narmada Agrobase,Food Products,124.24,92.87,24.33,33.62,11.24,13.05,0.18,33.65,32.35
Narmada Gelatine,Chemicals & Petrochemicals,214.88,6.25,8.71,17.46,15.07,19.92,0.1,7.88,8.87
Narmada Macplast,Industrial Products,83.91,89.84,171.29,111.29,17.91,20.83,0,148.25,50.55
Narmadesh Brass,Industrial Products,54.22,,,,48.03,23.72,1.74,-25.54,9.56
Natco Pharma,Pharmaceuticals & Biotechnology,17705.01,28.26,22.43,3.79,28,32.78,0.03,6.63,11.37
Nath Bio-Genes,Agricultural Food & other Products,285.19,0.37,1.12,-12.23,6.23,6.96,0.23,25.14,7.32
Nath Industries,"Paper, Forest & Jute Products",104.94,-27.93,-0.29,-10.25,3.72,6.49,0.32,29.31,8.39
National Fitting,Industrial Products,145.33,30.88,32.97,33.21,9.12,10.04,0.04,19.76,13.28
National High,Transport Infrastructure,30021.18,19.14,,,1.79,3.38,1.01,103.29,71.47
National Perox.,Chemicals & Petrochemicals,242.12,-28.66,,,-0.39,0.2,0.04,-7.79,
National Plastic,Industrial Products,146.76,-19.19,32.14,45.52,19.1,17.24,1.04,7.91,14.69
National Standar,Realty,2732.3,-63.57,-33.3,20.27,4.97,6.88,0,-7.49,225.81
Natl. Aluminium,Non - Ferrous Metals,65126.96,99.66,62.49,42.76,32.72,43.96,0,19.86,10.6
Natl. Gen. Inds.,Industrial Products,26.6,-10.86,-22.16,,2.37,3.22,0.02,-18.26,
Natl. Oxygen,Chemicals & Petrochemicals,35.99,-35.11,-0.13,14.08,,-21.54,,-35.76,
Natl. Plastic,Industrial Products,43.44,-10.26,4.92,15.25,9.46,9.43,0.62,-3.59,7.84
Natl. Plywood,"Paper, Forest & Jute Products",14.24,-17.78,-3.59,-0.07,,,,11.09,
Natl.Fertilizer,Fertilizers & Agrochemicals,3793.16,-0.99,6.98,4.02,6.49,7.57,1.77,4.86,19.48
Natraj Proteins,Agricultural Food & other Products,12.34,-21.24,-12.43,2.81,-4.43,1.94,0.81,-21.16,9.57
Natura Hue Chem,Agricultural Food & other Products,5.81,16.56,42.91,91.78,-0.09,-0.18,0.03,-100,
Natural Biocon,Fertilizers & Agrochemicals,10.83,-66.64,-5.9,-23.09,0.18,0.27,0.01,-83.57,
Natural Capsules,Pharmaceuticals & Biotechnology,159.81,-27.81,-27.33,6.4,0.28,2.67,0.46,5.64,
Naturewings Hol.,Leisure Services,26.69,75.21,,,18.29,25.4,0,22.72,16.68
Naturite Agro,Agricultural Food & other Products,118.63,-32.77,43.22,12.68,-21.35,-16.07,1.01,462.98,456.27
Naturo Indiabull,Personal Products,5.93,-16.27,-33.34,,-3.39,-2.5,0.32,-95.11,
Nava,Power,16855.56,49.69,71.37,75.23,15.03,17.17,0.2,7.12,18.83
Navin Fluo.Intl.,Chemicals & Petrochemicals,32067.2,66.3,14.12,18.68,11.52,11.68,0.33,36.74,57.08
Navkar Corporat.,Transport Services,1416.99,0.53,21.8,18.85,-1.96,-1.83,0.09,17.97,
Navkar Urban.,Construction,140.26,-61.89,-10.27,26.23,0.31,0.96,0.04,-2.43,333.95
Navneet Educat.,Printing & Publication,3244.31,5.7,14.44,10.39,12.58,14.75,0.05,-3.48,18.54
Nazara Technolo.,Entertainment,9809.91,16.28,26.35,,2.9,2.5,0.06,42.45,
NB Footwear,Consumer Durables,9.49,-53.96,21.7,36.2,,,,,
NBCC,Construction,25020.9,27.19,60.13,23.19,25.54,33.17,0,13.84,37.68
NBI Indl. Fin.,Finance,562.13,-16.34,4.45,1.27,0.27,0.35,0,54.14,34.74
NCC,Construction,9583.45,-12.78,18.73,10.56,11.41,21.71,0.39,-8.12,12.85
NCC Blue Water,Food Products,17.84,21.16,56.55,45.25,2,2.5,0,,
NCL Industries,Cement & Cement Products,840.29,-0.77,2.95,0.6,3.41,6.71,0.29,-2.48,12.68
NCL Res. & Finl.,Finance,46.02,-34.85,-0.76,27.03,-1.22,-0.57,0,-42.38,14.43
NDA Securities,Finance,22.75,31.85,56.34,45.23,13.32,14.96,0.12,-18.85,142.19
NDL Ventures,Finance,388.33,29.96,-1.33,12.08,0.96,1.69,0,-8.89,436.33
NDR Auto Compon.,Auto Components,1796.39,24.69,76.6,66.24,19.06,22.85,0.16,12.73,29.67
NDR INVIT Trust,Commercial Services & Supplies,5108.56,20.56,,,3.46,4.74,0.38,48.95,36.28
NDTV,Entertainment,900.34,-14.44,-20.44,14.99,-132.61,-47.81,,14.15,
Nectar Lifesci.,Pharmaceuticals & Biotechnology,237,-53.67,-11.25,-9.73,-11.23,-5.36,0.64,-45.85,
Neelam Linens,Textiles & Apparels,23.45,-68.82,,,8.62,9.95,0.6,21.35,7.37
Neelamalai Agro,Agricultural Food & other Products,198.94,-3.27,-2.96,15.57,8.25,8.26,0,-3.64,7.46
Neelkanth,Commercial Services & Supplies,23.94,30.96,42.07,75.91,0.1,0.5,0.08,71.26,37.41
Neelkanth Rock,Other Construction Materials,8.67,20.69,27.36,16.27,2.89,3.77,0,,24.08
Neeraj Paper Mkt,Commercial Services & Supplies,18.46,-36.15,5.11,9.35,0.9,6.19,0.19,-13.57,102.56
Neetu Yoshi,Industrial Products,349.93,,,,51.01,46.01,0.11,49.14,17.48
Neil Industries,Finance,13,-30.94,-6.05,-1.55,1.98,3.37,0.1,29.73,9.92
Nelcast,Industrial Products,996.25,19.96,3.23,11.74,6.48,9.55,0.52,5.96,21.33
NELCO,IT - Hardware,1419.86,-17.51,2.05,23.19,7.63,14.38,0.56,-7.53,2730.5
Neo Infracon,Realty,22.82,78.86,55.64,22.24,12.45,9.69,2.55,79.64,16.3
Neochem Bio,Chemicals & Petrochemicals,135.77,,,,46.38,26.64,1.8,37.65,18.25
Neogen Chemicals,Chemicals & Petrochemicals,3863.07,-12.27,4,12.03,5.59,8.82,1.41,5.66,145.61
Neopolitan Pizza,Agricultural Food & other Products,15.79,-37.57,,,1.85,3.13,0.03,5.99,
Nephro Care,Healthcare Services,126.7,-41.04,,,8.38,11.27,0,112.66,37.37
Nephrocare Health Services,Healthcare Services,5958.23,,,,13.43,14.11,0.45,33.5,75.76
Neptune Logitek,Transport Services,61.66,,,,51.27,21.62,2.18,47.38,8.62
Neptune Pet.,Chemicals & Petrochemicals,507.44,,,,50.83,62.28,0.08,41.96,18.96
NESCO,Commercial Services & Supplies,7916.88,29.15,29.08,13.47,15.82,21.12,0.04,19.68,19.39
Nestle India,Food Products,249080.36,17.98,11.22,9.66,83.02,95.66,0.1,9.74,78.35
Net Avenue,Retailing,9.98,-22.5,,,-50.03,-43.93,0.16,-9.66,
Netlink Solns(I),IT - Software,46.11,50.29,50.3,63.17,15.86,20.45,0,-98.07,461.1
Nettlinx,Telecom - Services,44.1,-67.03,-47.51,-11.44,18.34,19.53,0.21,-28.92,
Netweb Technol.,IT - Services,21987.08,165.59,,,23.93,32.45,0.03,82.4,123.64
Network People,IT - Services,2436.4,-31.41,111.69,,56.01,69.23,0.02,-16.42,70.46
Netwrk.18 Media,Entertainment,5139.49,-19.34,-17.29,-4.83,-3.34,0.61,0.65,-76.37,153.97
Neueon Corporation,Electrical Equipment,61.07,106.9,,66.27,,-10.37,0.06,25150,
Neuland Labs.,Pharmaceuticals & Biotechnology,16454.33,20.87,100.9,44.3,14.83,18.66,0.16,2.71,91.86
New India Assura,Insurance,24275.04,3.65,12.68,-1.15,3.64,3.59,0,12.18,20.35
New Light Industries,Commercial Services & Supplies,11.65,-82.27,-4.97,-11.14,12.89,9.56,0,-53.27,21.18
New Markets Advi,IT - Software,6.94,,,,1.89,1.67,0.42,516.67,
New Swan,Auto Components,89.38,-22.82,,,14.42,14.96,0.47,0.4,8.07
Newgen Software,IT - Software,7240.42,-45.66,30.19,27.66,22.5,27.97,0.03,8.33,22.22
Newjaisa Tech,IT - Hardware,57.42,-75.08,,,-1.7,-0.44,0.18,-20.38,
Newmalayalam St.,Industrial Products,44.69,-27.18,,,7.42,9.64,0.31,6.34,12.99
Newtime Infra.,Commercial Services & Supplies,99.19,-61.9,-36,,-18.17,1.3,3.28,-49.87,
Newtrac Foods,Commercial Services & Supplies,34.27,-18.92,5.2,,58.44,83.28,0.18,-44.93,
Nexome Cap. Mkt.,Finance,55.87,35.82,35.15,17.94,0.69,1.24,0.04,-1.61,35.36
Next Mediaworks,Entertainment,38.06,-9.39,3.05,5.04,,-9.35,,,
Nexus Select,Realty,24499.07,23.16,,,2.89,5.17,0.42,11.06,48.46
Nexus Surgical,Finance,10.19,19.82,21.58,41.26,61.73,83.95,0,51.35,17.57
Nexxus Petro,Chemicals & Petrochemicals,58.04,-24.77,,,29.74,26.11,0.56,93.02,8.56
NFP Sampoorna,,69.49,,,,,,,54.96,25.83
NGL Fine Chem,Pharmaceuticals & Biotechnology,1422.14,117.38,21.17,8.95,6.68,8.29,0.3,20.77,47.79
NHC Foods,Food Products,57.88,-4.35,-3.52,33.18,9.14,,0.55,63.09,9.11
NHPC Ltd,Power,75669.25,3.33,23.39,25.19,7.53,7.42,1.09,12.37,23.95
NIBE,Aerospace & Defense,1464.48,2.54,35.17,119.99,13.61,16.2,0.39,-40.11,
Nibe Ordnance,Consumer Durables,1.61,429.65,,,0.11,0.57,0.02,24118.75,
Nicco Parks,Leisure Services,325.54,-37.36,-14.06,6.83,21.75,28.15,0,-9.45,44.53
Nidan Laborator.,Healthcare Services,22.38,-21.65,-28.48,,2.92,6.17,0.18,18.49,9.69
Nidhi Granites,Other Construction Materials,255.12,252.18,108.37,83.14,14.01,16.57,0.11,27.83,52.49
Nihar Info Glob.,IT - Software,6.45,35.37,-5.68,0.59,-45.86,-34.03,0.32,417.55,
NIIT,Other Consumer Services,973.78,-35.96,-4.15,8.51,4.37,5.62,0.01,8.99,33.88
NIIT Learning,Other Consumer Services,4636.03,-19.68,,,21.54,28.18,0.19,14.49,21.07
Nikhil Adhesives,Chemicals & Petrochemicals,298.91,-33.71,-15.91,11.56,13.8,17.08,0.33,-10.49,19.27
Nikita Greentech Recycling,"Paper, Forest & Jute Products",294.78,,,,24.86,16.56,1.38,9.23,15.35
Nikki Glob.Fin.,Finance,7.63,-9.78,43.39,36.16,-2.28,-1.64,0.42,-100,
Niks Technology,IT - Software,21.75,-11.16,25.32,,8.55,12.16,0,1.19,72.5
Nila Infrastruct,Realty,317.87,-12.28,15.41,9.4,13.22,19.36,0.14,61.25,13.94
Nila Spaces,Realty,551.05,25.92,73.04,51.55,10.29,24.16,0.63,36.34,22.88
Nilachal Carbo,Ferrous Metals,199.42,,,,19.67,24.09,0.3,-23.99,12.65
Nilachal Refract,Industrial Products,67.33,-29.62,-5.51,6.94,,-77.79,,41.75,
NILE,Minerals & Mining,525.3,17.26,50.33,37.79,14.72,19.87,0.06,10.73,10.27
Nilkamal Ltd,Consumer Durables,2050.46,-12.96,-8.72,-5.36,7.32,9.57,0.36,13.96,17.36
Nimbus Projects,Realty,374.3,-11.75,72.51,60.75,8.26,8.3,0.77,-93.77,
NINtec Systems,IT - Software,605.3,-29.04,20.1,116.63,52.37,67.11,0.03,20.74,19.77
Nippon Life Ind.,Capital Markets,59341.65,81.41,60.82,21.95,31.39,40.69,0.02,18.95,41.12
Niraj Cement,Construction,176.75,-41.62,1.34,-6.39,7.96,10.59,0.01,20.74,7.39
Niraj Ispat Ind.,Consumer Durables,17.08,6.58,,,9.82,10.75,0.29,9.73,11.16
Nirav Commercial,Commercial Services & Supplies,22.97,3.32,11.06,11.26,-0.03,0.75,0,-4.08,
Nirlon,Commercial Services & Supplies,4482.57,1.55,11.56,12.29,59.88,30.18,2.47,3.93,13.63
Nirman Agri,Agricultural Food & other Products,41.05,-80.02,,,34.33,35.16,0,78.06,1.45
NIS Management,Other Consumer Services,123.35,,,,13.07,11.99,0.4,6.4,6.47
Nisus Finance,Finance,616.77,-37.82,,,33.26,39.74,1.19,169.64,13.73
Nitco,Consumer Durables,1713.1,-26.27,49.78,26.92,,-42.87,1.01,65.12,45.37
Nitin Castings,Industrial Products,271.13,-8.29,30.86,48.51,13.43,17.35,0.12,-0.07,22.8
Nitin Spinners,Textiles & Apparels,2133.83,23.29,21.93,36.81,14.28,13.19,0.67,-2.14,12.81
Nitiraj Engineer,Consumer Durables,220.38,-20.28,44.3,35.05,5.63,7.96,0,-42.86,134.38
Nitta Gelatin,Chemicals & Petrochemicals,762.95,19.69,8.79,37.78,19.62,24.65,0.05,5.28,9.43
Niva Bupa Health,Insurance,13870.61,2.91,,,8.18,7.45,0.07,24.07,
Nivaka Fashions,Textiles & Apparels,17.35,-50,-18.74,-26.54,-5.08,-2.47,0.2,10.45,
Niyogin Fintech,Finance,436.2,-6.22,5.59,-11.79,-5.26,-2.06,0.48,0.18,
NLC India,Power,36059.49,25.6,48.35,36.46,14.47,10.51,1.22,8.66,13.81
NMDC,Minerals & Mining,71864.32,30.83,28.86,19.21,23.6,29.59,0.11,18.56,10.41
NMDC Steel,Ferrous Metals,11889.47,14.6,5.05,,-16.6,-12.97,0.41,67.78,
NMS Global,Commercial Services & Supplies,26.52,155.07,64.67,94.07,28.08,16.15,3.25,-33.59,34.44
Noble Polymers,Industrial Products,0.39,,,,101.11,103.91,0.06,,
NOCIL,Chemicals & Petrochemicals,2413.68,-16.47,-13.26,-3.37,5.94,6.65,0.01,-6.9,38.4
Noida Tollbridg.,Transport Infrastructure,69.64,-7.88,-18.86,-10.05,-14.26,-8.55,,5.78,2.54
Norben Tea,Agricultural Food & other Products,150,108.78,123.44,69.49,-1.22,3.9,0.43,-0.52,
Norris Medicines,Commercial Services & Supplies,15.23,-22.3,7.24,20.52,,-10.13,,105.88,
North Eastn.Car.,Transport Services,140.7,-33.06,-7.24,9.4,4.97,6.67,0.53,-9.79,15.97
Northern ARC,Finance,4072.42,46.86,,,12.29,10.34,2.8,11.64,12.07
Northern Spirits,Commercial Services & Supplies,194.54,-29.23,-12.99,36.1,20.64,17.68,1.48,19.93,8.03
Northlink Fiscal,Finance,7.89,-42.23,5.2,-7.76,-14.34,-10.1,0.17,-20,
Nouveau Global,Commercial Services & Supplies,9.09,0,-13.23,-16.68,16.64,6.4,27.03,,
Nova Agritech,Fertilizers & Agrochemicals,274.14,-40.87,,,13.28,16.39,0.23,1.22,14.87
Nova Iron &Steel,Industrial Products,50.31,14.29,,15.78,,-2.76,,-20.08,
Novartis India,Pharmaceuticals & Biotechnology,2249.83,13.55,15.05,8.19,13.18,17,0.01,-1.67,23.14
Novateor Resear.,Personal Products,18.89,-17.43,21.85,34.81,0.83,1.69,0.06,171.34,629.67
Novelix Pharma.,Healthcare Services,120.55,138.54,89.26,68.14,0.64,0.96,0,1095.98,66.24
NPR Finance,Finance,14.59,13.78,17.62,13,1.21,2.2,0.01,-14.29,72.95
NRB Bearings,Auto Components,2627.09,31.04,25.39,18.43,12.74,15.88,0.14,12.01,17.68
NRB Indl Bearing,Industrial Products,75.83,32.84,18.59,27.45,,-18.67,,7.35,
NSB BPO,Commercial Services & Supplies,146.9,,,,9,10.17,0.18,5.87,12.63
NTC Industries,Cigarettes & Tobacco Products,242.1,-3.56,30.06,16.64,7.27,9.28,0.34,113.26,12.49
NTPC,Power,370315.68,22.62,30.4,28.63,12.13,9.95,1.33,0.86,15.32
NTPC Green Ene.,Power,75954.94,3.29,,,3.85,4.89,1.16,22.55,135.93
Nucleus Soft.,IT - Software,2084.7,-7.27,11.7,8.67,16.82,22.6,0.01,8.19,12.92
Nukleus Office,Commercial Services & Supplies,81.45,,,,9.52,11.87,0.25,67.6,35.41
Nupur Recyclers,Metals & Minerals Trading,366.76,-20.09,-8.29,,14.2,19.17,0.12,18.83,27.15
Nureca,Healthcare Equipment & Supplies,281.68,19.32,-5.88,-16.14,-1.12,-0.9,0.03,51.02,26.47
Nutech Global,Textiles & Apparels,7.88,19.77,8.82,5.19,-4.88,5.17,1.77,13.58,30.31
Nutricircle,Food Products,434.4,69.56,34.29,63.59,16.33,3.1,0.21,867.81,413.71
Nuvama Wealth,Capital Markets,22661.8,15.26,,,30.87,20.4,2.37,13,22.06
Nuvoco Vistas,Cement & Cement Products,11720.08,4.69,-2.31,,0.24,3.93,0.63,8.06,30.51
Nxt-Infra Trust,Construction,2851.43,-9.05,,,6.75,,1.14,,14.59
Nyssa Corp.,Commercial Services & Supplies,7.02,-43.34,-19.29,-3.18,1.19,1.36,0.05,-66.47,
O N G C,Oil,351870.41,24.17,21.8,19.03,10.63,12.04,0.48,-1.26,9.26
Oasis Securities,Finance,27.82,-51.17,35.1,43.17,7.35,9.46,0,24.85,28.1
Oberoi Realty,Realty,55369.35,2.58,20.58,22.39,14.67,17.73,0.18,-0.76,24.55
Objectone Inform,IT - Software,8.17,-5.93,-14.63,24.57,5.3,9.12,0.22,-16.09,
OBSC Perfection,Auto Components,747.75,93.54,,,24.96,23.41,0.37,29.2,37.39
OCCL,Chemicals & Petrochemicals,449.5,33.24,,,10.84,14.9,0.18,133.06,11.4
Oceanic Foods,Food Products,67.5,48.48,31.89,4.13,13.53,14.67,0.96,24.01,10.56
Octal Credit Cap,Finance,9.5,-9.09,-5.81,32.34,-2.78,-2.45,0,31.25,
Octavius Plant.,Agricultural Food & other Products,13.03,-37.94,0.5,,4.68,5.44,1.06,-11.52,14.32
Octaware Tech.,IT - Services,28.09,100.51,21.88,-3.4,2.05,2.25,0.09,-8.46,
Odigma Consultan,IT - Services,79.55,-33.36,,,0.61,0.97,0,-13.05,
Odyssey Corpn.,Finance,60.94,-66.15,12.26,56.68,2.96,3.76,0.06,74.61,42.03
Odyssey Tech.,IT - Software,78.79,-46.83,4.57,16.59,7.9,10.63,0,-6.91,19.6
Oil Country,Oil,246.22,-30.46,47.2,66.96,-14.95,-8.41,0.11,-25.33,
Oil India,Oil,78711.55,41.2,41.09,41.66,13.26,12.89,0.64,1.86,13.5
OK Play India,Consumer Durables,185.09,-55.3,-13.21,17.47,-1.26,4.68,0.78,10.83,
Ola Electric,Automobiles,11124.11,-55.62,,,-107.52,-28.09,0.72,-52.75,
Olatech Solution,IT - Software,77.88,-32.69,59.36,,32.85,39.93,0.25,29.37,23.18
Olectra Greentec,Automobiles,8184.27,-6.96,26.18,41.19,14.27,20.52,0.33,28.91,57.24
Olympia Industri,Retailing,18.72,-24.9,-31.77,-7.55,2.47,6.7,0.75,14.04,10.52
Olympic Cards,Consumer Durables,4.97,-19.31,5.47,3.4,-125.75,-9.91,,27.54,13.81
Olympic Oil Ind.,Agricultural Food & other Products,9.14,-5.71,8.72,-12.76,,-0.3,,,
Om Freight Forwa,Transport Services,267.85,,,,13.65,16.88,0.15,19.34,14.53
Om Infra,Construction,822.24,-18.5,32.09,28.63,3.34,4.41,0.15,-38.8,29.17
Om Metallogic,Industrial Products,13.8,,,,42.39,31.25,0.99,55.78,4.37
Omansh Enterpri.,Commercial Services & Supplies,293.68,1776.26,475.29,247.64,,-2.11,0.83,-100,
Omax Autos,Auto Components,229.34,25.14,27.48,18.19,2.81,9,0.23,18.17,10.52
Omaxe,Realty,1445.65,0.33,10.8,2.31,-505.55,-61.38,,-7.02,
Omega Ag Seeds,Agricultural Food & other Products,7.56,0.74,,,,,,,12.39
Omega Interactiv,IT - Software,172.06,238.43,157.48,,6.47,7.65,0,71054.55,22.82
Omfurn India,Consumer Durables,64.76,-43.06,8.73,45.72,11.58,14.59,0.13,0.34,12.34
Omkar Overseas,Textiles & Apparels,4.42,40.76,46.53,54.63,,,,,
Omkar Pharmachem,Chemicals & Petrochemicals,29.75,-1.67,7.27,7.34,2.14,3.04,0,-5.36,330.56
Omkar Spl.Chem.,Chemicals & Petrochemicals,9.77,-35.46,-24.76,-4.4,,-10.53,,-59.11,
Omni Ax's,IT - Software,8.01,55,18.14,20.5,-0.61,-0.61,0,-11.11,
Omnipotent,Petroleum Products,2.67,-43.41,-24.28,,-21.95,-21.75,0.01,-81.25,
Omnitech Engg.,,2972.17,,,,31,18.97,1.77,92.45,67.72
Omnitex Industri,Textiles & Apparels,290.43,148.79,152.31,92.96,16.8,0.11,0,-84.34,
On Door Concepts,Retailing,91.87,-13.04,,,8.11,7.86,0.09,15.1,10.65
One 97,Financial Technology (Fintech),70272.36,53.62,21.77,,-10.28,-10.14,0.01,11.42,129.7
One Global Serv,Healthcare Services,1288.47,121.58,170.96,177.31,42.31,56.38,0,362.86,20.76
One Mobikwik,Financial Technology (Fintech),1545.32,-28.78,,,-32.41,-14.6,0.65,-5.92,
One Point One,Commercial Services & Supplies,1237.83,-5.44,42.41,91.67,10.15,13.02,0.13,17.61,32.92
OneClick Logisti,Transport Services,201.52,111.49,,,16.6,20.85,0.11,-7.65,127.54
Onelife Capital,Capital Markets,58.54,66,9.36,18.42,-47.39,-26.66,1.29,-84.81,
Onesource Indus.,Commercial Services & Supplies,22.63,-42.68,-10.74,35.69,32.66,42.03,0,78.77,4.96
OneSource Speci.,Pharmaceuticals & Biotechnology,15437.18,8.77,,,3.34,5.52,0.22,29.97,504.98
Onix Solar,Non - Ferrous Metals,1761.18,98.74,157.22,136.33,30.92,32.41,0,121.96,116.02
OnMobile Global,Media,540.11,2.48,-10.03,-13.61,-4.94,-2.34,0.12,1.1,31.02
Ontic Finserve,Finance,14.31,174.14,17.91,31.79,53.36,68.44,0.09,-49.47,18.58
Onward Technolog,IT - Services,620.29,-4.35,-2.46,21.31,12.54,15.65,0.17,10.69,13.08
Onyx Biotec,Pharmaceuticals & Biotechnology,61.29,-40.23,,,10.43,12.16,0.29,10.63,57.28
Optiemus Infra.,Telecom -  Equipment & Accessories,3669.94,-6.21,17.63,18.09,11.59,14.4,0.35,-10.25,55.61
Optimus Finance,Finance,106.41,-29.12,32.01,42.54,11.87,14.24,0.42,16.36,18.97
Optivalue Tek,IT - Services,161.54,,,,49.18,54.9,0.15,53.39,12.39
Oracle Fin.Serv.,IT - Software,60328.64,-10.71,29.9,17.07,29.34,40.6,0,8.13,24.71
Orbit Exports,Textiles & Apparels,450.45,16.38,8.17,21.72,13.13,17.05,0.04,10,11.78
Orchasp Ltd,IT - Software,93.53,-11.18,-14.37,13.88,-9.55,-8.26,0,51.59,23.62
Orchid Pharma,Pharmaceuticals & Biotechnology,3143.32,-35.51,17.19,-7.35,8.21,8.07,0.22,-10.02,120.99
Organic Coatings,Chemicals & Petrochemicals,19.05,44.26,47.02,19.46,-93.75,-8.15,4.52,-21.58,
Organic Recyclin,Other Utilities,206.09,-13.36,,,14.62,12.17,0.36,72.75,9.79
Oriana Power Ltd,Electrical Equipment,3837.58,52.28,,,48.35,42.31,0.5,107.68,16.58
Oricon Enterpris,Industrial Products,1068.4,74.61,48.8,25.67,11.19,0.37,0.01,-25.32,36.03
Orient Bell,Consumer Durables,442.34,9.84,-16.05,6.26,0.9,2.38,0.12,-0.7,49.37
Orient Beverages,Beverages,51.69,3.44,24.5,28.96,11.64,11.73,3.46,7.19,11.36
Orient Cement,Cement & Cement Products,3166.55,-53.23,11.01,10.3,5.12,8.83,0.04,7.19,9.66
Orient Ceratech,Industrial Products,461.93,14.64,13.65,11.06,3.54,6.17,0.16,19.92,21.93
Orient Electric,Consumer Durables,3949.62,-6.61,-12.36,-7.38,12.54,17.89,0.17,7.3,42.72
Orient Green,Power,1157.78,-17.61,8.58,40.08,3.84,6.65,0.41,15.9,19.22
Orient Paper,"Paper, Forest & Jute Products",396.79,-18.27,-20.74,-6.34,-3.08,-2.6,0.16,-2.74,
Orient Press,Industrial Products,64.87,-22.02,4.9,-6.16,-5.3,1.96,0.92,-15.82,
Orient Tech.,IT - Services,1360.44,1.97,,,19.98,26.52,0.05,24.26,32.45
Orient Tradelink,Entertainment,70.68,-31.55,12.83,15.86,6.84,7.42,0.15,1.19,504.86
Oriental Aromat.,Chemicals & Petrochemicals,926.48,-0.52,-7.39,-14.5,5.31,7.89,0.6,12.34,1252
Oriental Hotels,Leisure Services,1812.6,-22.67,9.76,34.16,5.99,9.45,0.27,18.15,32.67
Oriental Rail,Industrial Products,865.4,-16.2,35.75,19.68,9.23,11.11,0.58,-11.67,24.22
Oriental Trimex,Consumer Durables,48.66,-29.72,6.83,3.44,-7.12,-4.92,0.03,224.29,7.26
Orissa Bengal,Transport Services,118.04,2.36,3.23,16.81,2.25,5.65,0.63,6.51,
Orissa Minerals,Minerals & Mining,2475.06,-18.77,18.62,9.09,,-38.52,,-21.79,
Orkla India,Food Products,8036.47,,,,9.8,13.55,0.02,1.64,30.85
Orosil Smiths,Consumer Durables,18.18,19.89,5.76,7.26,73.05,-10.95,0,816,18
Ortel Commu.,Entertainment,4.98,-15.64,9.5,7.54,,-13.42,,-27.55,
Ortin Global,Pharmaceuticals & Biotechnology,13.98,46.3,-8.17,-11.85,-36.25,-25.11,0.72,-67.8,
Oscar Global,Consumer Durables,5.59,32.73,45.44,37.17,-6.81,-6.81,0,,
OSEL Devices,Healthcare Equipment & Supplies,905.17,135.74,,,30.08,31.14,0.56,45.64,33.24
Osia Hyper Reta.,Retailing,142.03,-65,-30.79,-2.9,6.6,14.72,0.4,1.66,7.89
Osiajee Texfab,Textiles & Apparels,240.65,257.98,122.11,78.93,40.11,32.06,0.29,255.89,34.33
Oswal Agro Mills,Commercial Services & Supplies,634.91,-23.6,16.39,33.87,12.62,16.29,0,84.24,7.32
Oswal Green Tech,Finance,699.03,-21.06,11.38,6.79,0.34,0.43,0,-1.8,34.73
Oswal Overseas,Agricultural Food & other Products,165.79,2280.33,,111.38,-215.12,-33.5,,-60.24,
Oswal Pumps,Industrial Products,3597.7,,,,87.5,77.91,0.08,48.1,10.31
Oswal Yarns,Commercial Services & Supplies,6.82,-47.82,34.22,30.45,-1.59,-1.11,0.16,-13.13,
OTCO Intl,Commercial Services & Supplies,10.59,16.22,14.8,18.48,1.13,0.34,2.59,-90.45,
Oval Projects,Construction,111.28,,,,20.54,22.59,0.46,31.19,9.18
Ovobel Foods,Food Products,145.88,123.31,-5.09,30.97,11.17,13.49,0.25,41.27,8.2
Owais Metal,Ferrous Metals,293.28,-73.07,,,55.32,59.47,0.21,48.99,5.82
Oxford Industrie,Textiles & Apparels,5.41,,,,,-4.17,,-94.3,10.4
Oxygenta Pharma,Pharmaceuticals & Biotechnology,197.49,-28.72,28.91,,,-24.93,,60.29,
P & G Health Ltd,Pharmaceuticals & Biotechnology,8134.53,-2.65,0.1,-5.78,36.42,47.75,0.01,16.3,27.72
P & G Hygiene,Personal Products,36846.18,-16.18,-6.56,-2.7,75.67,103.79,0,0.56,42.87
P B A Infra.,Construction,12.84,-1.55,3.37,,,0.57,,-43.5,
P I Industries,Fertilizers & Agrochemicals,47295.09,3.43,-0.2,7.47,17.61,22.86,0.02,-12.56,34.65
P N Gadgil Jewe.,Consumer Durables,7491.1,2.61,,,20.97,19.41,0.76,15.3,19.51
P S Raj Steels,Industrial Products,212.58,100.64,,,15.53,19.3,0.04,-10.57,28.34
P. H. Capital,Finance,174.76,137.61,100.91,83.83,15.6,21.75,0.01,-42.87,
P.E. Analytics,Realty,187.11,-16.98,6.93,,15.51,21.3,0,-3.87,13.56
P.M. Telelinnks,Industrial Products,11.71,112.43,16.49,24.4,0,0.12,0,-62.59,
Pace Digitek,Telecom - Services,3701.85,,,,31.38,41.31,0.12,0.18,14.73
Pace E-Commerce,Retailing,33.82,-41.84,-6.14,,4.44,6.53,0.15,56.51,8.27
Pacific Inds,Consumer Durables,93.15,-31.05,6.85,8.31,1.71,3.07,0.12,-28.17,23.64
Padam Cotton,Textiles & Apparels,52.89,-72.01,58.96,61.41,20.01,24.23,0.02,5493.69,5.97
Padmalaya Tele.,Entertainment,7.85,0.43,25.63,12.71,-1.66,-1.62,0.03,,
Padmanabh Alloys,Industrial Products,8.39,-37.2,-31.54,,2.72,4.34,0.48,7.92,279.67
Padmanabh Inds.,Chemicals & Petrochemicals,5.84,20.12,46.28,13.96,,0.5,,681.6,73
PAE,Auto Components,1.23,155.39,22.18,27.88,,,,,0.09
Pagaria Energy,IT - Software,3.62,14.11,24.85,20.34,0.96,1.24,0.86,,
Page Industries,Textiles & Apparels,35815.09,-20.75,-5.62,2.7,48.54,59.4,0.19,5.44,46.22
Paisalo Digital,Finance,3234.26,-4.18,6.21,-2.81,13.94,13.13,2.26,13.45,15.31
Pajson Agro,Food Products,517.38,,,,60.09,59.48,0.69,95.26,25.32
Pakka,"Paper, Forest & Jute Products",405.52,-52.99,-3.06,2.22,11.2,11.21,0.66,-15.04,61.16
Palash Securi.,Food Products,94.81,-19.69,-4.94,16.38,-2.37,-2.53,0.07,41.18,7.47
Palco Metals Ltd,Non - Ferrous Metals,47.14,-43.85,24.34,43.3,47.47,31.66,0,21.03,10.79
Palm Jewels,Commercial Services & Supplies,17.23,-51.82,13.26,-20.45,3.55,5.15,0.15,-9.75,18.93
Palred Technolog,IT - Services,39.82,-40.15,-39.41,-21.87,-14.82,-2.52,1.3,-19.48,
Pan Electronics,Industrial Manufacturing,16.12,-43.13,8.23,46.36,,-30.73,,84.27,
PAN HR Solution,Commercial Services & Supplies,44.89,,,,30.78,42.99,0,0.75,9.07
Pan India Corpor,Finance,36.85,-30.36,-5.53,28.55,-36.35,-36.35,0,300,
Panabyte Tech,IT - Services,24.75,-16.7,19.74,11.47,2.46,8.23,0.49,1.37,112.5
Panacea Biotec,Pharmaceuticals & Biotechnology,2027.4,11.35,39.88,11.12,-4.92,-4.57,0.03,7.55,
Panache Digilife,IT - Services,544.72,33.81,72.08,48.47,10.94,13.05,0.38,79.47,59.99
Panafic Industri,Finance,5.42,-31.25,-16.65,15.58,0.3,0.34,0.35,47.69,21.68
Panama Petrochem,Petroleum Products,1701.99,-20.01,-2.87,9.86,15.86,20.41,0.02,3.46,9.17
Panasonic Carbon,Industrial Products,223.39,0.91,8.86,0.43,12.66,17,0,6.41,10.18
Panasonic Energy,Household Products,227.51,-12.14,7.82,6.57,11.63,17.59,0.01,-5.67,41.37
Panch.Organics,Pharmaceuticals & Biotechnology,142.98,-32.22,-17.6,19.9,10.65,13.64,0.03,-6.1,11.61
Panchmahal Steel,Industrial Products,654.63,71.46,40.71,56.76,2.1,5,0.31,-5.36,
Panjon,Food Products,47.31,41.33,24.56,,2.55,4,0.21,126.02,62.25
Pankaj Polymers,Industrial Products,34.01,284.88,99.3,76.81,-1.18,0.61,0.13,69.15,16.27
Panorama Studios,Entertainment,1265.42,-15.4,98.71,84.69,25.66,27.19,0.4,4.89,34.31
Pansari Develop.,Realty,528.64,103.23,47.64,59.39,5.73,6.38,0.75,-29.18,31.04
Panth Infinity,Diversified,40.71,1.79,-2.53,-3.3,,,,,4.27
Panther Indl. Pr,Commercial Services & Supplies,5.46,-40,,,-32.51,-5.21,7,,
Panyam Cement,Cement & Cement Products,101.07,24.2,,,,-30.06,,-62.01,
Paos Industries,Agricultural Food & other Products,34.78,33.31,60.44,40.26,,-1.35,,123.18,
Par Drugs & Che.,Pharmaceuticals & Biotechnology,117.74,-8.55,-14.23,17.9,13.62,18.35,0,4.84,8.46
Paradeep Pari.,Transport Services,255.64,,,,26.2,23.73,0.38,58.9,7.22
Paradeep Phosph.,Fertilizers & Agrochemicals,12611.32,39.83,30.12,,14.14,13.72,0.87,44.91,12.21
Parag Milk Foods,Food Products,2532.84,40.19,36.42,12.8,12.34,14.13,0.45,14.72,18.87
Paragon Finance,Finance,22.06,8.58,11.98,24.08,1.03,1.76,0.02,-10.66,7.5
Paragon Fine,Chemicals & Petrochemicals,91.28,-36.01,,,6.85,9.17,0.03,-6.99,14.72
Paramatrix Tech.,IT - Software,80.1,-16.95,,,11.07,13.89,0.22,2.78,12.69
Paramount Comm.,Industrial Products,1063.35,-35.24,0.13,32.13,12.77,16.3,0.14,32.7,18.35
Paramount Cosmet,Personal Products,17.7,-8.19,-0.45,17.54,0.15,5.19,0.51,25.99,221.25
Paramount Dye,Textiles & Apparels,29.85,-27.55,,,17.43,16.27,0.22,36.15,4.52
Paramount Specia,Industrial Products,56.98,-43.46,,,11.93,12.49,0.48,21.58,11.26
Parampara Dairy,Industrial Products,11.24,29.7,-20.63,-1,1.96,1.05,0.87,119.29,59.16
Paras Defence,Aerospace & Defense,5139.86,45.83,39.23,,11.53,15.61,0.08,23.02,69.99
Paras Petrofils,Finance,72.53,1.88,36.67,,5.49,5.42,0,,604.42
Parin Enterpris.,Consumer Durables,806.06,91.8,87.21,64.6,11.37,11.67,1.47,237.7,96.09
Park Medi World,Healthcare Services,8339.29,,,,21.15,20.36,0.64,13.2,39.39
Parker Agrochem,Commercial Services & Supplies,8.37,6.19,19.83,27.67,-5.02,-1.42,0.14,-72.44,12.13
Parle Industries,Commercial Services & Supplies,35.9,-61.66,1.64,-7.56,0.54,0.95,0.02,319,
Parmax Pharma,Pharmaceuticals & Biotechnology,11.3,-29.26,-4.34,0.13,,-12.45,,-50.69,
Parmeshwar Metal,Industrial Products,191.33,138.1,,,20.31,23.91,0.21,34.51,12.16
Parmeshwari Silk,Textiles & Apparels,28.46,,,,15.42,11.89,2.1,7,3.64
Parnax Lab,Pharmaceuticals & Biotechnology,150.98,45.97,29.1,40.45,15.14,13.97,0.77,23.18,11.22
Parshva Enterpr.,Commercial Services & Supplies,166.09,16.73,1.35,43.69,1.61,2.96,0.06,-5.15,790.9
Parshwanath Corp,Realty,23.66,-43.06,36.21,28.58,4.14,4.98,0,18.64,69.59
Parsvnath Devl.,Realty,345.53,-64.77,4.79,0.1,,-0.98,,-14.8,
Parth Electrical,Electrical Equipment,360.56,,,,36.67,33.26,0.13,101.26,29.85
Party Cruisers,Other Consumer Services,96.72,-19.8,8.66,,21.4,30.13,0.1,60.72,11.23
Parvati Sweetner,Agricultural Food & other Products,124.24,3.61,7.85,32.76,0.57,2.18,0.28,-81.8,
Pasari Spinning,Textiles & Apparels,9.47,-18.14,1.81,36.84,,19.55,5.31,-5.88,24.92
Pashupati Cotsp.,Textiles & Apparels,1577.69,66.07,106.21,75.52,10.34,11.79,0.51,-3.29,98.91
Pasupati Acrylon,Chemicals & Petrochemicals,475.06,33.25,23.2,29.49,10.21,11.89,0.29,48.26,8.58
Pasupati Fincap,Finance,6.7,-37.62,,71.54,,-2700,,-100,
Pasupati Spinng.,Textiles & Apparels,30.39,-4.29,11.86,42.18,5.59,7.85,1.66,-0.17,32.33
Patanjali Foods,Agricultural Food & other Products,55266.24,-13.44,17.21,15.75,12.06,15.55,0.24,19.12,32.9
Patel Chem,Chemicals & Petrochemicals,170.36,,,,38.49,35.22,0.22,27.6,14.85
Patel Engineerin,Construction,2737.32,-34.25,24.64,17.86,10.4,15.43,0.4,9.71,7.22
Patel Integrated,Transport Services,71.33,-34.92,-6.45,-8.13,5.79,5.91,0.11,1.52,8.42
Patel Retail,Retailing,595.6,,,,22.06,17.33,0.34,0.8,16.43
Patels Airtemp,Industrial Manufacturing,135.22,-48.18,5.57,11.33,11,13.76,0.57,-33,12.74
Patidar Buildcon,Realty,5.19,-34.51,11.52,65.48,-5.68,-2.1,0.3,-34.12,
Patil Automation,Industrial Manufacturing,330.59,,,,26.02,24.47,0.14,2.4,25.22
Patron Exim,Chemicals & Petrochemicals,5.08,-62.88,,,0.18,0.28,0.05,803.76,15.39
Patspin India,Textiles & Apparels,24.4,-24.13,-8.5,7.88,,-4.86,,3.64,
Pattech Fitwell,Industrial Products,99.85,34.92,,,6.18,9.67,0.45,37.35,87.58
Paul Merchants,Finance,155.53,-34.05,6.45,3.93,-14.37,-9.84,0.01,-39.71,239.28
Paushak,Chemicals & Petrochemicals,1136.31,-13.62,-21.14,-12.85,9.76,11.21,0.12,1.61,31.21
Pavna Industries,Auto Components,287.71,-42,-4.91,,5.06,9.38,0.35,-4.53,46.71
PB Fintech.,Financial Technology (Fintech),68552.61,1.23,37.12,,5.13,5.9,0.05,36.89,118.3
PBM Polytex,Textiles & Apparels,40.58,-8.78,-15.11,0.01,-5.12,-5.99,0.03,-5.74,
PC Jeweller,Consumer Durables,7952.62,-12.29,51.55,27.11,12.68,6.55,0.22,96.01,12.1
PCBL Chemical,Chemicals & Petrochemicals,12173.73,-13.58,37.72,25.61,12.46,11.82,1.36,-0.42,46.75
PCS Technology,IT - Services,39.85,-33.87,7.2,29.31,3.01,4.85,0,-2.63,23.44
PDP Shipping,Transport Services,18,,,,17.02,21.49,0.05,12.32,6.45
PDS,Textiles & Apparels,4303.38,-28.55,-2.64,18.8,11.07,15.92,,6.92,41.8
Pearl Global Ind,Textiles & Apparels,7100.95,14.66,96.09,79.74,24.31,22.11,0.58,18.91,27.24
Pearl Green Club,Agricultural Food & other Products,30.22,-19.07,-15.89,,-0.53,-0.49,0,-62.65,
Pearl Polymers,Consumer Durables,31.61,-27.69,-5.21,4.81,-15.68,-15.93,0,-2.77,
Pecos Hotels,Leisure Services,42.39,40.75,49.89,67.22,23.58,31.66,0,5.79,31.63
Pee Cee Cosma,Household Products,92.14,-33.79,46.98,24.31,19.47,25.73,0.09,10.55,11.31
Peeti Securities,Textiles & Apparels,7.88,1.06,-10.61,25.3,-2.39,-2.39,0,0.08,
Pelatro,Media,315.8,-5.02,,,26.41,22.43,0.43,55.97,22.46
Peninsula Land,Realty,605.4,-21.1,9.5,26.21,-12.26,4.26,2.19,-46.31,
Pennar Industrie,Industrial Manufacturing,2019.88,-4.51,25.46,48.25,12.55,15.88,0.93,14.55,15.15
Pentagon Rubber,Industrial Products,49.73,5.56,,,8.76,7.38,0.88,-2.98,20.81
Pentokey Organy,Chemicals & Petrochemicals,25.08,4.71,21.96,37.97,2.67,2.67,0,1972.73,64.31
Peoples Invest,Commercial Services & Supplies,4.23,23.86,,75.42,-66.67,-66.67,0,40,
Perfect Infraeng,Electrical Equipment,4.37,-77.48,-52.97,-24.59,3.04,0.92,0.24,-18.04,5.33
Perfect-Octave,Entertainment,16.76,10.78,34.16,33.24,0.12,0.25,0.43,-42.11,11.4
Perfectpac,"Paper, Forest & Jute Products",56.61,-29.26,10.85,28.59,8.68,11.93,0.02,5.37,18.62
Permanent Magnet,Electrical Equipment,661.86,3.68,-0.84,37.54,11.49,15.2,0.19,-3.93,49.25
Persistent Systems,IT - Software,74663.08,-10.76,24.48,41.19,24.08,30.44,0.06,23.46,41.51
Petro Carbon,Minerals & Mining,577.86,29.97,,,5.4,4.98,1.49,3.81,140.26
Petronet LNG,Gas,48510,14.15,13.66,5.17,21.16,25.39,0.12,-11.61,13.34
Pfizer,Pharmaceuticals & Biotechnology,23158.42,24.97,9.92,1.79,16.4,21.62,0.01,11.01,30.41
PFL Infotech,IT - Software,3.15,-46.44,10.74,0.29,-137.25,-125,,,
PG Electroplast,Consumer Durables,17916.67,-21,64.53,81.68,14.89,19.36,0.2,35.8,64.7
PG Foils,Non - Ferrous Metals,259.9,-28.26,9.03,21.45,7.29,9.4,0.26,-30.05,
Phaarmasia,Pharmaceuticals & Biotechnology,59.14,221.9,53.37,23.05,-16.7,-16.47,0,55.2,25.83
Phantom Digital,Entertainment,342.42,-1.33,4.01,,13.05,17.61,0.1,14.36,10.5
Pharmaids Pharma,Pharmaceuticals & Biotechnology,110.88,-54.26,5.53,18.11,-16.29,-17.43,0.39,24.3,
Phoenix Intl.,Commercial Services & Supplies,54.89,-29.06,12.55,20.22,0.45,2.47,0.17,7.12,19.96
Phoenix Mills,Realty,59313.54,7.14,33.32,31.97,9.36,10.75,0.46,2.5,53.67
Phoenix Overseas,Commercial Services & Supplies,36.56,-14.09,,,7.1,11.36,0.58,10.65,16.69
Phoenix Township,Leisure Services,203.14,-52.35,28.27,55.18,2.38,1.55,0.86,-15.62,76.95
Phosphate Co,Fertilizers & Agrochemicals,52.31,3.57,3.46,20.11,4.01,7.32,0.43,13.42,10.92
Photon Capital,Commercial Services & Supplies,18.17,9.15,16.98,35.03,-8.75,-5.55,0,-19.23,454.25
Photoquip India,Household Products,9.63,-19.95,-3.93,15.35,4.33,8.49,1.12,-22.49,53.5
Physicswallah,Other Consumer Services,24756.36,,,,,-2.12,0.69,48.74,
Phyto Chem (I),Fertilizers & Agrochemicals,11.09,-24.15,-11.87,3.71,-14.55,3.27,2.76,-21.33,
Piccadily Agro,Beverages,5527.28,-8.43,133.67,120.57,20.07,22.68,0.4,15.13,41.66
Piccadily Sugar,Agricultural Food & other Products,83.03,-39.05,28.5,50.47,-27.2,-13.66,1.72,-82.57,44.4
Picturehouse,Entertainment,28.42,-29.81,-5.32,28.54,,10.6,,-93.88,9.29
Picturepost Stu.,Entertainment,22.27,-75.48,,,28.75,32.29,0.12,0.95,7.87
Pidilite Inds.,Chemicals & Petrochemicals,151842.93,12.27,8.95,11.93,23.05,29.84,0.05,9.75,65.61
Pil Italica Life,Consumer Durables,199.52,-32.57,6.14,-11.29,6.18,8.9,0.19,10.44,44.44
Pilani Invest.,Finance,5088.81,24.69,37.44,19.26,0.64,1.75,0.13,-4.34,4205.63
Pine Labs,Financial Technology (Fintech),21841.37,,,,-3.31,-0.49,0.23,28.52,
Pion. Agro Extr.,Agricultural Food & other Products,10.86,40.43,51.31,26.31,1.53,1.72,0,-0.96,
Pion. Embroider.,Textiles & Apparels,84.22,-38.22,-6.75,-7.63,2.64,5.96,0.59,-11.07,
Pioneer Invest,Finance,118.85,53.66,42.89,28.67,5.2,8.82,0.43,39.66,6.97
Piotex Indus.,Textiles & Apparels,26.54,8.33,,,19.26,23.93,0.07,13.42,14.66
Piramal Finance.,Finance,39410.18,,,142.46,2.31,7.73,2.61,53.2,33.95
Piramal Pharma,Pharmaceuticals & Biotechnology,20753.55,-17.78,25.99,,1.11,6.45,0.6,-0.87,
Pitti Engg.,Industrial Manufacturing,3426.66,2.13,45.24,74.19,17.82,17.05,0.83,19.65,26.91
Pix Transmission,Industrial Products,1978.8,1.63,25.59,33,20.73,26.87,0.05,2.66,18.1
Plada Infotech S,Commercial Services & Supplies,10.46,-44.55,,,8.33,10.69,0.72,3.46,5.39
Plastiblends (I),Chemicals & Petrochemicals,381.52,-22.72,-1.77,-9.37,7.58,10.32,0.05,-0.39,11.78
Platinum Industr,Chemicals & Petrochemicals,1220.1,-13.18,,,14,18.55,0.07,10.32,27.97
Platinumone Bus.,Commercial Services & Supplies,22.94,3.57,-16.04,,9.84,13.72,0.21,14.87,27.64
Plaza Wires,Industrial Products,167.57,-33.01,,,2.36,4.41,0.27,41.97,32.04
PMC Fincorp,Finance,137.43,-18.91,-0.68,9.43,10.1,11.32,0.26,-22.92,18.55
PNB Gilts,Finance,1438.82,0.55,9.91,8.34,16.1,6.8,15.13,4.1,5.93
PNB Housing,Finance,21485.44,8.04,18.47,18.15,12.27,9.46,3.62,13.07,9.56
PNC Infratech,Construction,5304.97,-20.14,-8.68,-5.05,13.89,13.89,0.77,-28.83,12.89
PNGS Gargi FJ,Consumer Durables,850.76,-10.44,95.53,,44.76,57.93,0.06,19.74,27.99
PNGS Reva Diamo.,,1224.04,,,,59.01,,1.1,31.97,20.7
POCL Enterprises,Chemicals & Petrochemicals,591.94,16.04,100.78,92.39,37.51,32.43,0.97,6.23,14.57
Poddar Pigments,Chemicals & Petrochemicals,252.11,-18.16,-3.65,2.94,6.43,8.6,0,-4.65,16.63
Pokarna,Consumer Durables,2811.44,-17.88,44.08,34.57,27.37,28.38,0.34,-17.13,24.67
Polo Queen Ind.,Commercial Services & Supplies,675.86,-80.6,-21.6,78.85,1.24,2.46,0.06,-25.77,236.31
Polson,Chemicals & Petrochemicals,134.1,-11.99,5.51,2.99,3.83,6.16,0.29,-0.6,26.5
Poly Medicure,Healthcare Equipment & Supplies,12731.77,-38.29,7.8,11.85,15.77,20.08,0.08,10.86,36.11
Polycab India,Industrial Products,129630.58,82.68,40.33,44.85,21.44,29.72,0.02,28.51,49.37
Polychem,Chemicals & Petrochemicals,89.56,17.23,36.01,38.46,6.58,10.03,0.03,-7.21,4.8
Polycon Intl.,Industrial Products,11.74,-12.73,18.7,40.46,-54.41,0.11,12.79,-21.11,
Polylink Poly.,Chemicals & Petrochemicals,39.8,-37.06,-3.45,5.72,7.38,10.96,0.24,-2.86,78.04
Polymac Thermof.,Industrial Products,7.93,-11.94,-19.92,,0.38,1.97,0.16,-9.05,
Polymechplast Ma,Industrial Manufacturing,27.38,-2.78,-8.36,6.9,3.55,5.51,0.18,4.5,52.65
Polyplex Corpn,Industrial Products,2663.02,-21.79,-14.72,1.63,5.72,7.16,0.24,1.91,88
Polysil Irrigati,Industrial Products,468.11,1212.3,,,-7.76,1.24,0.46,-52.07,
Polyspin Exports,Industrial Products,29.07,-16.94,-19.54,-10.44,7,10.08,1.3,7.81,4.94
Polytex India,Finance,7.61,-6.78,13.77,27.26,-4.34,-4.04,0.12,,
Pondy Oxides,Diversified Metals,3496.59,98.98,95.33,78.43,13.66,16.88,0.05,35.07,29.46
Ponni Sug.Erode,Agricultural Food & other Products,234.65,-6.73,-14.34,13.11,3.56,5.18,0,24.85,11.92
Poojawes. Metal.,Industrial Products,27.53,2.38,-7.63,0.33,11.66,10.88,1.58,29.38,12.46
Poona Dal & Oil,Agricultural Food & other Products,37.4,5.75,7.46,11.47,2.38,3.29,0,1.18,25.62
Poonawalla Fin,Finance,36965.64,61.68,15.9,30.19,-1.28,4.77,3.64,48.3,105.81
Popees Cares,Textiles & Apparels,7.15,-82.56,59.01,39.5,,,,,
Popular Estate,Construction,21.31,-28.54,,17.28,-0.49,-0.42,0.19,,163.92
Popular Found.,Construction,65.21,19.14,,,11.46,14.92,0.26,13.24,28.23
Popular Vehicles,Automobiles,668.91,-15.52,,,-2.25,4.85,1.76,8.43,
Porwal Auto Comp,Auto Components,80.74,18.45,32.49,24.12,0.19,2.94,0.08,7.8,5.71
Positron Energy,Commercial Services & Supplies,120.96,-48.83,,,38.02,41.81,0.07,174.25,6.71
Power & Instrum.,Electrical Equipment,200.82,-43.86,14.15,31.79,14.53,19.85,0.18,38.6,14.84
Power Fin.Corpn.,Finance,136558.21,13.59,51.26,32.46,21.01,9.73,7.88,14.22,5.41
Power Grid Corpn,Power,277762.53,19.06,22.07,18.5,17,12.78,1.37,4.06,17.89
Power Mech Proj.,Construction,6566.39,15.24,26.61,50.42,16.33,22.93,0.42,23.96,19.39
Powergrid Infra.,Power,8433.87,15.42,-8.29,,15.41,16.05,0.14,-0.9,6.23
PPAP Automotive,Auto Components,304.35,27.86,3.58,-1.9,2.37,5.58,0.65,-0.52,1790.29
Prabha Energy,Oil,2387.08,,,,-0.33,-0.35,0.34,43.8,
Prabhhans Inds,Textiles & Apparels,25.97,-65.26,-18.21,,26.48,26.8,0.96,35.2,14.19
Pradeep Metals,Auto Components,566.37,45.76,23.97,45.73,20.48,20.62,0.46,9.78,20.89
Pradhin,Industrial Products,20.3,-65.52,-37.77,-24.77,8.1,8.64,0.38,-26.87,1.94
Prag Bosimi Syn.,Textiles & Apparels,13.24,-32.06,-0.56,-0.33,,-3.42,,-117.17,
Praj Industries,Industrial Manufacturing,5844.34,-34.91,-3.03,13.89,14.08,17.92,0.16,-6.02,79.13
Prajay Engineers,Realty,147.43,-4.87,21.34,18.29,-5.52,-4.18,0.34,-31.32,
Prakash Industri,Ferrous Metals,2348.84,-7.78,33.52,19.8,11.15,11.24,0.1,-16.17,7.1
Prakash Pipes,Industrial Products,490.47,-48.8,10.47,11.55,20.5,26.83,0.03,-1.8,12.24
Prakash Steelage,Industrial Products,76.48,-34.97,0.54,42.26,15.64,19.63,0.23,7.73,72.15
Prakash Woollen,Textiles & Apparels,23.39,-14.09,-0.93,-1.83,-16.04,-4.25,1.02,-9.65,
Pramara Promotio,Media,503.38,149.83,,,12.1,15.23,0.25,48.42,51.26
Pranik Logistics,Transport Services,52.85,-31.43,,,26.12,24.32,0.94,56.73,7.52
Praruh Tech,IT - Services,78.71,,,,46.11,35.32,0.63,0.73,14.23
Prashant India,Textiles & Apparels,6.08,-4.72,16.8,70,,-13.33,,-46.88,
Prataap Snacks,Food Products,2569.87,-0.4,11.14,9.26,-1.22,-1.35,0.08,0.58,
Pratham EPC,Construction,257.71,-23.68,,,19.86,25.63,0.42,29.12,24.85
Pratik Panels,"Paper, Forest & Jute Products",50.61,27.74,-2.97,15.46,5.56,5.43,0.04,80.36,33.08
Pratiksha Chem.,Chemicals & Petrochemicals,10.56,8.34,-7.41,25.87,,-150.99,0,-58.77,
Praveg,Leisure Services,650.51,-49.26,-18.93,31.16,4.44,6.59,0.24,59.14,
Praxis Home,Retailing,144.75,-42.97,-23.41,-17.97,,-9.63,3.1,-28.87,
Prec. Electronic,Industrial Manufacturing,181.09,36.98,57.13,34.6,-3.98,5.66,5.06,73.52,163.14
Prec. Wires (I),Industrial Products,5708.18,128.91,68.09,68,16.54,26.78,0.19,23.02,43.92
Precision Camshf,Auto Components,1291.81,-18.12,12.72,26.67,3.93,6.19,0.08,-18.13,25.62
Precision Metal.,Auto Components,21.81,-67.74,-34.04,,0.91,3.6,0.49,-71.31,
Precot,Textiles & Apparels,547.38,6.69,50.71,38.36,7.55,12.6,0.81,-5.12,13.74
Prem. Explosives,Chemicals & Petrochemicals,2890.47,61.17,93.51,79.03,12.25,16.88,0.12,-13.24,61.63
Prem. Synthetic,Textiles & Apparels,7.01,-19.73,-6.08,5.93,3.06,3.31,0.3,-37.31,
Premco Global,Textiles & Apparels,138.9,7.08,6.47,6.68,7.51,10.07,0.09,-7.31,13.3
Premier,Industrial Manufacturing,9.08,-14.08,6.15,-3.1,,,,,
Premier Cap Serv,Electrical Equipment,32.09,8.93,17.86,,-1.89,-1.75,0.1,-22.22,
Premier Energies,Electrical Equipment,33113.89,-16.29,,,53.55,41.12,0.47,19.76,24.88
Premier Energy,,32.09,-2.88,,,-0.81,-0.82,0.94,-100,
Premier Polyfilm,Industrial Products,548.33,-19.13,43.79,47.1,24.45,29.86,0,9.6,18.99
Premier Roadline,Transport Services,135.12,-39.07,,,23.82,22.14,0.19,29.18,7.67
Premium Capital,Finance,5.16,46.83,,,,,,130.33,
Premium Plast,Auto Components,64.07,-10.53,,,18.45,23.81,0.17,25.2,8.25
Prerna Infra.,Realty,94.37,-1.69,2,14.85,1.29,2.36,0.2,-50.18,49.93
Press. Senstive,Textiles & Apparels,19.44,-61.81,-49.21,,17.3,22.67,0.01,-68.82,
Presstonic Engi.,Industrial Manufacturing,80.16,-29.95,,,3.41,8.08,0.65,153.86,14.26
Prestige Estates,Realty,60000.72,23.65,50.71,35.64,3.48,7.66,0.92,26.99,61.83
Prevest Denpro,Healthcare Equipment & Supplies,543.2,6.56,12.62,,18.74,25.25,0,17.31,26.37
Pricol Ltd,Auto Components,7347.02,51.51,46.36,53.15,17.6,22.87,0.15,48.04,34.57
Prima Agro,Agricultural Food & other Products,8.89,-24.78,-9.97,-0.15,-4.13,-1.95,0.35,-4.36,6.22
Prima Industries,Agricultural Food & other Products,19.21,-27.73,-1.98,0.86,-7.43,-2.95,0.14,11.37,49.26
Prima Plastics,Consumer Durables,132.78,-10.46,5.55,7.1,10.27,13.1,0.2,11.23,7.12
Prime Cable Ind.,Industrial Products,141.28,,,,69.25,30.49,0.84,70.92,13.42
Prime Capital Ma,Finance,5.91,-26.03,,,6.01,8.29,0.54,2141.46,5.28
Prime Focus,Entertainment,19774.57,167.79,49.22,34.8,-16.7,7.95,3.02,22.25,75.18
Prime Fresh,Agricultural Food & other Products,363.98,103.46,5.54,47.16,13.76,19.01,0.02,38.58,29.59
Prime Industries,Agricultural Food & other Products,78.76,-61.54,89.62,63.09,3.87,,0.6,,19.64
Prime Property,Realty,40.31,-32.18,23.96,16.04,3.4,6.17,0,-100,40.31
Prime Securities,Finance,937.17,34.2,40,47.24,19.46,22.62,0.01,30.19,34.52
Prime Urban,Realty,21.21,-14.22,9.88,-2.43,,64.68,,122.58,9.64
Primo Chemicals,Chemicals & Petrochemicals,453.67,-28.39,-36.7,11.2,0.89,6.65,0.41,13.85,53.19
Prince Pipes,Industrial Products,2789.79,-11.99,-23.6,-8.85,2.73,3.85,0.15,-3.01,64.43
Prism Johnson,Cement & Cement Products,6330.76,10.31,5.78,3.92,-4,2.22,1.16,5.94,866.04
Prism Medico,Finance,17.46,74.8,-2.64,0.49,-0.33,-0.4,0,214.08,28.62
Prismx Global,Commercial Services & Supplies,26.78,-16.44,-33.35,-35.13,1.88,4.32,0,-38.29,14.88
Prit Nandy Comm.,Entertainment,33.97,-20.51,-10.54,5.34,-1.28,-1.72,0.02,-21.43,5.14
Prithvi Exchange,Finance,105.22,-15,23.68,45.29,17.55,23.84,0.05,-6.14,33.19
Priti Internati.,Consumer Durables,61.96,-51.07,-33.36,13.46,6.23,8.58,0,-60.87,39.46
Pritika Auto,Auto Components,219.96,-29.17,-6.19,-7.05,5.73,9.86,0.71,32.08,11.09
Pritika Engineer,Auto Components,160.17,-22.95,57.56,,13.47,11.68,1.56,42.19,20.86
Privi Speci.,Chemicals & Petrochemicals,11873.5,107.4,47.63,35.83,18.36,16.42,0.86,24.53,39.53
Priya,Commercial Services & Supplies,6.38,18.82,4.42,17.16,,,,,
Prizor Viztech,Industrial Manufacturing,368.47,159.72,,,41.01,45.27,0.42,35.18,31.28
Pro CLB,Commercial Services & Supplies,20.9,46.34,73.67,39.91,-7.49,-6.72,0,70.59,
Pro Fin Capital,Commercial Services & Supplies,248.3,87.89,100.48,54.24,5.88,4.58,2.99,150.18,16.51
Pro FX,Consumer Durables,105.02,,,,39.72,51.05,0,17.11,8.58
Prodocs Solution,IT - Services,143.82,,,,40.78,41.88,0.42,-8.01,28.14
Progrex Ventures,Food Products,9.67,23.74,27.14,37.91,-1.89,-1.89,0,,
Prolife Indust.,Chemicals & Petrochemicals,24.63,-72.02,-34.19,1.62,10.83,14.35,0.01,7.27,10.22
Promact Plastics,Industrial Products,7.09,-8.33,50.1,15.71,,25,,-69.88,
Promax Power,Construction,43.25,-42.33,-9.38,,8.1,11.02,0.66,20.56,17.8
PropsharePlatina,,354.62,2.94,,,,,0,,14.92
PropshareTitania,Realty,490.82,,,,10.27,11.48,0,16.27,54.72
Prospect Consum.,Agricultural Food & other Products,37.09,-24.44,,,11.71,14.67,0.46,86.82,11.96
Prostarm Info,Electrical Equipment,861.51,,,,30,29.95,0.06,35.12,26.25
Protean eGov,IT - Services,2396.79,-55.27,,,9.38,11.72,0.07,8.53,25.63
Proventus Agro.,Food Products,414.41,-7.69,,,4.43,6.76,0.19,15.49,45.24
Prozone Realty,Realty,757.51,59.56,28.67,20.99,-7.85,2.83,0.9,10.15,
Pruden. Sugar,Agricultural Food & other Products,56.44,-61.62,,,5.46,7.66,0.41,-43.84,9.82
Prudent Corp.,Capital Markets,9730.16,42.02,40.39,,34.04,44.06,0.04,16.93,45.32
PS IT Infra,Finance,7.15,-49.62,,,-1.26,-0.93,0.26,-90.66,
PSP Projects,Construction,2876.21,16.91,2.23,8.75,5.4,8.7,0.3,6.92,79.7
PTC India,Power,4929.13,19.95,21.63,17.63,12.28,11.51,0.39,-4.9,7.92
PTC India Fin,Finance,1975.02,-1.76,26.47,9.09,8.2,9.93,0.76,-17.14,5.92
PTC Industries,Industrial Products,26890.64,75.76,92.1,107.42,6.07,7.74,0.13,93.07,403.7
PTL Enterprises,Commercial Services & Supplies,508.33,3.56,7.75,13.4,4.29,7.29,0.01,-0.02,12.2
Pudumjee Paper,"Paper, Forest & Jute Products",788.75,-18.23,28.83,26.2,16.74,22.35,0.02,-3.26,8.51
Pulsar Intl.,Commercial Services & Supplies,40.69,-91.81,-8.5,53.91,15.23,15.25,0,102.76,11.86
Pulz Electronics,Consumer Durables,55.72,-47.1,-2.24,51.23,19.97,27.44,0.01,-23.59,14.14
Pun. & Sind Bank,Banks,18909.73,-33.77,-0.12,7.87,7.03,5.98,11.03,12.1,15.59
Pune e,Capital Markets,359.12,59.33,,,12.07,15.22,0.36,-38.55,22.99
Punjab Chemicals,Fertilizers & Agrochemicals,1451.09,58.78,9.59,4.32,12.02,15.28,0.31,14.39,22.66
Punjab Commun.,Telecom -  Equipment & Accessories,65.75,10.24,21.84,19.02,-3.62,-2.82,0,36.14,16.12
Punjab Natl.Bank,Banks,148764.66,48.12,37.17,25.97,15.17,6.32,12.01,8.59,8.36
Puravankara,Realty,4706.95,-17.33,35.52,20.02,-10.05,6.04,2.78,16.2,
Puretrop Fruits,Agricultural Food & other Products,140.63,56.29,20.96,18.32,8.07,-7.35,0.02,-11.3,62.78
Purohit Const.,Realty,6.95,-4.42,38.08,17.17,-13.33,-13.6,0.17,,
Purple Agrotech Industries,Entertainment,4.29,24.62,-10.93,-36.06,3.11,4.76,0.71,,23.83
Purple Finance,Finance,367.33,35.23,,,-24.79,-13.17,0.78,272.73,
Purple United,Textiles & Apparels,291.61,124.78,,,26.89,26.21,0.85,138.18,23.84
Purple Wave Info,Industrial Manufacturing,111.78,,,,71.59,53.7,0.57,40.16,9.78
Purshottam Inves,Finance,27.44,-15.03,23.65,28.62,-0.77,3.03,0.34,-77.98,35.18
Purv Flexi,Industrial Products,116.14,-53.49,,,7.93,11.29,1.46,88.48,12.3
Pushpa Jewellers,Consumer Durables,220.43,,,,47.3,50.45,0.12,10.08,9.21
PVP Ventures,Realty,710.9,14.56,56.66,,-0.65,0.7,0.85,467.85,
PVR Inox,Entertainment,10038,13.08,-12.68,-5.69,-4.18,2.72,1.05,10.98,178.61
PVV Infra Ltd,Construction,67.34,63.73,14,24.42,9.99,12.91,0.1,-8.03,8.87
Pyramid Technopl,Industrial Products,536.84,-12.6,,,11.16,14.03,0.54,18.7,21.13
Qgo Finance,Finance,28.4,-22.12,-2.83,19.03,18.3,14.16,4.52,6.83,8.93
QMS Medical,Healthcare Equipment & Supplies,165.72,-8.85,-20.61,,14.36,16.6,0.55,27.74,14.06
Quadpro ITeS,IT - Services,11.63,-31.34,-24.99,,3.28,4.25,0.05,-24.53,24.74
Quadrant Future,Industrial Products,1173.4,-33.26,,,-11.43,-7.01,0.09,7.9,
Quadrant Tele.,Telecom - Services,23.27,18.75,-23.54,14.87,,,,-12.51,
Qualitek Labs,Commercial Services & Supplies,370.59,41.36,,,7.25,,0.51,,58.9
Quality Foils,Industrial Products,16.67,-23.16,,,1.53,4.19,2.21,11.68,11.66
Quality Power El,Electrical Equipment,6717.5,129.71,,,22.06,26.6,0.08,189.62,62.77
Quality RO Indu.,Industrial Manufacturing,18.17,-44.21,-4.96,,16.24,18.62,0.61,12.22,9.37
Quantum Digital,Industrial Products,6.33,-12.76,2.54,50.19,,,,-100,20.42
Quess Corp,Commercial Services & Supplies,2920.79,-32.98,4.81,-11.83,9.16,9.82,0.11,1.49,12.91
Quest Capital,Capital Markets,261.25,-33.69,12.6,19.49,1.7,2.2,0,102.58,6.52
Quest Flow,Industrial Products,177.46,-55.73,,,9.89,12.82,0.24,-12.4,28.95
Quest Laborato.,Pharmaceuticals & Biotechnology,197.88,-12.02,,,24.57,26.87,0.36,25.93,14.04
Quick Heal Tech,IT - Software,901.98,-43.82,3.3,1.72,0.63,-0.24,0,-5.77,156.59
Quicktouch Tech,IT - Software,43.57,-34.62,,,4.55,6.25,0.14,-81.14,
Quint Digital,Media,185.29,-41.87,-26.46,-24.6,-8.75,-0.57,0.14,33.94,828.77
Quintegra Soln.,IT - Software,3.32,-42.06,9.29,6.62,,-28.57,,,
QVC Exports,Ferrous Metals,25.61,-18.2,,,11.15,11.2,1.17,-19.48,8.86
R C F,Fertilizers & Agrochemicals,6994.33,8.34,8.02,6.84,5.03,7.49,0.56,-2.66,22.53
R G F Capital,Finance,13.5,30.43,,-6.51,0,0.07,0,-51.85,
R K Swamy,Media,503.75,-53.21,,,7.58,9.91,0.15,-1.72,24.89
R M Drip & Sprin,Industrial Products,1761.84,74.28,180.67,95.34,39.7,44.66,0.41,159.28,49.95
R O Jewels,Consumer Durables,7.47,-43.3,-35.04,1.12,1.3,0.91,0.85,33.65,67.91
R R Fin. Cons.,Finance,96.97,535.82,124.01,36.5,5.98,7.63,0.35,71.48,10.91
R R Kabel,Industrial Products,17673.17,75.52,,,15.22,19.77,0.17,25.46,37.8
R R Securities,Commercial Services & Supplies,10.5,-30.73,90.8,72.93,1.73,1.66,0.05,87.5,105
R S Software (I),IT - Software,87.1,-52.19,7.96,6.6,16.47,17.94,0.39,-58.32,
R Systems Intl.,IT - Services,3425.32,-8.9,4.83,19.52,28.74,22.85,0.52,12.43,16.84
R&B Denims,Textiles & Apparels,1536.84,110.54,100.73,82.75,12.33,15.88,0.45,9.7,49.16
Raaj Medisafe,Industrial Products,117.46,15.32,50.65,53.01,32.48,15.02,1.79,66.09,13.72
Raasi Refractor,Industrial Manufacturing,9.21,-16.59,27.85,23.28,,13.63,,53.64,2.04
Race Eco,Other Utilities,197.53,-58.41,-17.25,-15.99,8.3,9.64,0.98,41.21,30.91
Rachana Infra.,Construction,66.79,30.78,-58.62,,4.19,7.15,0.17,18.52,14.94
Rachit Prints,Textiles & Apparels,56.52,,,,51.21,38.57,0.13,11.87,11.78
RACL Geartech,Auto Components,1651.75,92.72,18.57,40.23,12.03,12.54,0.7,4.41,39.67
Raconteur Global,Retailing,7.61,33.33,-20.17,-1.94,0.93,0.91,1.24,,
Radaan Media.,Entertainment,16.9,-19.79,17.98,32.99,,13.57,,-81.35,
Radhagobind Comm,Retailing,4.41,31.33,6.69,29.51,,,,-100,
Radhe Develop.,Realty,99.9,-11.22,-39.55,32.24,2.43,2.63,0.55,66.37,18.5
Radhika Jeweltec,Consumer Durables,781.75,-25.06,28,78.07,20.46,25.78,0.13,2.98,9.97
Radiant Cash,Commercial Services & Supplies,391.83,-39.18,-28,,17.34,26.25,0.47,-0.75,9.97
Radico Khaitan,Beverages,35475.08,27.81,30.99,34.83,13.62,16.24,0.21,26.48,66.87
Radiowalla,Entertainment,36.65,-39.53,,,5.93,13.65,0.07,18.42,49.53
Radix Industries,Personal Products,288.51,13.99,47.75,41.28,13.21,18.76,0.01,13.6,84.11
Raghav Product.,Industrial Products,3243.45,41.6,46.98,62.42,20.51,25.8,0.03,26.47,65.17
Raghunath Intl.,Cigarettes & Tobacco Products,5.75,-19.01,-0.09,21.91,16.97,20.4,0,203.57,4.91
Raghuvansh Agro.,Agricultural Food & other Products,77.46,-36.59,-40.65,-24.28,8.7,9.27,0.22,-30.53,14.73
Raghuvir Synth,Textiles & Apparels,449.89,-13.16,2.3,39.6,29.44,17.71,0.78,4.86,70.08
Rail Vikas,Construction,65959.61,-4.83,75.52,57.69,14.01,14.72,0.52,-0.33,57.52
Railtel Corpn.,Telecom - Services,10066.23,11.56,42.06,16.59,16.46,21.84,0.03,30.48,30.94
Rain Industries,Chemicals & Petrochemicals,4999.51,22.27,-3.67,-1.97,-8.08,4.5,1.39,3.3,
Rainbow Child.,Healthcare Services,12082.49,-4.03,17.87,,17.43,18.69,0.54,8.5,46.9
Rainbow Foundat.,Realty,231.07,19.44,63.37,67.61,10.51,6.64,6.99,36.4,30.93
Raj Oil Mills,Agricultural Food & other Products,65.46,-8.26,0.83,-11.11,,13.71,60.04,26.19,11.97
Raj Packaging,Industrial Products,13.57,6.76,-17.03,9.93,-5.55,-2.9,0.33,9.45,
Raj Rayon Inds.,Textiles & Apparels,1275.1,-3.45,-34.45,158.15,15.29,6.78,1.52,26.74,38.18
Raj Television,Entertainment,203.6,-50.71,-1.75,2.33,-15.68,-12.7,0.2,-41.43,
Raja Bahadur Int,Realty,114.95,3.33,6.76,10.82,-7.52,9.32,24.32,7.52,75.62
Rajapalayam Mill,Textiles & Apparels,745.45,1.14,10.63,2.05,0.71,0.43,0.5,-0.57,9.43
Rajas. Petro Syn,Textiles & Apparels,24.67,251.96,116.59,42.21,,,,4.35,39.16
Rajas. Tube Mfg,Industrial Products,83.94,14.02,133.11,62.37,5.75,11.1,0.07,-70.88,28.94
Rajasthan Cylind,Industrial Manufacturing,11.24,-18.28,-1.87,23.7,-7.09,-8.79,0.02,,
Rajasthan Securities,Petroleum Products,284.43,-38.33,68.38,,-0.49,-0.49,0.26,,13.86
Rajdarshan Inds,Metals & Minerals Trading,12.75,-0.41,5.42,28.51,1.06,0.87,0,-72.4,
Rajesh Exports,Consumer Durables,4246.13,-9.68,-39.73,-22.22,0.61,1.47,0.05,134.99,25.28
Rajesh Power,Other Utilities,1624.9,15.41,,,50.83,54.71,0.26,276.19,13.81
Rajeshwari Cans,Industrial Products,24.13,-92.41,-33.01,,17.42,19.7,0.62,10.88,11.12
Rajeswari Infra.,Realty,2.83,11.3,-10.99,-0.31,,,,-100,
Rajgor Castor,Agricultural Food & other Products,62.18,26.21,,,11.46,17.35,0.59,-3.93,6.97
Rajkamal Synth.,Textiles & Apparels,26.73,-18.04,10.43,46.5,2.66,,0.02,,70.34
Rajkot Inv.Trust,Finance,3.92,2.41,3.68,,3.22,0.74,4.81,-49.37,11.88
Rajnandini Metal,Industrial Products,105.89,-30.49,-34.61,0.91,-3.84,8.11,0.28,-63.59,
Rajnish Retail,Consumer Durables,59.72,-51.15,56.19,84.13,1.69,2.07,0,67.83,
Rajnish Wellness,Pharmaceuticals & Biotechnology,45.69,-54.08,-71.35,20.11,0.2,0.59,0,-34.68,
Rajoo Engineers,Industrial Manufacturing,1116.54,-52.04,87.11,49.1,26.12,32.62,0.05,63.93,18.2
Rajputana Bio.,Chemicals & Petrochemicals,160.01,-4.35,,,21.73,20.82,0.3,14.88,22.47
Rajputana Indu.,Industrial Products,167.72,-11.7,,,17.09,18.08,0.81,69.19,16.17
Rajputana Invest,Finance,10.16,-6.01,17.78,17.08,9.54,12.89,0,33.54,84.67
Rajratan Global,Auto Components,2115.88,23.21,-16.83,27.31,11.14,14.22,0.62,18.44,30.24
Rajshree Polypac,Industrial Products,123.25,-32.22,-14.65,-2.24,8.9,11.01,0.67,6.98,8.48
Rajshree Sugars,Agricultural Food & other Products,91.45,-34.87,-12.64,10.37,3.05,4.42,1.38,-18.83,
Rajvi Logitrade,Transport Services,8.26,,,,32.3,22.83,1.07,186.19,4.35
Rajvir Inds.,Textiles & Apparels,3.06,-47.46,6.69,,,,,-4.59,
Rallis India,Fertilizers & Agrochemicals,5372.2,31.74,11.73,1.44,6.65,10.12,0.03,7.57,29.23
Ram Info,IT - Services,44.14,-19.18,-20.87,11.81,2.74,4.21,0.06,-13.01,20.25
Ram Ratna Wires,Electrical Equipment,2993.7,33,61.77,69.14,14.89,20.17,1.24,24.33,33.76
Rama Paper Mills,"Paper, Forest & Jute Products",11.6,-32.47,-21.7,-3.45,,-83.31,,-93.84,
Rama Petrochem,Finance,17.15,47.33,54.2,30.6,,,,683.33,
Rama Phosphates,Fertilizers & Agrochemicals,449.44,45.54,8.76,11.86,3.77,7.81,0.26,20.02,8.55
Rama Steel Tubes,Industrial Products,1163.23,-29.11,-13.8,47.74,4.62,6.75,0.27,14.47,74
Rama Telecom,Telecom - Services,112.99,,,,42.46,44.56,0.06,12.29,18.74
Rama Vision,Commercial Services & Supplies,142.01,81.6,49.96,81.42,9.65,12.34,0.63,36.31,25.18
Ramasigns Indus.,Commercial Services & Supplies,2.86,-66.44,-33.5,-12.94,-35.19,-14.3,1.14,-78.95,
Ramchandra Leas.,Finance,89.6,294.29,128.12,98.3,0.36,0.34,0,251.43,203.64
Ramco Inds.,Other Construction Materials,2524.48,26.69,28.22,2.84,4.37,3.61,0.04,5.9,9.93
Ramco Systems,IT - Software,1669.09,53.57,26.38,-5.18,-10.87,-5.4,0.15,18.26,38.28
Ramdevbaba Sol.,Agricultural Food & other Products,187.81,-24.98,,,13.38,7.9,2.19,15.02,13.85
Ramgopal Polytex,Commercial Services & Supplies,27.9,283.27,50.89,62.27,-1.67,-1.59,0,-62.75,
Ramkrishna Forg.,Auto Components,9989.27,-14.85,27.32,38.06,14.4,6.84,0.89,-2.27,44.69
Ramky Infra,Construction,3160.61,6.99,18.23,41.45,10.87,16.85,0.3,-14.42,14.14
Ramsons Projects,Finance,33.54,88.18,64.76,58.61,4.7,5.71,0,806.85,4.36
Rana Sugars,Agricultural Food & other Products,170.46,-18.08,-19.21,10.62,5.99,7.67,0.43,7.69,5.16
Rander Corpn.,Finance,12.35,-11.42,12.61,-2.46,-5.65,1.81,0,59.82,
Rane (Madras),Auto Components,2323.18,38.4,24.52,17.98,8.42,11.87,1.16,10.72,26.96
Rane Holdings,Finance,1723.02,0.51,10.95,13.95,8.02,9.64,0.94,46.4,85.02
Ranjeet Mechatr.,Construction,26.2,-30.47,17.87,15.05,3.25,7.47,0.4,55.33,13.37
Ranjit Securitie,Finance,30.1,,,,9.11,10.59,0.03,101.28,51.02
Rap Corp,Realty,19.31,10.76,11.24,32.17,-27.65,-15.04,0.24,,0.45
Rapicut Carbides,Industrial Manufacturing,82.4,78.04,48.69,43.69,-11.76,-6.11,0.33,18.65,47.36
Rapid Fleet,Transport Services,136.06,,,,22.96,24.8,0.24,49.18,18.41
Rapid Invest.,Commercial Services & Supplies,16.12,-39.54,-4.61,,5.33,7.11,0,1.1,29.85
Rapid Multimodal,Transport Services,54.12,153.62,,,23.86,29.59,0,43.27,37.07
Rappid Valves,Industrial Products,133.67,-0.9,,,22.95,24.31,0.28,25.47,19.04
Ras Resorts,Leisure Services,16.85,-20.89,8.88,12.17,1.71,4.19,0.12,-7.81,35.1
Rasandik Engg.,Auto Components,35.43,-32.58,-4.17,-3.1,-2.62,-5.56,0.26,-7.66,
Rashi Peripheral,IT - Hardware,2432.03,41.05,,,12.52,14.19,0.52,3.69,10.02
Rasi Electrodes,Industrial Manufacturing,41.78,-34.22,-0.83,27.97,7.87,10.85,0,-12.23,12.18
Rategain Travel,IT - Software,6252.9,8.03,14.84,,13.27,17.3,0.01,27.7,31.54
Rathi Bars,Industrial Products,40.55,-30.45,4.5,5.89,2.7,5.91,0.88,-1.65,11.33
Rathi Steel,Industrial Products,189.57,-17.2,,,7.67,9.9,0.26,31.62,20.54
Ratnabhumi Dev.,Realty,259.34,76.92,12.87,27.36,15.02,11.27,3.02,-55.68,48.75
Ratnamani Metals,Industrial Products,17214.6,-0.11,4.47,13.8,16.01,21.51,0.06,3.17,28.87
Ratnaveer Precis,Industrial Products,1014.87,11.85,,,15.03,14.3,0.51,23.12,17.5
RattanIndia Ent,Retailing,3965.73,-30.08,-9.49,33.96,9.59,12.69,1.07,5.83,
RattanIndia Pow.,Power,4451.82,-6.96,33.3,23.38,4.96,8.69,0.85,-3.73,32.85
Raunaq Intl.,Construction,16.97,-6.05,21.92,18.58,18.11,15.05,0.32,238.15,9.59
Ravelcare,Personal Products,112.69,,,,66.88,89.71,0,13.24,21.59
Ravi Leela Gran,Other Construction Materials,40.3,8.71,2.18,28.3,-23.28,-0.74,2.73,54.95,6.95
Ravikumar Distll,Beverages,45.82,-16.67,5.41,19.6,0.31,0.33,1.01,-26.76,381.83
Ravinder Heights,Realty,254.56,-22.97,22.02,15.04,-1.23,-1.44,0,13108.77,5
Ravindra Energy,Electrical Equipment,2623.86,32.9,47.61,31.76,10.78,9.53,0.98,368.23,27.71
Raw Edge Indust.,Minerals & Mining,16.81,-38.2,-30.13,-17.19,-4.96,3.07,0.91,-24.02,
Raymond,Realty,2668.28,-10.76,12.64,37.56,0.59,1.64,0.32,30.89,14.07
Raymond Lifestyl,Textiles & Apparels,5364.93,-18.96,,,0.67,2.87,0.26,3.75,55.17
Raymond Realty,Realty,2799.09,,,,72.31,16.38,0.42,16140.8,19.19
RBL Bank,Banks,19756.96,101.94,25.68,6.26,4.57,6.04,8.32,1.35,29.87
RBM Infracon,Commercial Services & Supplies,348.4,6.25,64.3,,24.75,32.8,0.21,148.02,7.49
RBZ Jewellers Lt,Consumer Durables,502.48,-18.06,,,17.15,20.39,0.55,21.97,9.72
RDB Infrastruc.,Realty,936.43,-21.36,127.84,85.5,6.09,6.75,0.11,1.83,100.05
RDB Rasayans,Industrial Products,303.01,53.96,28.52,21.69,13.08,17.77,0,-19.35,8.59
RDB Real Estate,Realty,438.43,316.94,,,1.31,4.21,3.1,94.85,
Readymix Cons.,Construction,93.15,29.18,,,23.39,30.21,0.11,5,7.81
Real Eco-Energy,Petroleum Products,47,-20.2,-11.58,36.55,11.88,6.69,0,980.65,37.9
Real Touch Fin,Finance,56.06,-34.51,3.8,39.64,10.37,10.16,2.88,35.61,11.44
REC Ltd,Finance,92110.18,-2.91,44.87,27.4,21.51,9.96,6.18,12.19,5.34
Redington,Commercial Services & Supplies,21924.86,25.02,18.19,24.95,14.39,18.9,0.29,17.9,15.64
Redtape,Consumer Durables,6489.41,-18.96,,,23.55,21.67,1.08,11,30.59
Refex Industries,Chemicals & Petrochemicals,3026.31,-43.63,62.12,65.58,18.91,20.89,0.14,-3.13,16.07
Refex Renewables,Construction,119.47,-56.33,-10.66,29.05,,4.64,,2.24,
Refractory Shap.,Industrial Products,84.91,-52.64,,,18.54,16.82,0.42,55.1,11.47
Regaal Resources,Agricultural Food & other Products,748.24,,,,25.21,16.15,1.09,52.52,13.54
Regal Entertain.,Finance,8.61,,70.59,23.84,26,28.93,0.08,88.24,172.2
Reganto Enterprises,IT - Hardware,156.54,-59.44,35.2,72.53,114.15,117.18,0.15,338.16,2.84
Regency Ceramics,Consumer Durables,111.05,-5.98,27.74,111.18,,-43.47,,359.73,1009.55
Regency Fincorp,Finance,212.49,-7.7,53.68,34.84,6.17,8.15,0.76,90.85,17.04
Regent Enterp.,Commercial Services & Supplies,20.41,-4.54,16.28,16.69,8.76,13.59,0.04,35.19,4.91
Regis Industries,Finance,63.5,-63.17,-0.27,,-0.68,-0.68,0,-79.53,30.24
Rekvina Labs,Pharmaceuticals & Biotechnology,16.36,,,45.44,,,,,
Rel. Chemotex,Textiles & Apparels,92.28,-25.12,-9.99,9.71,2.97,6.81,1.8,-5.98,17.25
Rel. Indl. Infra,Transport Services,1061.83,-10.74,-5.77,11.77,2.57,2.92,0,-3.96,85.84
Relaxo Footwear,Consumer Durables,8665.55,-18.52,-23.47,-16.12,8.31,11.22,0.1,-6.88,51.64
Reliable Data,Finance,141.58,86.27,36.45,41.72,17.19,16.61,0.69,75.57,12.97
Reliable Ventur.,Leisure Services,22.57,1.08,28.11,21.35,-2.21,-2.11,0,-100,
Reliance Communi,Telecom - Services,237.84,-50.86,-21.82,-13.25,,,,-12.09,
Reliance Home,Finance,103.8,-30.07,-9.63,-3.06,,-432.21,,-64.52,
Reliance Industries,Petroleum Products,1886290.84,16.15,9.04,7.65,8.4,9.69,0.43,9.01,24.58
Reliance Infra.,Power,3693.21,-57.36,-12.67,22.44,37.52,34.01,0.34,-14.99,0.74
Reliance Power,Power,9913.44,-27.93,33.83,40.04,-1.08,6.15,0.92,1.43,35.07
Relic Tech.,Finance,37.76,37.12,52.08,37.5,-17.99,-15.87,0.16,41.27,
Relicab Cable,Electrical Equipment,36.63,-53.94,-20.42,9.02,13.44,20.34,0.75,42.69,24.26
Religare Enterp.,Finance,7052.95,-5.74,11.61,19.06,5.15,8.39,0.11,11.65,68.61
Remedium Life,Commercial Services & Supplies,59.98,-91.27,-54.93,-11.18,4.85,,10.34,,28.16
Remi Edelstahl,Industrial Products,165.38,85.22,52.16,49.64,5.9,7.63,0.67,-2.35,80.67
Remsons Ind,Auto Components,389.56,-7.53,37.57,30.31,12.19,14.38,0.77,26.5,21.58
Remus Pharma.,Pharmaceuticals & Biotechnology,788.35,-37.77,,,14,19.64,0.05,63.46,23.53
Renaiss. Global,Consumer Durables,1271.81,-7.29,10.98,14.45,6.02,7.39,0.49,21.44,13.86
Renol Polychem,Chemicals & Petrochemicals,112.01,,,,45.41,46.09,0.01,865.89,21.62
Repco Home Fin,Finance,2382.65,15.23,25.12,2.6,14.39,10.97,3.18,5.78,5.17
Repono,Oil,61.68,,,,44.22,47.51,0.13,50.22,10.82
Repro India,Printing & Publication,571.16,-9.03,1.12,1.56,-0.51,1.56,0.35,1.6,
Resgen,Petroleum Products,122.7,-21.64,,,14.89,19.68,0,37.86,15.02
Resonance Speci.,Chemicals & Petrochemicals,112.63,22.28,-0.72,-7.16,11.65,15.4,0.04,28.59,12.7
Resourceful Auto,Automobiles,9.8,-34.92,,,12.44,13.43,0.73,-0.91,4.54
Response Info.,IT - Software,21.08,-30.66,-9.36,26.51,18.3,17.05,0.09,-20.85,14.35
Responsive Ind,Consumer Durables,4653.12,-11.48,12.1,0.05,16.02,15.83,0.14,1.43,25.8
Restaurant Brand,Leisure Services,3703.81,-0.36,-12.26,-14.79,-28.17,-3.01,2.23,9.26,
Restile Ceramics,Consumer Durables,64.77,27.71,25.93,23.43,,-12.98,,251.16,
Retaggio Indust.,Consumer Durables,57.97,,,,12.26,12.6,0.35,187.07,11.15
Retina Paints,Consumer Durables,91.49,1.38,,,4.62,8.06,0.31,84.91,79.56
Retro Green,Agricultural Food & other Products,5.74,-73.65,-46.57,-42.96,0.19,0.24,0.01,8,
Revathi Equip,Industrial Manufacturing,188.31,-40.84,,,17.37,25.71,0.42,-36.03,21.09
Revati Media,Commercial Services & Supplies,3.17,69.89,,,-27.18,-10.79,2.47,-100,
Rex Pipes&Cables,Industrial Products,190.89,180.17,68.66,,15.25,16.14,0.85,-19.35,34.77
Rex Sealing,Industrial Products,39.98,-3.36,7.23,,11.71,12.91,0.36,-0.85,28.16
Rexnord Electr.,Industrial Manufacturing,84.8,-23.55,-11.74,14.6,6.48,9.32,0.29,16.55,38.9
Rexpro Enter.,Consumer Durables,55.47,-44.29,,,22.56,28.34,0.13,17.77,9.23
Rhetan TMT Ltd,Industrial Products,2072.67,95.86,25.5,,3.39,4.47,0.42,-53.8,242.13
RHI Magnesita,Industrial Products,8975.58,10.97,-12.48,13.6,5.19,7.06,0.1,8.27,52.38
Riba Textiles,Textiles & Apparels,70.85,14.21,29.66,7.16,9.42,11.05,0.74,-7.96,9.85
Rich Universe,Finance,5.61,-35.45,16.62,2.03,-4.01,-3.3,0.25,,
Richa Info,IT - Hardware,90.33,16.35,-14.76,,9.23,12.1,0.08,403.52,8.69
Richfield Fin,Finance,22.59,-14.31,,,1.53,6.66,4.97,189.76,35.86
Rico Auto Inds,Auto Components,1788.94,108.61,22.18,24.81,3.48,7.5,0.92,5.87,31.01
Riddhi Corporate,IT - Services,74.8,5.01,-42.85,-17.6,21.65,13.65,0.59,84.46,7.74
Riddhi Display,Consumer Durables,33.02,,,,60.55,40.47,0.8,32.71,6.47
Riddhi Siddhi Gl,Commercial Services & Supplies,351.53,-7.15,12.42,14.8,-0.95,4.88,0.14,61.09,12.97
Riddhi Steel,Industrial Products,325.81,150.31,105.93,94.84,12.72,11.58,2.02,47.12,31.63
Rikhav Securitie,Capital Markets,166.3,-40.43,,,12.91,16.68,0.02,196.53,
RIR Power Electr,Electrical Equipment,1386.15,1.5,78.32,115.14,8.6,10.51,0.1,22.1,151.82
Risa Internatio.,Commercial Services & Supplies,8.13,-43.96,0,2.53,-1052.63,-331.09,,,
Rish.Digh.Steel,Industrial Products,19.05,-15.83,20.44,11.07,0.61,0.87,0.01,,20.93
Rishabh Instrum.,Electrical Equipment,1607.84,98.93,,,3.87,5.43,0.15,6.6,23.6
Rishabh Sp. Yarn,Textiles & Apparels,25.68,-20.36,10.67,,-93.62,-36.67,7.43,,
Rishi Laser,Industrial Manufacturing,100.17,5.06,59.64,61.12,14.25,14.69,0.33,7.11,13.5
Rishi Techtex,Industrial Products,29.56,-12.64,24.56,14.58,6.97,10.42,0.7,16.74,9.54
Rishiroop,Industrial Products,84.84,-22.88,-3.8,3.47,8,10.89,0,-7.95,8.54
Rita Finance and,Finance,18,5.88,-12.45,,3.79,4.62,0.11,68.92,21.95
Ritco Logistics,Transport Services,628.67,-16.77,17.33,65.86,16.72,14.74,1.07,32.53,14.81
Rite Zone,Chemicals & Petrochemicals,8.04,-31.28,-36.02,,6.08,7.73,0.09,-21.5,17.48
Rites,Construction,10280.6,4.58,8.53,10.56,14.66,21.82,0,0.75,24.89
Ritesh Intl.,Chemicals & Petrochemicals,55.28,122.9,7.88,26.3,16.27,17.76,0.44,34.42,11.06
RKD Agri,Agricultural Food & other Products,25.08,-2.05,,,-2.6,-2.22,0.39,-10.64,
RKEC Projects,Construction,111.42,-34.92,-10.03,-7.67,11.22,14.11,0.92,-38.6,11.75
RLF,Textiles & Apparels,10.54,7.65,14.01,18.16,-1.26,0.22,0.13,-1.33,
RMC Switchgears,Electrical Equipment,434.55,-40.23,39.39,114.25,37.54,37.19,0.59,113.95,10.69
RNFI Services,Finance,682.65,5.17,,,25.18,29.45,0.27,7.34,26.32
RNIT AI Solution,Auto Components,423,,,,,62.69,0.13,133.72,38.14
Roadstar Infra,Transport Infrastructure,2732.86,,,,0.14,4.83,0.88,64.07,
Robust Hotels,Leisure Services,335.06,-6.91,,,2.95,5.12,,9.73,12.3
Rockingdeals Cir,Commercial Services & Supplies,159.51,-51.62,,,14.4,19.49,0.21,51.15,21.7
Rodium Realty,Realty,58.62,3.83,58.84,22.29,16.81,7.47,5.29,30.65,5.77
Rolcon Engg. Co.,Industrial Products,48.34,-47.24,26.43,,17.16,18.33,0,-7.1,11.19
Rolex Rings,Auto Components,3663.15,-4.92,-10.06,,19.05,22.81,0,-5.52,18.53
Rollatainers,Industrial Products,35.27,-7.24,16.14,-16.63,,-10.82,,,
Roni Households,Commercial Services & Supplies,52.87,39.39,13.75,9.09,3.98,4.38,0.23,-44.8,66.92
Roopa Industries,Pharmaceuticals & Biotechnology,36,-23.51,-2.87,38.14,12.07,11.96,1.98,12.62,18.65
Rose Merc.,Commercial Services & Supplies,41.71,-5.68,19.1,,-1.93,32.01,0.02,1499.76,13.68
Roselabs Finance,Finance,19.73,-40.07,9.08,-2.81,,-175.76,,68.42,
Rossari Biotech,Chemicals & Petrochemicals,2748.4,-16.6,-7,-13.61,12.22,15.8,0.28,16.09,19.96
Rossell India,Agricultural Food & other Products,181.7,-16.41,-12.82,9.82,10.85,10.47,0.35,18.68,10.2
Rossell Techsys,Aerospace & Defense,2730.17,169.79,,,6.08,8.18,1.87,88.93,124.27
Roto Pumps,Industrial Products,1074.14,-12.68,6.55,38.09,15.97,19.03,0.13,-4.88,33.66
Rotographics (I),Commercial Services & Supplies,151.37,110.42,60.86,58.27,4.18,6.22,0,113.16,149.87
Route Mobile,Telecom - Services,3200.24,-48.17,-27.61,-21.54,14.48,17.74,0.01,0.78,10.37
ROX Hi-Tech,IT - Services,76.96,-45.45,,,18.04,,0.45,,2.61
Royal Arc Ele.,Industrial Products,176.49,37.07,,,16.45,22.18,0.07,1.98,16.73
Royal Cush. Vin.,Consumer Durables,70.51,-34.7,16.78,22.45,,9.81,,-9.72,
Royal India Corp,Consumer Durables,36.45,-74.48,-11.11,26.08,,,0.07,,3.27
Royal Orch.Hotel,Leisure Services,993.89,3.26,15.95,39.87,22.41,17.36,2.82,15.8,26.59
Royal Sense,Healthcare Equipment & Supplies,92.02,-28.2,,,27.55,35.18,0.19,152.47,11.47
Royale Manor,Leisure Services,61.36,-21.07,5.1,16.77,5.22,7.49,0.17,0.53,23.24
RPG LifeScience.,Pharmaceuticals & Biotechnology,3100.07,-10.32,30.03,35.05,25.53,32.8,0,5.71,29.51
RPP Infra Proj.,Construction,381.51,-34.16,22.5,8.96,13.88,20.09,0.18,-7.22,10.23
RPSG Ventures,Commercial Services & Supplies,2256.33,-12.75,17.14,17.34,-2.02,11.33,2.41,20.36,
RR Metalmakers,Metals & Minerals Trading,25.84,-28.97,0.16,5.45,19.89,23.02,1.48,-16.82,
RRIL,Textiles & Apparels,212.37,3.73,9.02,5.63,6.7,8.61,0.07,15.21,27.44
RRP Defense,Commercial Services & Supplies,1150.39,2985.17,264.4,169.67,87.02,82.72,0,0.71,460.16
RRPSemiconductor,Finance,13670.73,2264.91,,,208.63,80.21,1.56,-103.16,
RSC Internl.,Textiles & Apparels,21.15,110.65,90.98,53.68,-325,-167.74,0.5,-93.59,
RSD Finance,Finance,111.17,-26.92,0.8,13.08,6.45,11.15,0.01,-44.58,6.85
RSWM Ltd,Textiles & Apparels,707.66,13.17,-2.37,7.97,-3.19,2.59,1.16,-1.53,25.37
RTCL,Realty,16.97,-18.27,1.58,21.68,2.26,2.28,0.05,-72.8,8.66
RTS Power Corpn.,Electrical Equipment,111.08,-30.17,-3.89,23.66,2.33,4.3,0.22,-9.62,41.14
Rubfila Intl.,Industrial Products,355.34,-3.51,-0.67,1.46,9.3,12.63,0,10.88,13.8
Rubicon Research,Pharmaceuticals & Biotechnology,12856.29,,,,28.88,26.05,0.88,50.4,76.33
Ruby Mills,Textiles & Apparels,601.02,-0.82,1.69,14.87,5.66,5.54,0.61,33.51,12.39
Ruchi Infrastr.,Commercial Services & Supplies,135.48,-28.78,-13.92,-3.19,0.85,2.89,0.44,-0.98,12.9
Ruchira Papers,"Paper, Forest & Jute Products",327.28,-4.97,0.43,12.45,15.29,18.71,0.38,-4.42,6.17
Rudra Ecovation,Textiles & Apparels,286.39,-43.98,75.76,50.48,-5.73,-3.03,0.01,3.04,
Rudra Gas,Construction,52.61,-26.24,,,22.71,23.2,0.84,54.05,7.56
Rudra Global,Industrial Products,198.08,-36.24,-7.4,11.84,9.65,12.25,1.73,15,14.54
Rudrabhish. Ent.,Construction,158.34,-58.21,-16.06,-13.63,9.87,14.92,0.15,-9.09,40.39
Rukmani Devi Gar,Food Products,89.65,,,,26.45,19.13,0.87,33.81,11.84
Rulka,Construction,39.39,-44.24,,,9.53,12.25,0.31,61.92,13.87
Rungta Irrigatn.,Industrial Products,111.18,-11.65,0.83,39.27,6.91,9.95,0.33,-6.36,29.57
Rupa & Co,Textiles & Apparels,1100.86,-27.38,-16.5,-14.73,8.39,10.92,0.25,0.72,15.99
Ruparel Food,Food Products,41.92,-20,-1.42,50.27,-2.83,-2.83,0,201.47,
Rushil Decor,Consumer Durables,520.23,-30.31,-15.26,1.42,7.96,10.13,0.44,-4.62,56.73
S & S Power Swit,Electrical Equipment,373.39,13,105.23,71.57,-8.99,2.73,,46.83,46.27
S & T Corporatio,Textiles & Apparels,14.01,-35.77,-57.03,37.05,0.54,0.39,0,900,
S A I L,Ferrous Metals,68446.93,57.79,24.8,16.15,4.54,6.76,0.58,8.1,22.6
S A Tech Soft.,IT - Software,61.43,-24.84,,,29.17,29.91,0.76,38.43,27.18
S C I,Transport Services,12272.43,80.53,41.81,26.97,10.53,9.81,0.33,-1.78,10.83
S Chand & Compan,Printing & Publication,537.62,-10.08,-6.02,9.01,6.37,9.45,0.15,5.38,10.83
S D Retail,Textiles & Apparels,159.14,-15.88,,,11.3,12.21,0.23,1.14,17.26
S H Kelkar & Co.,Chemicals & Petrochemicals,2046.27,-10.68,10.09,4.65,7.7,10.29,0.67,10.45,22.04
S I Cap. & Fin.,Commercial Services & Supplies,20.15,-17.97,0.08,10.34,4.15,8.26,1.07,51.53,43.8
S I Paper Mills,"Paper, Forest & Jute Products",171.84,6.76,-8.29,3.04,-5.19,1.4,0.8,13.16,44.06
S J Logistics (I,Transport Services,476.3,-36.65,,,31.86,36.55,0.32,42.73,7.75
S K Internation.,Consumer Durables,24.99,,50.49,18.64,-2.89,-2.65,0,-61.31,12.56
S P Apparels,Textiles & Apparels,1775.18,4.21,30.14,31.32,11.69,14.25,0.45,24.93,15.64
S P Capital Fin.,Commercial Services & Supplies,34.92,35.12,52.07,29.02,3.66,4.33,3.62,199.54,5.52
S P I C,Fertilizers & Agrochemicals,1415.5,-7.32,5.14,17.23,13.85,16.9,0.35,27.24,7.03
S T C,Commercial Services & Supplies,699.9,6.41,17.8,2.03,,,,,15.71
S V Global Mill,Realty,234.17,25.24,37.26,34.02,0.58,1.48,0,-29.98,40.17
S. V. J. Enterp.,"Paper, Forest & Jute Products",265.6,134.45,,,3.42,5.76,0.3,-10.86,915.86
S.A.L Steel,Ferrous Metals,680.26,157.9,40.34,66.7,-5.62,7.05,6.05,-44.93,
S.M. Gold,Consumer Durables,18.29,-12.48,-6.26,-10.64,2.1,3.33,0.69,4.49,20.55
Saakshi Medtech,Electrical Equipment,319.57,20.75,,,4.92,6.09,0.23,1.19,40.5
Saatvik Green,Electrical Equipment,4664.12,,,,94.06,52.33,0.52,98.39,11.9
SAB Events,Media,17.75,281.31,67.54,61.31,,-200,,-0.51,
SAB Industries,Construction,167.77,-28.38,11.18,29.32,-5.43,-3.19,0.15,-42.13,
Sabar Flex India,Industrial Products,9.4,-28.29,-27.83,,2.03,5.91,0.67,-27.4,
Saboo Sodium,Food Products,56.54,-29.07,-8.25,14.02,0.6,3.86,0.41,3.3,514
Sabrimala Indus.,Commercial Services & Supplies,11.94,48.11,50.11,26.08,6.86,9.24,0,-100,24.88
Sacheerome,Chemicals & Petrochemicals,869.07,,,,29.59,38.62,0,26.37,36.39
Sacheta Metals,Non - Ferrous Metals,49,-7.33,3.26,0.1,4.12,6.03,0.4,3.78,21.68
Sadbhav Engg.,Construction,183.58,-15.75,-1.66,-31.87,,9.98,,-18.68,
Sadbhav Infra.,Construction,114.12,-32.08,-5.18,-32.31,,14.01,,13.87,3.69
Sadhana Nitro,Chemicals & Petrochemicals,581.08,-71.09,-54.47,-10.69,2.98,5.88,1.02,-50.16,
Sadhav Shipping,Transport Services,162.04,5.22,,,12.63,13.45,0.93,6.95,14.25
Safa Systems,Commercial Services & Supplies,46.16,-32.9,29.55,,10.6,8.39,1.07,-38.26,17.75
Safari Inds.,Consumer Durables,8805.19,-15.86,20.61,40.75,15.79,18.67,0.11,16.25,52.44
Safe Enterprises,Consumer Durables,1116.18,,,,77.55,96.45,0,37.06,20.12
Safecure Service,Other Consumer Services,35.24,,,,33.88,27.38,0.79,16.35,4.9
Saffron Industri,"Paper, Forest & Jute Products",22.02,258.48,81.81,48.18,,86.9,,-29.01,5.65
Sagar Cements,Cement & Cement Products,2521.22,7.58,-2.57,6.67,-10.29,-2.19,0.98,9.22,
Sagardeep Alloys,Industrial Products,40.85,-23.99,-0.14,-11.59,4.22,7.56,0.45,15.05,21.39
SagarSoft (India,IT - Software,56.25,-44.13,-14.72,2.11,8.57,11.28,0.1,9.93,
Sagility,IT - Services,18514.65,-7.72,,,7.38,9.58,0.14,27.48,21.19
Sahaj Fashions,Textiles & Apparels,6.39,-53.37,,,3.51,8.27,1.07,3.63,6.8
Sahaj Solar,Electrical Equipment,268.17,-45.54,,,37.78,31.6,0.8,43.85,10.14
Sahana Systems,IT - Services,891.53,-20.73,,,30.52,42.14,0.07,134.79,14.12
Sahara Housing,Finance,27.62,-0.98,-3.66,0.8,1.25,4.04,0.44,-18.97,58.77
Sahara Maritime,Transport Services,5.19,-64.04,,,2.02,3.44,0.05,53.88,10.38
Sahasra Electro.,Industrial Products,634.82,-21.58,,,1.24,,0.25,,869.62
Sahyadri Industr,Other Construction Materials,274.06,7.87,-7.73,-3.19,5.27,7.12,0.09,4.61,11.85
Sai Capital,Commercial Services & Supplies,49.31,-25.1,19.24,,3.03,4.59,0.06,44.44,3.29
Sai Life,Pharmaceuticals & Biotechnology,21139.75,44.69,,,11.05,14.05,0.18,39.61,62.33
Sai Silks,Retailing,1732.12,-16.78,,,7.78,12.37,0.25,14.8,14.22
Saianand Commer.,Commercial Services & Supplies,6.36,-20,-15.86,,0.9,0.97,0.06,-88.75,10.6
Sailani Tours N,Leisure Services,8.07,26.57,-17.24,,2.59,4.93,0.32,34.44,33.62
Sainik Finance,Cement & Cement Products,40.33,1.98,14.2,11.3,15.15,11.76,2.47,15.02,7.21
Saint-Gob. Sekur,Auto Components,903.81,-4.89,3.86,7.86,14.47,20.03,0.01,14.98,21.17
Saj Hotels,Leisure Services,70.63,-35.96,,,3.81,5.55,0.17,17.88,25.05
Sakar Healthcare,Pharmaceuticals & Biotechnology,1100.48,104.89,29.12,39.17,6.48,8.54,0.24,35.49,43.64
Saksoft,IT - Software,1877.85,-15.55,7.05,38.27,18.94,24.04,0.07,19.12,14.33
Sakthi Finance,Finance,155.1,-48.99,-9.13,9.25,7.44,10.48,5.45,-1.07,9.56
Sakthi Sugars,Agricultural Food & other Products,190.4,-22.98,-7.28,10.33,23.73,11.78,4.76,1.47,12.1
Sakuma Exports,Commercial Services & Supplies,286.89,-31.97,-10,12.4,1.91,2.79,0.06,-16.2,38.3
SAL Automotive,Auto Components,99.65,-16.57,16.64,19.67,13.19,15.45,0.6,9.51,21.52
Salasar Exterior,Construction,40.15,-68.8,-47.72,24.96,5.98,4.49,0.68,496.23,35.22
Salasar Techno,Industrial Manufacturing,1382.63,-12.5,-2.6,16.16,4.1,10.96,0.43,16.95,66.5
Salem Erode Inv.,Finance,37.8,-25.34,-7.96,70.77,-21.72,-6.67,0.06,-5.38,
Salguti Industri,Industrial Products,20.7,-37.4,3.1,33.31,1.78,7.15,4.14,25.57,59.14
Salona Cotspin,Textiles & Apparels,139.45,10.49,4.16,23.94,3.86,7.41,2.78,-7.29,13945
Salora Intl.,Commercial Services & Supplies,26.4,-31.31,-5.93,0.32,-2.39,-0.56,0.38,-22.36,
Salzer Electron.,Electrical Equipment,1164.14,-27.5,36.19,40.06,10.57,12.84,0.86,21.26,22.33
Sam Industries,Realty,47,-31.63,-9.43,27.1,3.66,4.96,0.41,50.24,10.54
Samay Project,Construction,70.61,,,,22.72,29.78,0.04,-8.91,15.62
Sambandam Spg.,Textiles & Apparels,41.75,-28.57,-11,3.12,-8.64,0.84,1.46,-1.46,
Sambhaav Media,Media,143.52,7.75,35.78,22.25,0.37,1.64,0.11,-5.79,
Sambhv Steel,Industrial Products,2943.47,,,,12.41,13.92,0.22,61.8,28.31
Sameera Agro,Agricultural Food & other Products,58.06,-21.43,,,11.72,15.58,0.07,31.65,4.89
Samhi Hotels,Leisure Services,3594.6,13.07,,,9.62,9.43,0.97,12.78,23.17
Samkrg Pistons,Auto Components,115.53,-14.16,-6,-5.73,3.08,7.35,0.29,16.51,16.27
Sammaan Capital,Finance,12422.54,35.79,17.26,-5.43,-8.66,3.65,2.04,0.74,9.7
Samor Reality,Realty,153.68,16.72,43.99,,-0.84,4.62,0.36,-100,
Sampann Utpadan,Industrial Products,145.99,2.64,31.51,49.54,-28.89,-1.51,2.23,61.8,19.41
Sampat Aluminium,Industrial Products,46.65,,,,38.83,28.6,0.33,-9.74,5.84
Sampre Nutrition,Food Products,208.45,150.74,2.98,36.5,-12.7,-7.13,0.17,62.88,
Samrat Forgings,Industrial Products,101,-33.77,10.75,13.86,14.77,11.88,2.31,13.83,24.75
Samrat Pharma,Pharmaceuticals & Biotechnology,64.7,-41.98,-24.96,6.57,10.07,13.21,0.15,-2.75,
Samsrita Labs,Healthcare Services,39.43,-3.56,-11.12,-12.97,-2.31,-1.8,0.11,,
Samtel (India),Consumer Durables,10.17,,,,-5.25,-2.01,0.1,,
Samtex Fashion,Textiles & Apparels,10.88,-42.06,-16.63,-1.06,,-0.12,,-100,
Samvardh. Mothe.,Auto Components,140732.94,68.66,34.94,9.6,12.16,13.66,0.53,8.71,39.92
Samyak Internati,Commercial Services & Supplies,13.14,-56.55,-8.86,1.57,-0.55,2.97,0.09,-13.92,
Sanathan Textile,Textiles & Apparels,3455.5,36.15,,,10.15,10.39,0.78,11.63,34.75
Sanathnagar Ent.,Realty,11.86,10.96,15.4,37,,1.03,,-100,40.9
Sanblue Corp.,Textiles & Apparels,21.3,-27.07,15,28.77,0.6,0.73,0,184.29,88.75
Sanchay Finvest,Commercial Services & Supplies,12.56,30.5,,,-11.59,-0.94,0,-126.32,
Sanco Industries,Industrial Products,2.89,-25.84,-34.46,-28.53,,-0.79,,,
Sanco Trans,Transport Services,132.84,5.59,0.36,27.38,1.03,2.55,0.07,28.39,25.21
Sancode Tech.,IT - Services,90.9,328.79,,,8.63,7.07,0.25,60.39,81.89
Sandesh,Media,746.33,-13.01,4.02,7.23,5.91,7.57,0,-0.07,6.6
Sandhar Tech,Auto Components,3049.26,47.29,32.01,16.93,12.75,12.32,0.78,20.35,17.21
Sandu Pharma.,Pharmaceuticals & Biotechnology,33.81,-27.73,-15.41,2.13,3.75,5.47,0.01,-2.28,16.49
Sandur Manganese,Consumable Fuels,10503.75,67.54,58,59.09,18.64,20.78,0.64,107.07,17.46
Sangal Papers,"Paper, Forest & Jute Products",24.89,1.6,5.91,19.49,7.05,9.85,0.59,4,13.24
Sangam Finserv,Finance,186.45,-21.65,60.69,38.18,5.07,7.4,0.21,-16.24,32.54
Sangam India,Textiles & Apparels,2346.77,46.55,29.05,44.55,3.04,6.63,1.2,7.94,35.36
Sangani Hospital,Healthcare Services,62.96,-31.69,,,7.44,9.91,0.03,79.02,33.31
Sanghi Industrie,Cement & Cement Products,1541.43,14.99,1.21,6.53,-46.07,-3.91,5.93,24.2,
Sanghvi Brands,Leisure Services,11.44,-22.57,-26.8,-2,20.1,21.89,0,26.25,8.47
Sanghvi Movers,Commercial Services & Supplies,2261.37,24.2,13.79,38.29,11.53,,0.41,,12.89
Sanginita Chemi.,Chemicals & Petrochemicals,36.83,36.34,-4.7,-7.55,1.28,4.19,0.47,-21.27,
Sanjiv.Parant.,Pharmaceuticals & Biotechnology,236.04,-29.11,73.74,77.19,24.58,30.21,0.15,11.81,28.86
Sanmit Infra,Petroleum Products,110.92,-30.63,-53.17,-6.81,4.31,7.56,0.47,-4.75,58.07
Sanmitra Commerc,Commercial Services & Supplies,159.32,,,,-7.67,-5.58,0.36,,549.38
Sanofi Consumer,Pharmaceuticals & Biotechnology,10339.14,-1.39,,,113.29,152.07,0.06,21.24,43.99
Sanofi India,Pharmaceuticals & Biotechnology,9131.63,-20.88,3.59,-4.86,43.04,57.53,0.02,-8.73,26.36
Sanrhea Tech.,Textiles & Apparels,78.15,17.69,27.83,66.45,19.86,22.79,0.4,8.56,15.79
Sansera Enginee.,Auto Components,14574.17,109.39,46.62,,10.5,13.38,0.15,10.06,53.25
Sanstar,Agricultural Food & other Products,1567.85,-8.45,,,9.63,11.76,0.03,-19.28,80.49
Santosh Fin Fab,Textiles & Apparels,10.83,-6.17,23.18,26.46,0,5.83,1.09,21.06,83.31
Sanwaria Consum.,Food Products,16.19,-47.62,-28.43,-24.55,,-1.65,,,
Sapphire Foods,Leisure Services,6565.53,-34.15,-6.37,,2.03,5.76,0.99,8.64,
Saptak Chem &,Commercial Services & Supplies,6.35,1815.21,220.36,,,-66.67,,,
Saptarishi Agro,Agricultural Food & other Products,153.1,79.35,34.98,31.65,24.75,16.28,2.22,104.22,64.33
Sar Auto Prod.,Auto Components,983.92,1.98,29.55,53.04,2.46,2.52,1.09,-38.1,8199.33
Sar Televenture,Telecom - Services,997.5,-0.84,,,10.09,9.28,0,181.9,14.89
Saraswati Commer,Finance,1097.68,6.63,55.57,59.51,6.47,8.32,0.05,-15.61,12.81
Saraswati Saree,Textiles & Apparels,242.94,-38.37,,,25.19,28.58,0.05,5.65,8.96
Sarda Energy,Ferrous Metals,19437.35,21.62,70.07,71.11,13.44,15.27,0.38,32.2,18.53
Sarda Proteins,Agricultural Food & other Products,11.74,-42.79,9.04,,0.42,0.84,0.07,-36.08,
Saregama India,Entertainment,6420.56,-24.96,1.81,26.33,12.51,17.2,0,-21.41,33.21
Sarla Performanc,Textiles & Apparels,702.18,14.22,30.31,26.03,13.88,14.92,0.33,-7.76,11.86
Saroja Pharma In,Chemicals & Petrochemicals,13.45,-28.83,,,6.79,12.57,0.65,93.63,10.59
Sarthak Global,Commercial Services & Supplies,11.71,102.96,58.78,,1.79,6.43,4.13,-57.42,22.96
Sarthak Industri,Commercial Services & Supplies,28.67,5.18,-7.04,29.62,6.87,11.05,0.33,167.92,11.11
Sarthak Metals,Industrial Products,95.79,-48.46,-25.96,18.46,3.48,5.84,0,-11.26,25.27
Sarup Industries,Consumer Durables,52.6,120.05,71.39,52.03,,5.25,,11.1,72.05
Sarveshwar Foods,Agricultural Food & other Products,470.88,-36.96,13.54,51.41,10.5,13.14,0.57,26.98,14.25
Sarvottam Finve.,Finance,15.64,7.31,-2,,-2.36,-2.18,0.01,-29.67,223.43
Sashwat Technoc,Other Construction Materials,9.07,33.81,39.18,,-4.44,-4.32,0,,
Sasken Technol.,IT - Services,1738.7,-28.54,9.82,6.18,5.97,7.41,0.03,81.12,41.01
Sastasundar Ven.,Healthcare Services,901.03,29.78,5.67,17.19,4.63,-1.33,0.01,8.8,34.74
Sat Kartar,Pharmaceuticals & Biotechnology,276.64,18.24,,,32.04,39.66,0.04,16.55,20.08
Satani Bearings,Industrial Manufacturing,599.1,225.03,105.14,114.35,-126.67,-126.67,0,,
Satchmo Holdings,Commercial Services & Supplies,50.75,-1.69,9.37,18.17,,,,-30.85,
Sathlokhar Sys.,Construction,950.04,-14.52,,,40.17,53.42,0.18,47.9,13.66
Sati Poly,Industrial Products,23.5,-65.84,,,104.28,39.33,0.85,29.3,1.94
Satia Industries,"Paper, Forest & Jute Products",662.4,-5.8,-17.07,-4.53,11.89,10.3,0.28,-5.62,9.39
Satiate Agri,Pharmaceuticals & Biotechnology,6.47,,,,-2600,-46.05,,69600,
Satin Creditcare,Finance,1709.21,6.02,4.73,10.3,7.53,11.87,3.68,9.53,8.9
Sattrix Infor.,IT - Services,250.68,246.31,,,16.13,23.63,0.09,34.95,44.29
Sattva Eng.,Other Utilities,83.85,,,,26.6,28.63,0.33,21.73,7.24
Sattva Sukun,Retailing,26.85,-78.4,-2.7,-2.39,10.75,13.79,0.02,395.01,16.99
Saumya Cons,Finance,87.68,-36.25,14.08,19.89,8.1,7.69,0,-72.05,
Saurashtra Cem.,Cement & Cement Products,729.38,-14.57,8.63,1.04,0.23,1.86,0.07,9.02,24.76
Saven Tech.,IT - Services,40.36,-18.64,-2.08,2.84,13.48,17.99,0,26.68,12.89
Savera Industrie,Leisure Services,181.51,23.25,33.47,28.81,14.38,17.18,0.09,25.74,12.93
Savita Oil Tech,Petroleum Products,2599.47,-0.35,14.89,11.88,6.1,9.84,0,9.59,14.6
Savy Infra,Construction,277.9,,,,76.1,61.88,0.31,178.95,8.49
Sawaca Enterpri.,Commercial Services & Supplies,26.31,-19.3,-56.74,-2.79,-20.02,5.12,0.01,-55.15,
Sawaliya Food,Agricultural Food & other Products,305.93,,,,75.86,44.37,0.38,46.07,43.96
Sayaji (Indore),Leisure Services,277.53,30.71,,,18.54,18.91,1.23,2.91,22.62
Sayaji Hot. Pune,Leisure Services,250.74,16.59,,,22.95,30.79,0,4.74,12.91
Sayaji Hotels,Leisure Services,492.26,6.14,-3.86,7.58,1.31,5.91,1.12,13.9,
Sayaji Industr,Agricultural Food & other Products,235.1,47.18,31.66,21.59,-40.77,-7.62,3.5,2.76,
SBC Exports,Textiles & Apparels,1535.24,143.69,65.36,102.36,24.45,16.98,2.82,31.05,51.09
SBEC Sugar,Agricultural Food & other Products,137.39,-26.73,-4.58,35.98,,12.4,,-9.38,
SBEC Systems,Commercial Services & Supplies,18.69,-1.11,-11.3,,,50.83,,4.14,16.11
SBFC Finance,Finance,10299.61,5.46,,,11.58,11.55,1.8,29.59,24.38
SBI,Banks,1109243.32,74.46,30.82,24.93,17.2,6.47,10.9,6.22,13.68
SBI Cards,Finance,73691.5,-7.68,1,-6.75,14.82,10.4,3.33,10.67,35.23
SBI Life Insuran,Insurance,204334.58,42.41,22.14,18.38,15.13,16.88,0,0.96,82.42
SBL Infratech,Realty,3.34,-13.2,-21.32,,4.84,4.62,0.05,158.85,15.18
SC Agrotech,Food Products,270.31,98.72,48.33,92.66,-53.93,-53.93,0.03,6476.47,122.87
Scan Projects,Cement & Cement Products,28.68,-15.13,148.43,,9.93,13.35,0.01,22.89,29.27
Scan Steels,Ferrous Metals,181.32,-15.86,-3.03,9.79,4.32,6.39,0.24,-0.89,11.01
Scarnose Inter.,Textiles & Apparels,23.94,-27.55,12.77,,1.97,2.59,0,4.35,104.09
Schaeffler India,Auto Components,68104.64,42.33,12.14,33.37,22.22,29.79,0.01,16.33,56.93
Schneider Elect.,Electrical Equipment,21673.22,48.1,76.77,51.56,73.96,40.9,0.8,14.53,82.83
Scintilla Comm,Finance,13.72,116.11,50.66,10.4,0.3,0.47,0.08,10.94,
Scoda Tubes,Industrial Products,816.08,,,,29.66,20.35,0.55,6.69,20.74
Scoobee Garments,Textiles & Apparels,116.41,-29.52,-9.77,-9.24,9.79,5.55,15.04,49.92,
SDC Techmedia,Entertainment,12.27,119.26,24.69,,17.41,11.8,12.18,1.88,
Sea TV Network,Entertainment,4.71,-46.96,4.65,21.84,,,,-14.77,6.93
Sealmatic India,Industrial Products,387.05,8.49,21.88,,16.73,21.99,0.04,42.01,24.25
SEAMEC Ltd,Transport Services,3347.2,40.76,30.26,22.11,7.93,8.6,0.38,19.81,17.54
Seasons Textiles,Textiles & Apparels,13.48,7.85,16.75,24.33,-0.97,3.47,0.55,-16.99,
Secmark Consult.,IT - Software,134.24,43.64,10.21,41.84,23.26,22.26,0,19.46,66.79
SecureKloud Tech,IT - Services,75.17,5.44,-19.82,-23.64,-495.46,-17.55,,-50.97,
Sedemac Mechatro,,7058.09,,,,21.95,24.03,0.21,24.07,150.46
Sejal Glass,Industrial Products,639.03,68.61,28.54,155.98,32.53,13.53,4.1,54.75,30.14
SEL Mfg. Co,Textiles & Apparels,99.17,13.07,-49.3,79.64,,-12.62,,-72.52,
Sellowrap Indus.,Auto Components,92.09,,,,21.55,20.85,0.5,18.09,8.16
Sellwin Traders,Commercial Services & Supplies,149.6,98.44,25.28,24.38,6.28,8.25,0.08,-5.95,21.59
Semac Construct,Construction,75.33,-36.81,-33.31,-7.35,-7.84,-1.53,0.66,93.62,22.16
Senco Gold,Consumer Durables,5193.96,8,,,9.83,10.39,1.13,28.98,10.71
Senores Pharma.,Pharmaceuticals & Biotechnology,3522.64,40.39,,,11.82,11.4,0.3,52.28,34.67
Senthil Infotek,IT - Software,18.09,65.37,31.65,51.42,-2.69,-2.69,0,-25,
SEPC,Construction,1411.87,-40.48,-16.67,13.36,2.55,6.08,0.19,43.14,28
SER Industries,Transport Services,73.23,,,,-165.96,-157.45,0,375,348.71
Sera Investments,Finance,238.26,14.87,-17.92,23.51,1.48,2.29,0,120.33,10.27
Service Care Ltd,Commercial Services & Supplies,69.31,-20,,,5.01,5.12,0.03,-5.08,32.24
Servotech Renew,Electrical Equipment,1706.49,-32.63,58.57,107.8,18.95,20.81,0.63,-4.94,52.72
Seshaasai Tech.,Financial Technology (Fintech),3927.84,,,,41.45,36.54,0.26,-6.16,17.51
Seshachal Tech.,IT - Software,6.38,,,,12.79,13.93,0,12.58,638
Seshasayee Paper,"Paper, Forest & Jute Products",1714.57,-0.82,2.8,10.86,5.6,7.04,0.04,-9.52,20.52
Setco Automotive,Auto Components,226.33,3.17,25.79,-0.33,,21.06,,12.61,
Setubandhan Inf.,Construction,5.03,-31.03,-27.51,-12.94,0.06,0.39,,-79.47,
Seya Industries,Chemicals & Petrochemicals,31.41,-42.73,-23.4,-25.37,-0.77,-0.51,0.94,-176.98,
SG Finserve,Finance,2178.79,13.35,-5.85,179.14,8.89,6.83,1.72,61.12,19.96
SG Mart,Metals & Minerals Trading,5817.42,38.92,191.71,145.38,9.01,11.33,0.17,9.91,56.63
SGL Resources,IT - Services,68.02,-41.94,-20.18,-20.59,1.03,1.64,0.08,-13.89,78.18
SGN Telecoms,Electrical Equipment,5.66,-15.66,15.87,7.39,-45.78,-43.37,0,,
Sh. Ajit Pulp,"Paper, Forest & Jute Products",239.1,33.1,13.89,12.42,3.96,7.43,1.05,48.82,9.78
Sh. Bajrang All.,Industrial Products,145.26,-0.83,-8,9.48,10.25,0.97,0.23,-44.14,4.01
Sh. Digvijay Cem,Cement & Cement Products,1027.1,0.22,1.98,3.2,6.77,8.73,0.39,3.28,29.01
Sh. Dinesh Mills,Textiles & Apparels,127.83,-19.1,-23.93,-7.73,3.46,5.87,0.03,-14.66,8.63
Sh. Ganesh Elas.,Commercial Services & Supplies,7.29,-38.57,-8.15,18.8,-30.79,-26.44,0.13,-86.06,
Sh. Hari Chem.,Chemicals & Petrochemicals,59.78,-21.09,33.67,8.82,19.54,17.66,0.63,28.61,18.74
Sh. Jagdamba Pol,Industrial Products,529.77,-15.48,1.34,3.8,17.73,22.49,0.03,-7.84,11.63
Sh. Karthik Pap.,"Paper, Forest & Jute Products",13.19,-22.91,-0.95,23.31,11.05,3.65,7.7,4.1,
Sh. Krish. Infr.,Realty,11.94,-84.02,-34.72,7.93,0.26,0.43,0,-25.56,
Sh. Krishna Pap.,"Paper, Forest & Jute Products",155.36,144.52,77.49,51.7,3.37,8.72,0.89,45.87,51.44
Sh. Rajas. Synt.,Textiles & Apparels,53.77,14.48,38.39,28.97,-119.51,-30.2,,33.03,
Sh. Rajiv. Oil,Agricultural Food & other Products,13.34,-3.44,,,-2.54,-2.44,0.08,,95.29
Sh. Rama Multi.,Industrial Products,721.93,47.1,82.7,50.18,40.38,15.34,0.13,21.04,12.74
Sh. Steel Wire,Industrial Products,6.42,-43.77,-13.33,-1.99,-1.87,-2.47,0,-47.59,
Sh.Pushkar Chem.,Chemicals & Petrochemicals,1027.21,10.87,23.39,17.93,11.45,11.64,0.27,25.75,13.92
Sh.Renuka Sugar,Agricultural Food & other Products,5174.36,-11.63,-18.53,19.09,,10.64,,-18.98,
Shadowfax Technologies,Transport Services,7003.51,,,,2.25,4.38,0.98,31.85,201.08
Shah Alloys,Industrial Products,130.38,36.56,9.11,54.83,-1108.43,-25.75,,-81.51,
Shah Foods,Food Products,9.26,5.97,72.63,33.87,,20.18,,54.36,154.33
Shah Metacorp,Industrial Products,434.64,47.45,22.06,19.32,8.72,7.63,0.21,3.43,56.45
Shahi Shipping,Transport Services,21.14,-16.53,47.25,20.34,-87.39,-30.97,4.4,-31.9,
Shahlon Silk,Textiles & Apparels,206.02,65.26,19.94,4.4,3.2,9.57,1.19,-33.59,54.65
Shaily Engineer.,Industrial Products,8961.7,28.41,108.79,59.76,15.28,16.97,0.34,29.07,63.04
Shakti Press,Printing & Publication,9.35,-3.7,,,0.45,3.9,0.7,34.72,13.55
Shakti Pumps,Industrial Products,6359.93,-36.21,94.24,41.68,42.64,55.31,0.38,1.83,19.3
Shalby,Healthcare Services,1672.32,-18.34,6.93,7.78,0.62,6.12,0.53,4.93,207.48
Shalibhadra Fin.,Finance,257.58,-38.87,32.74,35.88,12.75,15.03,0.25,8.12,13.72
Shalimar Paints,Consumer Durables,463.84,-48.61,-27.93,-9.88,-22.64,-12.8,0.67,5.61,
Shalimar Prod.,Entertainment,48.23,0,0,-4.6,-0.69,-0.67,0.01,-80.95,
Shalimar Wires,Textiles & Apparels,78.46,-10.44,20.91,27.72,5.51,12.1,2.31,8.01,19.52
Shamrock Indl.,Commercial Services & Supplies,11.06,36.07,60.79,,-7.78,-7.78,0,,
Shangar Decor,Commercial Services & Supplies,12.73,-72.92,-14.09,-36.95,2.5,4.06,0.01,-21.14,
Shankar Lal Ram.,Chemicals & Petrochemicals,274.42,-31.82,-30.52,46.58,10.94,14.08,0.15,16.17,24.48
Shankara Building,Retailing,262.38,-20.07,-14.29,-0.46,9.29,16.76,0.14,-40.06,10.42
Shankara Buildpro,Retailing,2349.88,,,,,,0.19,,27.08
Shanmuga Hos.,Healthcare Services,56.45,-0.79,,,14.81,17.2,0.18,2.88,14.78
Shantai Indust.,Industrial Manufacturing,29.26,290.49,91.56,43.1,4.13,3.68,0.05,8.18,
Shanthala FMCG,Cigarettes & Tobacco Products,21.74,23.15,,,4.36,5.98,0.02,8.79,17.12
Shanthi Gears,Industrial Manufacturing,3452.98,6.12,8.84,27.41,25.65,34.87,0,-11.28,41.11
Shanti Educat.,Other Consumer Services,3201.49,130.95,52.64,69.53,10.48,14.11,0.09,19.05,721.06
Shanti Gold,Consumer Durables,1499.45,,,,44.85,26.19,0.34,55.52,11.74
Shanti Guru Inds,Retailing,9.92,-8.62,5.47,,-1.16,-1.15,0,,
Shanti Overseas,Agricultural Food & other Products,7.71,-37.31,-24.3,-21.65,-21.91,-25.29,0.38,-63.42,3.95
Shanti Spintex,Textiles & Apparels,110.03,0.25,,,11.06,13.88,0.02,3.09,15.09
Shantidoot Infra,Realty,54.22,-1.13,56.55,,65.11,86.13,0.01,201.9,10.72
Sharanam Infra,Commercial Services & Supplies,16.04,-70.97,-29.79,,13.8,13.46,0.02,2025,3.16
Sharat Industrie,Food Products,600.96,91.28,61.56,52.19,9.02,11.88,0.79,42.72,36.69
Sharda Cropchem,Fertilizers & Agrochemicals,10748.87,140.42,35.68,29.31,12.62,16.5,0,32.28,19
Sharda Ispat,Industrial Products,86.61,-40.19,40.1,24.24,13.7,14.04,0.57,-23.91,30.39
Sharda Motor,Auto Components,5350.4,18.62,46.18,33.76,26.54,34.6,0.04,13.79,16.55
Shardul Sec.,Capital Markets,262.39,-30.93,16.64,22.21,4.8,6.61,0.25,-121.42,
Share India Sec.,Capital Markets,2879.31,-30.03,-15.05,23.38,14.27,19.01,0.17,-20.79,12.05
Share Samadhan,Finance,58.61,-33.65,,,13.65,21.95,0.01,28.88,22.29
Sharika Enterpr.,Commercial Services & Supplies,49.8,-39.51,25.06,3.19,0.24,4.53,0.93,-23.34,
Sharma E I Hosp.,Healthcare Services,32.42,42.44,,,9.36,12.77,0.4,34.06,27.24
Sharp Chucks and,Industrial Products,157.45,37.63,,,10.95,13.06,1.32,0.58,17.44
Sharp India,Consumer Durables,119.17,-27.04,-4.44,5.38,,-1695.92,,,
Sharp Investment,Finance,9.44,-44.29,-31.44,1.06,0,0,0,-25,
Sharpline Broadc,Media,33.1,32.11,18.65,,5.33,7.2,1.31,70.75,3.8
Sharvaya Metals,Industrial Products,140.42,,,,82.28,65.49,0.22,57.61,8.02
Shashank Traders,Commercial Services & Supplies,9.56,15.74,,13.71,-5.74,-2.54,1.33,-100,
Shashijit Infra.,Construction,24.2,-43.56,-22.99,-9.55,-24.94,-12.28,0.57,-7.51,
Shashwat Furnis.,Consumer Durables,21.04,130.57,49.34,,13.44,,0.38,,84.16
Shayona Eng.,Industrial Products,54.47,,,,35.54,29.66,1.4,51.51,22.05
Sheel Bio.,Commercial Services & Supplies,121.71,,,,13.27,14.48,0.32,7.11,8.48
Sheela Foam,Consumer Durables,5951.92,-23.18,-21.74,-11.42,2.02,3.52,0.41,5.41,62.94
Sheetal Cool,Food Products,327.81,5.81,-15.83,15.17,14.88,15.66,0.63,4.4,20.91
Sheetal Univer.,Agricultural Food & other Products,277.18,219.83,,,23.79,26.15,0.56,-26.18,29.12
Shekhawati Inds,Textiles & Apparels,44.81,-44.16,37.51,23.64,60.41,57.34,0.01,-74.11,11.17
Shelter Infra,Construction,5.3,23.67,14.37,12.6,6.09,1.91,2.65,-5.04,132.5
Shelter Pharma,Pharmaceuticals & Biotechnology,59.29,-17.59,,,18.44,24.48,0.02,33.77,7.23
Shemaroo Entert.,Entertainment,276.4,-6.58,-5.66,8.29,-16.58,-9.31,0.78,-4.68,
Shentracon Chem.,Chemicals & Petrochemicals,26.48,,,,,-8.49,,,331
Shera Energy,Industrial Products,290.83,-18.18,22.3,,13.69,17.22,1.24,33.31,11.58
Shervani Indl Sy,Realty,102.89,9.28,5.23,10.42,2.96,1.51,0.38,-62.71,48.76
Sheshadri Indus.,Textiles & Apparels,7.24,6.1,-4.25,20.53,,55.37,,-10.87,1.51
Shetron,Industrial Products,98.1,-17.7,21.57,42.2,5.35,11.47,0.69,6.01,29.82
Shigan Quantum,Auto Components,124.4,-16.16,-9.29,,10.36,13.63,0.61,11.44,18.27
Shikhar Cons.,Finance,9.52,,,,-4.8,-3.27,0.56,,
Shilchar Tech.,Electrical Equipment,4616.12,9.68,107.7,125,52.93,71.3,0,47.4,24.93
Shilp Gravures,Industrial Products,110.48,-18.17,25.51,15.04,1.7,2.28,0.08,7.11,13.11
Shilpa Medicare,Pharmaceuticals & Biotechnology,6584.26,10.36,37.2,12.93,4.21,7.82,0.24,14.8,37.22
Shine Fashions,Textiles & Apparels,62.01,-44,62.69,47.83,41.91,47.55,0.27,33.99,7.01
Shining Tools,Industrial Manufacturing,33.1,,,,28.82,28.36,1.02,39.89,18.39
Shipping Land,Finance,2133.83,1.3,,,-6.09,2.09,0,28.71,
Shipwaves Online,Transport Services,61.13,,,,56.08,35.35,1.3,11.96,5.36
Shish Industries,Industrial Products,551.92,66.09,23.78,77.08,10.36,9.88,0.45,26.59,67.89
Shiv Aum Steels,Commercial Services & Supplies,376.73,10.8,13.39,39.73,8.79,10.85,0.63,1.01,63.85
Shiv Texchem,Chemicals & Petrochemicals,267.64,-55.72,,,18.3,14.46,1.15,36.92,3.8
Shiva Cement,Cement & Cement Products,542.21,-41.15,-26.7,-1.37,,-2.97,39.62,20.26,
Shiva Global,Fertilizers & Agrochemicals,35.26,-11.13,-25.26,1.31,-3.34,0.87,0.37,-20.39,167.9
Shiva Granito,Other Construction Materials,19.23,-17.38,15.31,42.23,0.1,2.25,0.22,41.07,1923
Shiva Mills,Textiles & Apparels,48.57,-21.43,-11.58,5.55,-4.24,-3.08,0.07,-18.39,
Shiva Suitings,Commercial Services & Supplies,3.28,-0.24,,,2.43,3.41,0,-36.94,
Shiva Texyarn,Textiles & Apparels,206.13,-17.42,11.22,2.8,9.52,9.31,0.73,15.88,13.21
Shivagrico Impl.,Industrial Manufacturing,12.39,-15.53,9.39,34.99,3.01,5.81,1.99,11.84,25.81
Shivalic Power,Electrical Equipment,181.23,-49.05,,,16.12,19.39,0.04,6.73,16.3
Shivalik Bimetal,Industrial Products,2584.99,10.5,2.53,51.64,20.6,25.57,0.11,7.35,28.24
Shivalik Rasayan,Fertilizers & Agrochemicals,454.16,-60.11,-24.06,-17.97,3.2,5.51,0.17,6.69,39.56
Shivam Autotech,Auto Components,257.6,-36.46,-7.37,0.43,-110.51,3.35,192.05,-13.17,
Shivam Chemicals,Food Products,172.42,111.24,,,8.28,11.38,0.63,47.91,49.55
Shivamshree Busi,Food Products,13.16,4.82,,,-18.63,-22.02,0.23,100.98,
Shivansh Finserv,Finance,4.9,54.53,34.17,57.5,-2.74,2.51,0.86,364.29,11.14
Shivashrit Foods,Food Products,242.25,,,,42.67,27.31,0.69,37.35,18.16
Shlokka Dyes,Chemicals & Petrochemicals,48.68,,,,44.57,29.14,0.99,68.42,7.32
Shoora Designs,Consumer Durables,24.4,-12.76,,,0.51,0.25,0.05,40.19,81.33
Shoppers Stop,Retailing,3345.92,-41.92,-22.1,7.4,3.39,7.96,11.56,6.24,
Shraddha Prime,Realty,698.74,65.19,185.91,149.19,36.9,16.3,2.28,168.01,18.34
Shradha AI Tech,IT - Software,171.03,-40.09,,,13.3,17.45,0.01,5.87,17.38
Shradha Realty,Realty,306.01,-28.01,31.43,31.14,12.73,9.54,1.15,23.03,14.61
Shree Bhavya,Textiles & Apparels,23.59,-1.15,18.96,37.19,6.73,10.6,1.68,-10.5,9.4
Shree Cement,Cement & Cement Products,94080.55,-4.43,-0.32,-1.21,5.29,6.71,0.1,6.38,52.49
Shree Ganesh Bio,Pharmaceuticals & Biotechnology,25.11,-34.37,-18.88,-36.39,0.44,0.62,0.02,-75.31,
Shree Ganesh Rem,Pharmaceuticals & Biotechnology,657.54,-27.16,25.97,21.1,17.01,19.21,0.24,-17.25,36.31
Shree Hanuman Sg,Agricultural Food & other Products,8.12,-23.25,-3.79,,-0.27,-0.2,0.37,,
Shree Karni,Textiles & Apparels,303.68,-29.08,,,18.77,14.23,0.79,29.17,18.51
Shree Marutinand,Industrial Products,20.85,-51.21,,,13.88,17.46,0.21,33.54,6.56
Shree Metalloys,Finance,22.77,10.06,17.76,13.89,13.58,17.27,0.46,-0.38,16.38
Shree OSFM,Transport Services,119.84,-22.59,,,15.95,19.67,0.16,11.67,11.48
Shree Pacetronix,Healthcare Equipment & Supplies,45.93,71.61,4.86,69.06,5.59,9.12,0.32,7.15,18.52
Shree Precoated,Industrial Products,5.56,-6.81,-10.79,17.35,,,,0,
Shree Ram Prote.,Agricultural Food & other Products,11.78,-43.88,-63.28,-39.61,-7.11,1.31,1.97,-100,
Shree Ram Twist.,,415.74,,,,11.32,11.95,0.75,10.13,52.16
Shree Rama News.,"Paper, Forest & Jute Products",524.29,14.39,42.24,19.56,-73.31,1.87,,-21.03,
Shree Refrigerat,Industrial Manufacturing,636.18,,,,15.03,17.83,0.13,23.01,103.28
Shree Salasar,Finance,197.83,,,,5.58,2.81,1.27,237.7,14.36
Shree Securities,Finance,15.96,-31.03,-48.45,,7.3,5.98,0,-4.23,24.18
Shree Tirupati,Industrial Products,531.22,-45.15,55.04,66.08,16.94,15.53,1.03,3.91,58.06
Shree TirupatiBa,Industrial Products,223.75,-47.43,,,10.88,13.21,0.72,-7.51,17.2
Shree Vasu Logis,Transport Services,641.23,42.34,62.51,53.56,6.58,16.63,2.37,48.44,182.69
Shreeji Global,Agricultural Food & other Products,261.63,,,,51.74,37.4,0.79,10.32,15.63
Shreeji Ship. Gl,Transport Services,6494.74,,,,37.95,33.65,0.3,-16.88,40.19
Shreeji Translog,Transport Services,55.63,-35.23,-46.26,0.8,0.99,4.63,0.79,-2.97,20.99
Shreenath Paper,Commercial Services & Supplies,25.65,,,,9.1,11.74,0.5,-44.8,9.57
Shreeoswal Seeds,Agricultural Food & other Products,119.55,1.08,-41.3,19.69,8.41,9.88,0.97,-17.27,21.12
Shreeshay Engi.,Construction,33.81,24.93,-13.85,,0.59,0.92,0,-89.31,281.75
Shreevatsaa Fin.,Commercial Services & Supplies,26.77,-26.08,39.79,41.03,2,2.44,0,3.3,52.49
Shrem InvIT,Construction,6056.52,-13.03,-1.89,,17.29,11.25,1.27,14.27,7.03
Shrenik,"Paper, Forest & Jute Products",26.93,-33.33,-27.4,-30.69,,,,53.79,20.72
Shreyans Inds.,"Paper, Forest & Jute Products",211.57,-15.54,0.39,12.86,12.63,16.33,0.13,4.79,5.97
Shreyas Interm.,Chemicals & Petrochemicals,51.01,-14.49,2.28,1.36,-12.06,-6.34,0.49,,
Shri Ahimsa,Food Products,567.03,,,,18.55,24.38,0,22.86,20.94
Shri Balaji,Industrial Manufacturing,65.2,-32.09,,,15.82,15.16,0.48,3.81,8.5
Shri Gang Indus,Beverages,173.13,-30.63,9.29,,,42.66,6.77,7.18,11.35
Shri Hare-Krish.,Ferrous Metals,82.52,,,,13.34,16.05,0.19,-2.19,9.11
Shri Kanha Stain,Industrial Products,39.74,,,,62.49,88.66,0.49,11.83,6.86
Shri Keshav,Cement & Cement Products,266.37,0.36,7.66,35.42,-6.21,5.25,2.41,28.09,
Shri Krishna,Realty,108.67,17.25,23.71,19.39,5.85,7.14,0.43,10.11,18.42
SHRI NIWAS L& F.,Finance,44.84,-0.09,4.53,17.42,,-55664.59,,251.06,0.04
Shri Techtex,Industrial Products,152.2,-3.17,,,15.61,21.64,0.11,6.75,11.64
Shri Vasuprada,Agricultural Food & other Products,86.99,-10.26,11.97,6.86,-4.16,0.92,0.58,33.06,
Shri Venkatesh,Agricultural Food & other Products,555.08,18.09,37.05,,20.7,14.57,2.11,59.19,21.97
Shricon Indus.,Realty,23.63,3.03,81.74,,-1.65,-1.64,0,592.16,13.2
Shringar House,Consumer Durables,2258.15,,,,36.18,31.55,0.3,29.8,23.35
Shriram AMC,Capital Markets,498.2,-21.39,17.49,35.01,-23.49,-23.16,0,47.88,
Shriram Finance,Finance,203092.15,74.86,64.08,32.26,15.57,10.95,3.87,18.05,22.2
Shriram Pistons,Auto Components,13729.89,68.69,76.22,51.54,23.2,25.7,0.2,16.81,24.46
Shriram Properti,Realty,1354.14,15.89,6.96,,5.81,9.73,0.51,44.06,19.33
Shristi Infra,Realty,66.87,-21.17,9.71,-14.49,,1.16,,562.87,
Shrydus Indust.,Finance,9.57,-58.41,-52.78,15.57,29.25,24.54,0,-99.52,
Shubham Polyspin,Textiles & Apparels,74.78,206,41.49,8.02,4.4,6.78,0.51,1.7,92.32
Shubhlaxmi Jewel,Consumer Durables,31.23,10.92,-12.86,15.87,4.07,7.98,0.49,-18.49,11.97
Shubhshree Bio.,Industrial Products,163.55,-8.14,,,26.73,,0.28,,20.22
Shukra Bullions,Commercial Services & Supplies,14.91,0.13,59.82,6.2,1.87,2.81,0.01,71.7,
Shukra Jewellery,Consumer Durables,10.04,-46.3,29.59,-10.03,0.76,0.51,0,-25.79,18.25
Shukra Pharma.,Pharmaceuticals & Biotechnology,1805.81,75.49,214.16,184.83,15.9,21.8,0.06,110.83,61.93
Shyam Century,Ferrous Metals,108.63,-35.68,-34.11,-1.24,-5.73,-5.67,0.01,-66.28,
Shyam Dhani Ind.,Food Products,157.3,,,,41.22,24.36,1.73,15.86,19.49
Shyam Metalics,Industrial Products,24013.71,20.94,45.86,,8.99,12.05,0.1,19.43,24.76
Shyam Telecom,Commercial Services & Supplies,11.06,-20.89,3.49,-1.07,,,,,
Shyama Computro.,Pharmaceuticals & Biotechnology,3.82,-5,,,0.8,1,0,16.67,20.11
Shyamkamal Inv,Finance,17.25,-2.07,41.4,-8.57,8.98,6.88,1.6,275,9.75
Sibar Auto Parts,Auto Components,12.53,-25.54,1.26,-1,-2.35,0.69,0.05,23.98,
Sicagen India,Commercial Services & Supplies,208.77,-14.21,17.71,28.69,3.41,5.57,0.32,10,11.73
Sical Logistics,Transport Services,1351.75,-15.57,116.05,35.66,-395.57,-1.29,238.91,95.55,
Siddha Ventures,Finance,3.83,-48.38,-7.05,23.93,-90.31,-90.31,0,-68.15,
Siddhes. Garment,Commercial Services & Supplies,7.43,21.96,,,0,0,0,,743
Siddhi Cotspin,Textiles & Apparels,70.78,,,,17.94,15.57,0.37,24.73,5.72
Siddhika Coatins,Consumer Durables,131.3,29.89,36.94,,23.51,31.1,0,16.06,15.37
Siemens,Electrical Equipment,121743.36,28.94,22.32,25.59,11.81,15.83,0.01,10.2,74.44
Siemens Ener.Ind,Electrical Equipment,104375.36,,,,29.1,38.99,0.03,64.44,85.57
Sigachi Indust.,Pharmaceuticals & Biotechnology,771.49,-47.01,-7.39,,13.5,15.54,0.29,4.3,19.21
Sigma Advanced System,Telecom - Services,2817.37,181.05,79.37,76.97,-18.47,8.74,0.01,762.82,19.67
Sigma Solve,IT - Services,430.94,61.89,28.24,87.69,47.61,58.79,0.05,37.28,17.01
SignatureGlobal,Realty,13907.75,-5.3,,,14.72,5.42,3.56,-24.81,4189.08
Signet Industrie,Commercial Services & Supplies,137.77,-3.07,8.59,5.04,6.88,13.72,1.74,14.04,6.56
Signoria Creatio,Textiles & Apparels,37.99,-1.42,,,16.97,16.78,0.61,64.09,10.7
Signpost India,Media,1346.46,10.9,,,16.66,15.41,0.83,17.73,26.97
Sihora Indust.,Textiles & Apparels,33.3,,,,43.24,36.04,1,134.46,19.82
Sika Interplant,Aerospace & Defense,2084.36,112.49,104.99,68.82,22.04,29.04,0.03,55.56,56.81
Sikko Industries,Fertilizers & Agrochemicals,200.93,29.21,5.75,66.45,7.76,10.72,0.14,27.46,32.3
Sikozy Realtors,Realty,6.6,64.44,5.79,7.11,-117.24,-41.67,,,
SIL Investments,Finance,462.16,-6.21,14.51,16.49,1.16,1.53,0,15.29,10.45
Silgo Retail,Consumer Durables,179.49,78.58,65.96,17.16,7.96,10.48,0,32.15,32.17
Silicon Rental,Commercial Services & Supplies,82.22,-63.98,-19.5,,15.26,20.62,0.04,15.72,7.82
Silicon Valley,IT - Software,0.39,0,0,,,,,,3.25
Silkflex Polymer,Chemicals & Petrochemicals,162.15,157.99,,,29.23,24.08,1.41,16.35,17.21
Silky Overseas,Textiles & Apparels,90.42,,,,51.01,36.55,0.4,77.67,8.98
Silly Monks,Entertainment,18.05,-0.62,-2.19,-5.51,2.67,2.65,0.02,-2.67,
Silver Oak (I),Beverages,32.97,-46.95,26.43,33.92,-17.03,-1.26,1.6,-100,
Silver Pearl,Leisure Services,5.5,-13.04,-4.35,,-1.26,-1.11,0,-36.13,
Silver Touch,IT - Software,1791.19,119.32,59.62,71.94,17.6,22,0.33,16.12,56.47
Silverline Tech,IT - Software,319.34,53.75,,,-0.59,-0.39,0.23,11942.49,13.91
Silveroak Comm,Finance,1.33,-6.94,21.54,11.13,-3559.09,-77.32,,-67.85,
Simandhar Impex,Consumer Durables,36.88,,,,,,,,
Simbhaoli Sugar,Agricultural Food & other Products,35.05,-35.88,-25.46,4.54,,3.23,,-6.5,3.28
Simm. Marshall,Auto Components,168.06,35.73,49.82,33.99,21.61,14.09,1.51,11.89,12.65
Simplex Castings,Industrial Products,376.73,122.19,133.63,86.55,33.69,24.1,0.81,57.96,20.18
Simplex Infra,Construction,1600.49,-19.57,67.64,40.97,-4.4,-0.05,1.97,-11.62,29.91
Simplex Mills,Textiles & Apparels,16.36,39.36,26.64,34.69,,,,33.33,
Simplex Papers,"Paper, Forest & Jute Products",4.56,-43.35,-11.35,61.55,,-34.78,,,
Simplex Realty,Realty,35.19,-47.4,14.75,17.64,1.13,2.32,0,-11.16,
Simran Farms,Food Products,57.61,-16.78,8.2,15.88,16.37,12.26,1.47,17.65,
Sinclairs Hotels,Leisure Services,396.39,-1.15,14.53,25.36,12.36,15.33,0.3,5.49,28.95
Sindhu Trade,Transport Services,3877.95,68.91,10.98,60.25,0.35,5.45,0.27,-62.44,
Singer India,Consumer Durables,469.26,28.53,4.71,14.82,4.89,6.89,0.01,21.06,40.56
Sinnar Bidi Udy.,Cigarettes & Tobacco Products,30.32,17.86,,28.63,-4.27,-4.72,0,-4.81,159.58
Sintercom India,Auto Components,241.25,-30.16,-3.98,-0.45,0.66,5.08,0.47,8.83,253.95
Sir Shadi Lal,Agricultural Food & other Products,143.06,17.84,27.98,44.67,,-153.83,,-0.64,
Sirca Paints,Consumer Durables,2596.85,69.45,14.51,22.52,14.94,19.98,0.1,29.19,42.23
Sirohia & Sons,Commercial Services & Supplies,4.94,-59.05,,,0.14,0.25,0,,21.48
SIS,Other Consumer Services,4312.25,0.11,-4.92,-6.44,0.45,5.47,0.67,15.67,12.54
Sita Enterprises,Commercial Services & Supplies,46.83,14.78,109.82,65.69,7.51,8.31,0,336.69,8.92
Siti Networks,Entertainment,30.52,-39.66,-31.73,-17.21,,,,-6.97,
Siyaram Recycli.,Industrial Products,105.35,-58.32,,,14.34,16.62,0.82,7.7,10.57
Siyaram Silk,Textiles & Apparels,2411.65,-11.32,4.79,19.34,16.36,20.42,0.3,15.12,11.71
Sizemasters Tech,Non - Ferrous Metals,264,118.18,112.66,,18.9,13.24,0.2,112.63,67.69
SJ Corp,Consumer Durables,59.71,33.66,23.17,44.44,-2.33,-2.67,0,146.06,124.4
SJS Enterprises,Auto Components,5626.87,106.32,61.26,,18.9,22.8,0.05,19.91,36.16
SJVN,Power,28699.29,-13.17,31.52,22.29,5.81,4.91,2.03,15.92,45.38
SK Minerals & Additives,Chemicals & Petrochemicals,156.3,,,,60.14,32.29,2.63,94.6,11.62
SKF India,Industrial Products,8589.85,0.95,-5.93,10.82,21.43,28.82,0,-18.37,23.89
SKF India Indus.,Industrial Products,12668.48,,,,,,,,104.43
SKIL Infrastr,Construction,24.04,-70.24,-26.97,-19.33,4.76,1.1,10.09,,2.7
Skipper,Electrical Equipment,4137.46,-6.56,55.88,42.98,14.18,24.42,0.63,15.23,22.52
SKM Egg Prod.,Food Products,874.58,94.29,30.43,46.01,11.8,13.07,0.51,28.77,11.3
SKP Bearing,Industrial Products,270.5,-24.87,-2.14,,5.86,11.96,0.68,36.14,50.85
SKP Securities,Finance,70.03,-24.21,11.1,30.19,21.59,27.55,0.35,2.56,7.29
Sky Gold & Diam.,Consumer Durables,5596.37,13.6,122.24,108.91,25.46,21.21,0.78,81.19,24.41
Sky Industries,Textiles & Apparels,61.84,-24.46,5.17,12.7,14.26,16.68,0.29,-3.21,11.08
Skybiotech Healthcare,Textiles & Apparels,23.29,-38.99,49.7,43.62,-26.36,,0.8,,
Skyline Millars,Realty,76.35,5.44,16.58,21.22,-1.87,-1.58,0,,
Skyline Ventures,Realty,9.52,-12.73,,,-9.97,-7.7,0.32,,
Slone Infosys.,IT - Hardware,94.82,-25.79,,,28.36,37.93,0.07,-18.13,13.01
SM Auto Stamping,Industrial Manufacturing,29.43,-29.85,-10.76,6.09,14.89,18.69,0.09,12.24,8.09
Smart Finsec,Finance,23.34,-31.75,4.13,6.87,7.75,10,0.03,-30.8,23.11
Smarten Power,Electrical Equipment,113.24,,,,39.71,41.01,0.07,4.62,8.94
Smartlink Hold.,IT - Hardware,123.61,-11.73,-4.21,6.61,3.42,3.35,0.02,4.6,12.21
Smartworks Cowor,Commercial Services & Supplies,4685.32,,,,-81.99,6.97,8.6,32.2,
SMC Global Sec.,Capital Markets,1609.24,34.26,26.43,9,12.65,14.6,1.59,-4.4,19.01
Smiths & Founder,Industrial Products,59.06,0,17.82,47.83,5.41,7.47,0.05,4.66,53.69
SML Mahindra,"Agricultural, Commercial & Construction Vehicles",6917.38,352.78,86.7,57.69,36.38,27.12,0.57,17.51,43.64
Smruthi Organic,Pharmaceuticals & Biotechnology,128.26,1.86,-3.19,-12.81,5.04,7.98,0.13,-13.01,25.86
SMS Pharma.,Pharmaceuticals & Biotechnology,3607.48,100.75,77.31,23.35,11,12.19,0.43,14.97,41.32
SMT Engineering,Commercial Services & Supplies,698.05,4233.85,,134.1,6.9,4.46,0.95,3001.15,53.08
SMVD Poly Pack,Industrial Products,9.28,-26,-8.81,16.94,,,0,-93.51,
Snehaa Organics,Chemicals & Petrochemicals,47.08,,,,66.07,58.77,0.11,10.54,6.41
SNL Bearings,Auto Components,132.14,11.38,11.74,11.15,16.19,21.03,0,13.04,11.92
Snowman Logistic,Transport Services,659.33,-14.48,4.99,-5.62,1.33,4.25,0.8,10.52,
Sobha,Realty,14918.2,16.2,36.87,26.67,2.68,6.44,0.23,24.78,104.73
Sobhagya Mercant,Commercial Services & Supplies,663.18,155.71,387.37,,24.43,33.71,0.14,59.79,27.69
Sodhani Academy,Other Consumer Services,111.05,-6.02,,,14.24,18.54,0,113.79,28.33
Sodhani Capital,Capital Markets,55.46,,,,34.47,47.3,0,10.13,25.32
Sofcom Systems,IT - Software,57.1,-63.85,-36.8,9.85,0.84,,0.01,,60.74
Softrak Venture,Finance,84.75,-44.71,21.05,,0.79,1.28,0,-90.19,
Softsol India,Realty,305.46,-17.07,14.16,19.69,7.33,9.74,0,-17.06,25.39
Softtech Enginee,IT - Software,398.86,-21.18,20.39,26.2,0.88,4.39,0.27,35.45,131.64
Solar Industries,Chemicals & Petrochemicals,122197.77,55.03,51.2,58.72,32.64,38.13,0.17,28.16,84.15
Solara Active,Pharmaceuticals & Biotechnology,2055.87,-2.2,11.35,-17.62,0.05,6.01,0.51,-4.23,
Solarium Green,Construction,326.3,-37.94,,,23.01,20.09,0.77,29.5,16.09
Solarworld Ene.,Construction,1690.64,,,,40.21,40.36,0.27,8.73,20.91
Solex Energy,Electrical Equipment,931.93,14.07,55.37,100.12,38.74,28.22,1.63,43.72,19.96
Solid Stone Co,Other Construction Materials,14.45,-10.26,-8.96,-10.61,3.63,7.68,0.87,-10.98,36.12
Solitaire Mach.,Industrial Manufacturing,45.03,-13.33,30.7,32.98,10.78,12.16,0.26,-19.83,32.87
Solve Plastic,Industrial Products,7.49,-54.57,,,-66.67,-24.67,1.04,1.22,
Solvex Edibles,Agricultural Food & other Products,23.28,,,,20.28,,1.45,88.43,5.92
Som Datt Finance,Finance,211.56,58.41,17.04,56.37,-16.62,-17.84,0,20.37,755.57
Som Distilleries,Beverages,1672.15,-27.4,19.61,42.23,16.17,17.98,0.24,-6.6,18.91
Soma Textiles,Textiles & Apparels,367,184.87,65.97,69.04,-1.1,-1.74,0,410.23,495.95
Somany Ceramics,Consumer Durables,1682.14,-7.53,-8.69,-1.21,8.17,11.51,0.42,4.32,26
Somi Conv.Belt.,Industrial Manufacturing,124.77,-22.69,43.63,27.73,7.44,10.35,0.19,-6.64,23.37
Sona BLW Precis.,Auto Components,33230.99,8.22,5.13,,14.37,17.82,0.04,13.78,50.95
Sona Machinery,Industrial Manufacturing,52.49,-55.68,,,5.54,7.7,0.01,1.96,25.24
Sonal Adhesives,Chemicals & Petrochemicals,21.57,-30.2,-17.55,33.33,21.26,21.86,1.59,17.91,17.12
Sonal Mercantile,Finance,148.64,1.05,5.56,51.93,9.62,5.69,0.78,-2.81,5.29
Sonalis Consumer,Food Products,29.44,16.61,,,37.94,43.32,0.02,219.27,6.1
Sonam,Consumer Durables,197.88,11.13,29.18,27.71,10.58,13.43,0.3,46.83,32.33
Sonata Software,IT - Software,7520.99,-25.71,-11.39,8.48,27.31,29.1,0.42,10.8,16.3
Soni Medicare,Healthcare Services,21.79,49.6,24.7,9.33,-13.1,6.64,123.33,-11.81,
Sonu Infratech,Construction,73.48,-27.33,15.57,,23.33,20.36,0.63,49.25,6
Sotac Pharma.,Pharmaceuticals & Biotechnology,122.66,7.77,,,15.71,15.06,0.69,-22.31,14.33
Source Industrie,Textiles & Apparels,5.76,46.38,18.43,51.63,0.23,0.22,0.05,540,44.31
Source Natural,Pharmaceuticals & Biotechnology,81.75,-2.31,-0.26,-4.29,13.87,16.64,0.28,83.25,29.41
South Asian Ent.,Leisure Services,14,-14.63,-2.14,35.12,-2.85,-4.07,0,-38.1,
South Ind.Bank,Banks,10770.99,72.9,38.53,33.65,13.78,6.5,11.3,3.71,7.75
South West Pinn.,Commercial Services & Supplies,543.5,66.21,19.64,29.67,9.02,11.71,0.52,59.73,19.02
South. Magnesium,Minerals & Mining,24.56,-43.54,12.57,45.6,28.27,31.16,0.36,-77.08,
Southern Infocon,IT - Software,10.88,-14.31,10.63,-2.54,4.74,7.9,0,-22.77,
Southern Latex,Textiles & Apparels,23.7,51.17,22.77,43.62,3.46,4.21,0,,94.8
Sover. Diamonds,Consumer Durables,13.05,-47.8,3.76,33.83,0.06,5,0,-43.81,
SP Refractories,Industrial Products,19.95,-7.81,6.62,,18.1,19.43,0.1,9.76,6.01
SPA CAPT SER,Finance,67.02,28.92,,,3.64,3.58,1.14,66.35,131.41
Space Incubatric,IT - Software,7.96,0,24.22,20.64,-1.68,-1.57,0.06,,0.84
Spacenet Enterpr,Commercial Services & Supplies,284.75,-36.57,-38.57,22.15,9.29,10,0.01,13.32,17.81
Span Divergent,Pharmaceuticals & Biotechnology,19.08,10.09,36.25,21.49,,-186.79,,14.77,
Spandana Sphoort,Finance,2025.22,5.59,-22.19,-15.17,-30.97,-3.87,1.35,-57.27,
SPARC,Pharmaceuticals & Biotechnology,4124.02,13.07,-13.08,-5.21,,-297.83,,-13.08,
Sparc Electrex,IT - Software,4.83,-59.47,-37.17,13.52,-9.1,-7.92,0.01,-90.12,
Sparkle GoldRock,Textiles & Apparels,30.59,14.29,157.52,102.62,-20.08,-12.93,0.54,2863.6,21.1
SPEB Adhesives,Chemicals & Petrochemicals,116.82,,,,26.81,37.12,0,5.22,19.44
Speciality Rest.,Leisure Services,489.59,-19.1,-21.71,18.49,5.48,7.97,0.43,8.53,20.31
Spectra Industri,Auto Components,3.96,12,-2.16,11.5,,-40.85,,,
Spectrum Electr.,Industrial Manufacturing,2277.72,-23.9,69.68,90.35,14.26,15.96,0.76,22.66,61.33
Spectrum Foods,Food Products,31.17,-47.49,-10.86,18.72,0.29,0.27,0.02,15.99,
Spectrum Talent,Commercial Services & Supplies,173.08,-39.09,,,4.31,4.93,0.27,29.62,28.05
Spel Semiconduct,Electrical Equipment,698.49,34.03,57.85,60.27,-36.13,-10.85,12.46,-4.65,
Spencer's Retail,Retailing,297.17,-48.54,-18.76,-15.71,,-9.72,,-16.64,
Spenta Intl.,Textiles & Apparels,23.52,-41.44,-2.32,11.53,4.23,7.06,0.89,-15.02,
Spice IslandsInd,Consumer Durables,111.07,659.71,211.94,125.4,46.6,59.45,0.57,705.49,26.89
Spice LoungeFood,Leisure Services,2313.75,217.61,98.71,95.24,5.2,,1.03,,2122.71
SpiceJet,Transport Services,2453.97,-64.97,-24.15,-28.03,,9.1,,-15.1,
Spinaroo Comm.,"Paper, Forest & Jute Products",43.99,,,,21.33,18.54,0.4,-3.75,34.91
SPL Industries,Textiles & Apparels,86.94,-17.43,-20.43,-3.96,2.86,4.55,0,-56.59,14.42
SPML Infra,Construction,1321.73,5.43,91.58,67.06,7.78,8.91,0.44,-26.77,22.21
Sportking India,Textiles & Apparels,1467.68,54.91,19.92,42.04,12.35,12.04,0.48,-0.75,11.92
SPP Polymer,Industrial Products,22.24,-36.48,,,2.96,7.02,0.21,2.03,
Sprayking Ltd,Industrial Products,33.82,-56.99,-8.52,23.81,17.13,15.1,1.1,-6.04,6.07
Spright Agro,Commercial Services & Supplies,63.22,-90.34,45.89,,19.97,21.23,0,-46.47,
Spunweb Nonwoven,Textiles & Apparels,259.11,,,,30.47,22.25,0.9,52.28,14.32
Square Four Pro.,Chemicals & Petrochemicals,16.83,-7.44,1.9,25.92,-0.41,-0.04,0.07,-100,
Sr.Rayala.Hypo,Chemicals & Petrochemicals,799.11,-7.68,3.06,14.3,11.03,14.86,0.01,3.39,7.76
Sreechem Resins,Chemicals & Petrochemicals,15.04,-20.53,-11.76,39.99,-3.63,-1.99,0.07,-30.97,
Sreeleathers,Consumer Durables,472.64,-7.93,4.7,7.11,5.14,7.31,0,10.39,19.36
Srestha Finvest,Finance,42.64,-53.57,-23.02,-27.41,-22.94,-15.84,0.29,-86.42,
SRF,Chemicals & Petrochemicals,75949.97,-8.34,4.65,18.77,10.37,12.27,0.35,11.01,41.07
SRG Housing,Finance,419.16,-8.2,11.23,4.62,11.52,12.29,2.45,26.08,14.24
Sri Chakra Cem.,Cement & Cement Products,41.39,266.75,,,-307.25,-69.71,,-5.31,
Sri Havisha,Leisure Services,23.8,-22.5,-3.96,14.14,-15.44,-0.09,2.08,-6.06,
Sri KPR Inds.,Industrial Products,39.94,-22.27,2.23,9.16,3.42,4.26,0.01,28.42,6.44
Sri Lak.Sar.Arni,Textiles & Apparels,9.46,-31.53,-6.06,34.74,,,,-8.81,
Sri Lotus,Realty,6903.71,,,,41.27,37.06,0.08,20.99,30.38
Sri Nacha. Cott.,Textiles & Apparels,13.78,-20.56,-3.28,21.56,-18.11,-0.23,2.13,-2.1,
Sri Ramakr. Mill,Textiles & Apparels,29.76,-7.77,19.1,35.65,17.12,13.81,1.6,-39.21,
Srigee DLM,Industrial Manufacturing,47.34,,,,29.55,33.86,0.55,-20.85,11.72
Srivari Spices &,Food Products,118.01,-5.26,,,23.51,27.9,0.51,35.02,9.88
Srivasavi Adhes.,Industrial Products,65.7,-27.92,,,17.9,23.84,0.21,32.52,11.95
SRM Contractors,Construction,955.74,30.97,,,27.16,33.2,0.2,97.68,11.8
SRM Energy Ltd,Power,17.81,94.08,35.69,51.54,,-32.34,,,
SRU Steels,Commercial Services & Supplies,19.84,-58.26,-30.94,,-1.26,-1.25,0,313.11,11.34
SSMD Agrotech,Food Products,33.1,,,,154.82,124.88,0.88,4408.18,6.15
SSPDL Ltd,Realty,24.05,24,9.29,9.62,-64.67,0.4,,417.42,3.3
Stallion India,Chemicals & Petrochemicals,1483.69,132.81,,,15.17,19.67,0,61.83,32.13
Stanbik Agro,Agricultural Food & other Products,45.14,,,,38.12,45.43,0.01,97.7,12.07
Standard Battery,Finance,25.39,-24.13,19.42,8.84,78.1,78.1,0,,
Standard Engineering Technology,Industrial Manufacturing,2488.66,-4.11,,,11.55,16.48,0.18,10.03,33.03
Standard Inds.,Realty,97.46,-19.41,-19.41,2.56,-10.49,-7.81,0.02,28.66,
Standard Shoe,Chemicals & Petrochemicals,11.66,37.01,24.37,,,,,,
Standard Surfact,Chemicals & Petrochemicals,41.81,15.02,-4.66,8.63,4.77,5.37,2.33,36.34,19.72
Stanley Lifesty.,Consumer Durables,925.84,-41.12,,,8.11,10.13,0.71,-0.44,38.58
Stanpacks(India),Industrial Products,6.52,-28.52,14.81,34.29,1.73,7,1.07,7.04,
Stanrose Mafat.,Finance,25.01,-8.46,-5.88,-4.95,-5.06,-4.69,0.06,4.41,
Star Cement,Cement & Cement Products,8657.95,6.07,24.78,16.76,6.05,8.39,0.21,20.83,23.23
Star Delta Trans,Electrical Equipment,147.32,-15.29,51.58,41.54,13.45,18.77,0.07,15.24,13.01
Star Health Insu,Insurance,27389.96,24.03,-6.04,,9.37,11.98,0.06,9.87,61.39
Star Housing Fin,Finance,53.85,-78.07,-45.26,-16.46,7.95,12.1,2.67,23.79,8.11
Star Imaging,Healthcare Services,116.49,,,,40.59,34.73,0.19,6.21,5.9
Star Paper Mills,"Paper, Forest & Jute Products",218.7,-13.61,-5.33,3.45,5.91,7.76,0.01,-2.66,5.6
Starcom Info.,IT - Software,37.4,-25.28,-11.46,10.6,,,,-20.58,
Starlineps Enter,Metals & Minerals Trading,411.43,154.61,-9.55,18.99,22.26,29.76,0.26,17.57,178.88
Starlog Enterp.,Transport Infrastructure,58.52,-20.01,32.5,22.42,-5.19,-2,0.01,-27.85,
Starsource Multitrade,Pharmaceuticals & Biotechnology,14.33,10.98,37.11,34.62,3.47,5.17,0.01,,
Starteck Fin.,Finance,264.01,-9.14,26.63,25.89,5.34,7.37,1.08,2.25,12.77
Std. Capital Mkt,Finance,117.82,-28.36,-30.18,57.2,10.84,9.02,4.07,390.95,1.57
Steel City Sec.,Capital Markets,132.04,-4.26,11.95,19.64,13.83,18.2,0.09,-13.66,9.53
Steel Exchange,Industrial Products,1033.95,5.61,-19.34,9.36,2.43,9.84,0.48,-8.69,53.35
Steel Str. Wheel,Auto Components,3379.22,21.44,12.81,27.34,14.54,16.76,0.55,15.91,16.95
Steel Strips Inf,Realty,18.33,-30.32,0.98,38.25,-20.96,-0.95,0,5.47,
Steelcast,Industrial Products,2369.8,43.46,33.3,52.77,24.24,32.94,0,22.04,26.2
Steelco Gujarat,Industrial Products,38.93,,,111.52,-39.88,-9.27,4.13,993.9,
Steelman Telecom,Telecom - Services,66.77,-45.43,-21.04,,-3.99,-8.61,2.74,13.16,
STEL Holdings,Finance,911.6,30.43,50.09,42.76,0.97,1.3,0,83.96,30.84
Stellant Secu.,Finance,197.1,12194.46,990.95,359.46,81.9,106.67,0,2916.11,7.44
Stellar Capital,Finance,16.1,-8.12,20.35,17.99,0.25,0.45,0.01,9.7,
Step Two Corp.,Finance,21.44,5.45,18.16,36.37,-0.35,-0.53,0,70.64,12.11
Sterling & Wils.,Construction,4623.69,-22.49,-12.44,-3.86,8.19,16.97,2.61,63.72,21.93
Sterling Green,Leisure Services,10.68,-41.4,-7.65,22.87,-5.16,1.4,1.13,148.94,
Sterling Powerg.,Industrial Manufacturing,12.63,-39.56,14.95,,80.85,11.42,123.5,-81.63,
Sterling Tools,Auto Components,809.75,-33.17,-12.13,0.24,12.28,14.13,0.32,-26.48,24.7
Sterlite Tech.,Telecom -  Equipment & Accessories,7769.64,154.77,11.18,0.36,-6.28,2.86,0.94,15.21,647.47
STL Global,Textiles & Apparels,34.54,3.45,-2.08,5.89,-2.48,1.08,0.56,2.02,345.4
STL Networks,Telecom - Services,1006.63,,,,-3.52,,0.96,,
Storage Tech,Industrial Products,54.07,-56.61,,,14.02,18.23,0.32,2.27,58.14
Stove Kraft,Consumer Durables,1613.65,-31.82,5.01,-1.05,8.69,10.96,0.4,3,43.16
Stovec Inds.,Industrial Manufacturing,381.73,-17.65,-4.75,-0.85,5.37,7.14,0,-15.54,55.32
Stratmont Indus.,Commercial Services & Supplies,195.32,-16.29,63.51,39.21,7.8,7.15,0.61,42.66,70.77
Striders Impex,,137.7,,,,76.53,31.16,1.42,44.81,17.17
Strides Pharma,Pharmaceuticals & Biotechnology,7848.97,37.46,83,16.81,150.67,14.68,0.67,6.95,14.29
String Metaverse,IT - Services,1642.86,192.31,,121.94,25.85,26,0,240.63,20.54
Studds Accessor.,Auto Components,2046.57,,,,16.67,22.59,0.02,10.36,27.64
Studio LSD,Entertainment,51.89,,,,53.81,72.75,0,1.95,44.73
Sturdy Industrie,Industrial Products,3.03,-45.95,-23.69,-17.07,,-10.9,,-64.95,
Stylam Industrie,Consumer Durables,3777.04,41.37,27.08,32.01,20.36,27.41,0,11.2,26.87
Styrenix Perfor.,Chemicals & Petrochemicals,3368.49,-17.65,37.3,14.41,24.64,26.53,0.26,34.46,19.73
Suba Hotels,Leisure Services,315.52,,,,37.9,24.15,1.07,51.57,18.48
Subam Papers,Industrial Products,417.59,70.69,,,10.28,13.09,0.68,9.15,18.74
Subex,IT - Software,516.33,-32.94,-32.05,-19.71,-11.26,-6.44,0.09,-7.4,156.94
Subhash Silk,Textiles & Apparels,18.84,-24.71,40.4,27.33,-2.12,0.18,0.04,100,
Subros,Industrial Products,5166.67,38.76,41.02,17.63,14.48,19.95,0.02,9.83,30.74
Sudal Industries,Non - Ferrous Metals,41.92,29.52,95.26,65.79,27.33,25.5,0.73,21.13,23.16
Sudarshan Chem.,Chemicals & Petrochemicals,6897.02,1.43,32.36,8.99,3.07,6.03,0.72,202.38,1880.2
Sudarshan Colorants,Chemicals & Petrochemicals,792.86,-38.72,3.71,-2.57,11.62,15.18,0.04,-2.46,13.2
Sudarshan Pharma,Chemicals & Petrochemicals,675.29,-4.23,,,14.83,15.51,1.56,8.95,31.81
Sudeep Pharma,Pharmaceuticals & Biotechnology,7216.85,,,,32.77,35.65,0.2,9.3,45.82
Suditi Industrie,Textiles & Apparels,366.17,134.97,68.12,54.2,132.49,29.66,0.18,76.68,34.58
Sugal & Damani,Finance,42.49,13.55,72.26,48.23,20.15,24.57,0.02,8.91,8.27
Sugs Lloyd,Electrical Equipment,214.8,,,,53.98,34.52,1.94,169.02,9.35
Sujala Trading &,Finance,30.9,-20.36,50.01,48.82,-0.88,-0.58,0,-34.39,162.63
Sukhjit Starch,Agricultural Food & other Products,676.9,13.95,3.29,19.25,6.98,9.43,0.74,-7.8,44.42
Sula Vineyards,Beverages,1445.31,-32.57,-21.69,,12.3,13.25,0.71,-5.09,46.41
Sulabh Engineers,Finance,24.01,-34.34,-13,10.51,7.14,9.28,0.05,68.72,8.7
Sumedha Fiscal,Finance,28.48,-53.91,-12.98,5.73,6.97,8.81,0,-17.65,5.71
Sumeet Industrie,Textiles & Apparels,1445.29,,253.81,115.56,,-2.14,0.48,-0.36,48.32
Sumeru Industrie,Commercial Services & Supplies,11.81,-19.21,1.04,13,0.87,1.15,0,-100,196.83
Sumit Woods,Realty,173.61,-53.99,2.08,34.23,9.79,11.12,0.38,-42.62,18.2
Sumitomo Chemi.,Fertilizers & Agrochemicals,20023.23,-12.91,-3.49,6.05,18.81,25.14,0.02,2.88,36.92
Summit Securitie,Finance,1814.38,13.83,41,23.67,0.85,1.21,0,20.58,14.72
Sumuka Agro,Food Products,153.76,16.32,42.1,80,19.06,22.66,0.21,24.59,49.76
Sun Pharma.Inds.,Pharmaceuticals & Biotechnology,416764.48,9.02,21.88,23.51,16.86,20.21,0.07,10.09,34.34
Sun Retail,Commercial Services & Supplies,6.52,-37.31,-2.27,-25.82,0.72,0.64,0.34,-94.67,
Sun TV Network,Entertainment,25522.89,15.34,13.81,5.11,15.69,20.4,0.01,8.78,15.72
Suncare Traders,Commercial Services & Supplies,16.07,-30.77,-9.14,-2.36,1.28,2.28,0.14,175.47,9.18
Suncity Synth.,Textiles & Apparels,6.11,-27.18,21.18,26.58,,-21.4,,-76.11,
Sundaram Brake,Auto Components,238.1,-25.46,26.69,11.51,5.32,7.75,0.41,2,
Sundaram Clayton,Auto Components,3134.3,-26.96,,,-19.4,-2.39,1.87,-5.96,
Sundaram Finance,Finance,61212.67,21.41,33.68,16.14,15.27,9.64,4.35,13.42,29.03
Sundaram Multi.,Household Products,71.56,-24.88,-14.9,2.27,-5.92,-2.2,0.31,3.21,95.41
Sundram Fasten.,Auto Components,18347.36,-6.5,-4.05,4.14,14.93,17.14,0.18,3.99,32.54
Sundrex Oil,Petroleum Products,35.56,,,,55.57,34.76,1.14,39.13,6.66
Sundrop Brands,Agricultural Food & other Products,2436.91,-19.65,-9.2,-4.52,3.75,0.22,0.01,89.65,62.17
Sunflag Iron,Industrial Products,4434.12,16.92,23.4,30.68,2.33,3.95,0.07,7.01,20.34
Sungarner Energ.,Electrical Equipment,41.74,-50.01,,,15.95,17.99,1.12,114.7,22.44
Sungold Capital,Finance,4.45,-26.44,-4.97,14.31,0.18,2,0,-21.5,74.17
Sungold Media,Media,10.55,-32.46,-37.51,,0.26,0.35,0,-22.92,1055
Sunil Agro Foods,Agricultural Food & other Products,27.07,-22.75,-16.15,22.49,-6.63,3.5,2.76,-7.96,82.03
Sunil Healthcare,Pharmaceuticals & Biotechnology,67.68,-6.78,5.93,20.02,-1.95,3.96,0.88,6.79,23.66
Sunil Industries,Commercial Services & Supplies,31.75,-23.99,9.87,41.97,8.19,10.59,1.18,28.36,6.2
Sunita Tools Ltd,Industrial Manufacturing,563.58,32.32,,,13.33,16.7,0.14,-10.1,119.4
Sunlite Recycli.,Industrial Products,474.92,186.67,,,36.01,36.07,0.31,56.98,22.04
Sunraj Diamond,Consumer Durables,9.98,44.78,49.43,64.17,5.21,0.46,16.27,138.24,
Sunrakshakk Inds,Textiles & Apparels,770.05,46.96,148.26,115.05,24.25,21.93,0.27,375.08,26.26
Sunrest Lifescie,Pharmaceuticals & Biotechnology,19.31,-25,,,,,0.94,,10.91
Sunrise Efficie.,Commercial Services & Supplies,152.42,-53.59,2.14,,16.73,21.94,0.05,24.53,14.93
Sunshield Chem.,Chemicals & Petrochemicals,745.63,33.75,16.64,31.78,16.39,14.93,0.81,29.48,30.21
Sunshine Capital,Finance,115.04,-73.17,-17.37,25.74,0.33,0.18,0,-80.73,4.68
Sunsky Logistics,Transport Services,89.42,,,,79.45,75.19,0.85,49.22,29.81
Suntech Infra.,Construction,76.87,,,,26.73,22.39,0.71,43.59,6.04
Sunteck Realty,Realty,5875.68,9.74,9.44,2.76,4.71,6.28,0.16,-7.74,30.76
Super Bakers (I),Food Products,10.01,21.2,17.2,27.58,8.78,10.2,0,,20.43
Super Crop Safe,Fertilizers & Agrochemicals,34.34,-49.32,13.83,0.89,7.64,5.57,1.38,19.88,32.7
Super Fine Knit.,Consumer Durables,13.55,-14.81,-9.61,9.96,2.84,5.34,0.48,24.36,19.93
Super Iron,Industrial Products,80.26,,,,6.2,,0.56,,19.67
Super Sales Ind.,Textiles & Apparels,191.52,-24.69,-6.74,7.73,-0.38,1.07,0.18,3.56,53.05
Super Spinning,Textiles & Apparels,35.2,-37.01,-8.3,5.92,-3.58,4.21,0.37,-10.49,
Super Tannery,Consumer Durables,73.1,-29.63,-0.1,18.72,6.65,8.78,0.59,-7.35,10.35
Superhouse Ltd,Consumer Durables,171.24,-2.68,-14.77,3.82,1.19,3.9,0.41,6.68,27.89
Superior Finleas,Finance,4.98,0,-3.55,-32.35,0.22,0.04,8.71,-55.26,
Superior Indus.,Agricultural Food & other Products,49.9,-42.5,-9.74,19.62,6.16,6.56,0.05,21.01,7.09
Supershakti Met.,Industrial Products,288.13,-20.7,-12.64,-1.89,4.78,,0,,15.87
Supertech EV,Automobiles,65.62,,,,46.61,41.32,0.07,16.15,9.97
Supertex Inds.,Textiles & Apparels,7.55,-7.5,-18.38,7.87,-0.27,5.73,1.5,-51.2,
Supra Pacific,Finance,90.01,-1.1,14.27,6.98,1.94,8.53,3.77,91.62,15.49
Supra Trends,Finance,20.14,-74.11,-10.85,12.93,-27.18,-13.23,0.61,,
Suprajit Engg.,Auto Components,5988.21,8.93,6.78,8.9,6.5,10.97,0.68,14.97,42.82
Supreme Engg.,Industrial Products,25.24,-57.38,0.33,-17.1,,-37.17,,50.52,
Supreme Facility,Commercial Services & Supplies,71.14,-24.51,,,13.43,13.88,1.31,8.72,9.02
Supreme Holdings,Realty,215.84,-39.76,-16.55,31.14,1.85,2.41,0.01,-97.99,
Supreme Inds.,Industrial Products,50495.72,19.41,13.28,13.8,17.14,22.04,0.06,2.78,62.01
Supreme Infra.,Construction,808.9,-4.88,59.65,43.17,,,4.19,1.36,
Supreme Petroch.,Chemicals & Petrochemicals,13478.8,33.59,24.12,28.24,17.36,22.76,0.06,-12.51,49.64
Supreme Power,Electrical Equipment,371.99,24.2,,,22.36,27.5,0.28,50.07,17.64
Supriya Lifesci.,Pharmaceuticals & Biotechnology,5271.62,9.64,48.8,,20.75,27.46,0,9.68,28.4
Suraj,Industrial Products,414.33,-31.68,47.72,48.73,10,12.73,0.32,-11.94,
Suraj Estate,Realty,1047.14,-26.62,,,13.98,17.27,0.57,15.71,10.7
Suraj Industries,Beverages,89.29,19.93,-11.95,107.93,6.76,3.15,1.36,24.73,
Suraj Products,Industrial Products,278.05,-33.05,23.18,52.99,15.29,17.45,0.08,-9.74,17.29
Suraksha Diagno.,Healthcare Services,1413.73,3.25,,,16.46,17.84,0.51,21.44,42.45
Surana Solar,Electrical Equipment,112.54,-27.33,6.94,21.19,0.39,0.27,0,-75.75,341.03
Surana Telecom,Power,243.42,0.17,24.02,31.27,0.37,0.69,0.04,134.93,9.1
Surani Steel Tub,Industrial Products,93.06,-61.47,26.74,25.79,1.12,1.91,0,-17.96,31.23
Surat Trade,Textiles & Apparels,103.93,-32.66,-15.18,3.29,0.56,-1.11,0.01,-3.13,14.01
Suratwwala Busi.,Realty,511.75,-25.55,12.73,32.41,16.75,12.43,0.79,199.35,16.43
Surbhi Industrie,Textiles & Apparels,12.15,349.3,,,21.29,14.86,1.38,1.08,7.41
Surya Roshni,Industrial Products,4871.34,4.69,10.3,21.35,14.88,20.7,0.05,2.07,15.35
Suryaamba Spinni,Textiles & Apparels,37.34,-15.66,-10.16,12.32,1.86,7.29,0.49,-0.09,11.82
Suryalak. Cott.,Textiles & Apparels,105.29,-14.77,1.46,14.1,1.14,7,0.96,2.11,25.87
Suryalata Spg.,Textiles & Apparels,139.15,4.69,-11.85,21.14,6.03,7.74,0.18,1.52,4.22
Suryavanshi Spg.,Textiles & Apparels,10.47,-10.42,-0.39,26.86,,-6.7,,944.64,6.54
Suryo Foods,Food Products,14.83,53.19,38.82,33.86,,,,,67.41
Suryoday Small,Banks,1403.88,16.92,9.85,,6.16,7.28,7.11,5.26,20.5
Sustainable Ener,Power,4050,,,,4.35,5.91,1.11,312.61,32.61
Sutlej Textiles,Textiles & Apparels,514.42,-20.18,-13.34,-6.5,-7.84,-2.84,0.98,-3.52,
Suumaya Corp.,Textiles & Apparels,2.94,-48.26,-51.77,,,,,3551.83,
Suven Life Scie.,Healthcare Services,3388.12,40.24,37.9,13.33,-87.22,-86.96,0,-6.73,
Suvidha Infra.,Realty,7.98,-65.43,-11.34,,,-2.41,,-57.78,
Suvidhaa Info.,Financial Technology (Fintech),62.94,-37.63,-8.37,,-36.22,-32.08,0.04,-58.95,
Suyog Gurbaxani,Construction,285.92,-28.12,32.49,,43.19,10.25,5.24,-23.31,20.08
Suyog Telematics,Telecom - Services,830.16,-30.97,27.64,10.75,11.61,13.67,0.54,9.93,24.16
Suzlon Energy,Electrical Equipment,58049.78,-14.16,71.9,51.09,41.44,32.52,0.05,61.67,17.97
Svam Software,IT - Software,15.98,7.26,40.65,36.18,0.1,0.1,0.24,-19.05,
Svaraj Trading,Finance,10.83,-1.48,7.31,2.21,-1.45,-1.4,0,,30.08
Svarnim Trade Ud,Textiles & Apparels,2.65,-59.63,-36.19,-47.68,,-400,,,
SVC Industries,Commercial Services & Supplies,37.02,-39.47,-2.91,13.04,-1.03,-0.62,0.66,291.34,
SVP Global,Textiles & Apparels,36.56,-11.08,-42.24,-47.69,,-31.53,,-89.17,
SVS Ventures,Realty,26.03,-0.57,10.03,,0.24,0.3,0,-22.73,867.67
Swadeshi Inds,Industrial Products,128.14,3770.92,346.58,159.84,6.04,6.86,0,208.19,112.4
Swadeshi Polytex,Textiles & Apparels,147.97,-41.73,-4.51,44.08,2.06,3.13,0,-63.33,52.66
Swadha Nature,Commercial Services & Supplies,4.59,4.97,,,-4.26,-3.51,0.36,-92.86,
Swagtam Trading,Commercial Services & Supplies,6.59,6.46,13.81,,-1.1,-1.54,0,307.41,
Swan Corp,Chemicals & Petrochemicals,11986.59,-6.27,13.86,21.04,-4.47,-1.44,0.34,-20.49,
Swan Defence,Industrial Manufacturing,8958.6,2812.31,804.24,261.62,-46.31,-5.76,10.67,2294.81,
Swaraj Engines,Industrial Products,4368.24,37.47,32,21.79,41.94,56.21,0,21.33,23.03
Swaraj Suiting,Textiles & Apparels,667.7,80.67,139.66,,25.65,18.08,1.94,35.77,14.08
Swarna Securitie,Finance,24.78,15.7,26.81,45.88,13.14,16.38,0,,31.77
SwarnsaritaJewel,Consumer Durables,68.92,9.56,16.18,23.26,4.49,7.4,0.56,1.9,6.51
Swashthik Plas.,Industrial Products,44.83,-58.99,,,9.33,10.87,0.95,12.76,5.6
Swasth Foodtech,Agricultural Food & other Products,10.89,-79.17,,,16.84,13.63,1.12,26.98,
Swasti Vin. Art,Diversified,31.41,-9.59,10.03,15.88,8.99,11.67,0.52,25.2,7.85
Swasti Vinayaka,Textiles & Apparels,33.12,-36,-12,-8.31,11.1,15.39,0.22,3.12,14.34
Swastik Pipe,Industrial Products,39.49,-63.2,-41.16,,-3.45,4.26,0.67,-15.27,
Swastika Castal,Industrial Products,48.98,,,,27.91,25.22,0.3,30.72,13.84
Swastika Investm,Capital Markets,110.18,-60.8,20.53,14.95,20.72,32.56,0.18,-26.6,10.47
Swati Projects,Finance,29.45,0.07,,,-1.14,2.39,0.07,1475.29,7.75
Swelect Energy,Electrical Equipment,784.16,0.98,22.07,20.79,0.58,5.06,0.75,40.79,14.25
Swiggy,Retailing,83292.46,-9.83,,,-254.95,-29.22,0.25,52.09,
Swiss Military,Consumer Durables,400.25,-40.94,8.64,50.85,9.45,11.8,0.13,19.02,44.67
Switching Tech.,Electrical Equipment,19.96,25.26,42.01,22.53,,,,2.95,
Swojas Foods,Food Products,47.16,-5.01,,,57.49,73.33,0,189.68,31.86
Sybly Industries,Textiles & Apparels,1.59,-72.68,-40.21,-12.28,-32.43,-1.54,6.09,-100,
Sylph Industries,IT - Services,88.78,35.85,-33.78,35.1,-1.19,,0.03,,14.37
Sylvan Plyboard,Consumer Durables,89.12,-33.43,,,6.19,11.46,0.54,8.41,12.24
Symbiox Investme,Finance,5.82,-52.31,-26.53,14.38,0.6,0.82,0,-22.81,
Symphony,Consumer Durables,5443.93,-25.36,-12.29,-8.04,32.36,36.8,0.01,-22.45,33.28
Syncom Formul.,Pharmaceuticals & Biotechnology,1202.26,-16.62,23.74,31.04,15.5,18.59,0,28.93,17.45
Synergy Green,Industrial Products,811.97,39.46,63.27,38.42,21.88,20.85,1.79,-0.65,103.57
Syngene Intl.,Healthcare Services,17012.1,-35.29,-10.4,-5.43,10.53,13.52,0.12,5.05,41.56
Synoptics Techno,IT - Services,49.18,-45.59,,,5.96,8.75,0.43,21.04,12.36
Synthiko Foils,Industrial Products,2582.45,556.22,69.02,107.47,,,,,10760.21
Syrma SGS Tech.,Industrial Manufacturing,15855.49,98.68,43.99,,9.45,11.67,0.12,6.83,55.72
Syschem (India),Pharmaceuticals & Biotechnology,211.43,13.16,3.96,44.89,0.62,1.47,0,64.61,25.78
Systango Tech,IT - Software,377.87,24.5,,,23.38,28.74,0,43.51,11.69
Systematic Inds.,Industrial Products,343.9,,,,25.78,20.6,0.53,20.58,16.74
Systematix Corp.,Capital Markets,1030.32,-24.08,46.6,37.52,20.43,25.09,0.06,-2.14,35.74
Systematix Sec.,Finance,6.58,54.46,24.01,,-0.92,-0.92,0,-3.23,
T & I Global,Industrial Manufacturing,91.55,11.24,20.07,14.51,2.25,2.27,0,20.21,19.95
T B Z,Consumer Durables,981.34,-10.51,29.67,13.71,10.88,12.01,1.18,11.74,6.81
T N Merc. Bank,Banks,10594.5,63.52,13.97,,13.97,7.49,5.91,7.83,8.44
T N Newsprint,"Paper, Forest & Jute Products",946.39,7.81,-13.25,0.27,-0.14,5.54,0.9,7.45,31.99
T N Petro Prod.,Chemicals & Petrochemicals,845.36,38.75,5.09,10.79,5.1,6.97,0.33,-0.73,7.85
T N Steel Tubes,Industrial Products,14.04,52.65,30.18,24.94,1.05,4.53,0.74,19.48,280.8
T N Telecom.,Telecom -  Equipment & Accessories,39.7,-3.23,9.06,6.81,,,,,
T R I L,Electrical Equipment,9309.34,-19.56,117,102.4,23.45,27.97,0.27,29.48,34.9
T T,Textiles & Apparels,249.27,-21.61,6.14,15.09,-8.57,1.49,0.58,-3.15,
T. Spiritual,IT - Software,3.22,-1.23,9.99,30.83,-13.99,-13.99,0,,
T.V. Today Netw.,Entertainment,746.16,-20.06,-15.76,-14.7,8.44,12.45,0.02,-15.02,31.98
TAAL Tech,Transport Services,881.75,19.09,21.31,49.82,24.34,32.73,0.01,-1,17.14
TAC Infosec,IT - Software,802.36,-36.15,,,41.27,43.69,0.01,149.95,41.02
Tacent Projects,Consumer Durables,14.9,47.58,84.78,,,-160,,16550,
Tahmar Enterp.,Beverages,109.05,-39.39,55.83,72.37,-3.67,-1.73,0.46,-55.93,
Tai Industries,Commercial Services & Supplies,18,-23.47,-13.58,21.98,3.76,6,0,-38.72,450
Tainwala Chem.,Industrial Products,195.79,-7.44,26.39,25.18,3.31,4.24,0,83.28,18.42
TajGVK Hotels,Leisure Services,2240.32,-20.29,22.66,23.54,19.49,20.29,0.12,7.7,17.88
Take Solutions,Healthcare Services,624.58,348.67,31.9,-5.74,644.12,11.24,0,-100,3122.9
Takyon Networks,IT - Services,50.13,,,,23.09,24.21,0.13,-0.49,7.86
Talbros Auto.,Auto Components,1602.46,20.27,44.38,43.66,15.93,19.31,0.13,1.88,16.17
Talbros Engg.,Auto Components,343.32,31.61,12.9,33.08,13.82,14.51,0.78,21.99,13.77
Tamboli Industri,Finance,148.75,7.68,11.34,20.59,6.87,9.54,0.04,17.33,17.22
Taneja Aerospace,Aerospace & Defense,639.17,-4.68,30.59,53.78,13.26,17.45,0,12.55,35.63
Tanfac Inds.,Chemicals & Petrochemicals,4150.65,34.49,64.83,73.56,32.05,41.76,0.09,41.42,55.46
Tankup Engi.,Industrial Products,270.95,,,,29.66,21.26,0.69,93.46,89.13
Tanla Platforms,IT - Software,6034.09,4.29,-11.73,-13.53,24.1,29.19,0.03,6.38,12.26
Tanvi Foods,Food Products,105.2,-35.18,-1.21,11.3,0.54,2.88,0.37,3.21,123.76
Taparia Tools,Industrial Products,29.92,19.96,110.94,,35.65,47.88,0,12.35,0.21
Tapi Fruit,Food Products,25.8,-36.14,-17.11,,-14.83,-10.28,0.65,-0.05,
Tara Chand Infra,Commercial Services & Supplies,478.94,2.74,53.35,52.16,19.58,17.27,0.96,30.22,17.73
Tarai Foods,Agricultural Food & other Products,11.88,-32.6,16.02,3.5,,-150,,,
Tarapur Trans,Electrical Equipment,49.41,-12.8,85.03,53.74,,-63.15,0,-100,
TARC Ltd,Realty,4323.16,22.95,58.2,34.05,-19.95,-4.83,1.81,324.11,
Tarini Internat.,Commercial Services & Supplies,10.65,-63.81,17.88,-12.26,6.04,1.13,0.49,-10.2,6.87
Tarmat,Construction,178.31,23.19,0.09,6.78,0.92,1.55,0.06,33.91,46.31
Tarsons Products,Healthcare Equipment & Supplies,1015.18,-37.33,-31.4,,4.75,6.91,0.63,7.48,47.8
Tasty Bite Eat.,Food Products,1847.39,-18.15,-7.86,-13.79,8.58,10.74,0.21,6.63,51.57
Tasty Dairy,Food Products,13.77,-19.38,-19.35,-23.78,,-6.34,,-13.17,
Tata Capital,Finance,141608.83,,,,12.92,9.58,5.88,55.82,31.98
Tata Chemicals,Chemicals & Petrochemicals,18276.48,-7.71,-10.32,-0.71,1.2,3.96,0.34,-1.33,67.18
Tata Comm,Telecom - Services,45528.75,18.11,9.82,7.46,55.18,14.79,4.68,6.48,39.76
Tata Consumer,Agricultural Food & other Products,112908.56,18.4,17.33,13.09,7.01,9.16,0.13,14.93,77.87
Tata Elxsi,IT - Software,28114.08,-16.6,-10.02,11.47,29.27,36.26,0.06,-1.47,44.57
Tata Inv.Corpn.,Finance,33327.12,8.6,47.99,42.17,1.02,1.21,0,8.11,81.77
Tata Motors,"Agricultural, Commercial & Construction Vehicles",186068.2,,,,-400,,0.57,,408.6
Tata Motors PVeh,Automobiles,140906.18,2.05,14.14,14.05,28.08,19.97,0.61,-13.51,23.45
Tata Power Co.,Power,120640.04,11.31,22.67,30.99,10.97,10.81,1.86,0.62,31.9
Tata Steel,Ferrous Metals,265062.73,54.76,26.26,23.79,3.89,8.83,1.01,1.84,27.09
Tata Technolog.,IT - Services,23757.66,-12.85,,,19.91,25.8,0.07,0.68,36.18
Tata Tele. Mah.,Telecom - Services,8130.54,-30.12,-10.93,22.06,,50.32,,-11.34,
Tatia Global,Realty,35.78,-20.54,22.62,34.31,26.48,25.76,0,-22.04,6.06
Tatva Chintan,Chemicals & Petrochemicals,2862.02,76.84,-13.79,,0.78,1.2,0.11,28.53,87.34
Taurian MPS,Industrial Manufacturing,190.32,,,,35.01,39.32,0.12,95.61,20.46
Taylormade Renew,Industrial Manufacturing,131.48,-57.17,-12.02,63.78,15.59,21.76,0.13,-41.96,28.46
TBI Corn,Agricultural Food & other Products,130.47,-35.5,,,18.9,18.57,0.78,33.68,7.97
TBO Tek,Leisure Services,13310.69,2.08,,,24.62,26.68,0.52,39.08,56.97
TCC Concept,Commercial Services & Supplies,2124.98,1.64,,,9.28,11.83,0.05,100.24,41.77
TCFC Finance,Finance,26.2,-50.81,-6.41,-0.78,1.12,1.27,0,-71.82,38.53
TCI Express,Transport Services,2097.1,-19.59,-29.73,-10.03,11.96,15.79,0.01,-0.09,23.37
TCI Finance,Finance,20.14,23.33,70.63,21.96,,,,-89.39,7.63
TCI Industries,Commercial Services & Supplies,129.15,4.67,7.75,13.56,-54.72,-14.63,0.14,99.1,
TCM,Chemicals & Petrochemicals,34.79,18.37,12.72,10.32,6.04,6.32,0.75,-16.62,
TCPL Packaging,Industrial Products,2423.88,-31.85,26.35,47.95,23.84,20.03,0.97,2.34,20.39
TCS,IT - Software,954234.4,-24.28,-7.99,-2.04,52.38,64.63,0.1,3.46,18.67
TD Power Systems,Electrical Equipment,14110.89,192.47,83.73,95.86,22.31,30.35,0.04,35.23,64.26
Team India Guar.,Finance,237.25,58.05,78.12,58.96,5.04,6.05,0,46.61,111.91
Team Lease Serv.,Commercial Services & Supplies,2044.8,-37.43,-21.73,-19.43,12.18,12.67,0.13,9.92,15.07
Team24 Consumer,Food Products,76.57,15.7,56.35,71.53,-6.13,-3.09,0,-100,264.03
Teamo Production,Construction,63.58,-61.33,-5.62,23.73,2.79,3.99,0,-37.37,9.83
Tech Mahindra,IT - Software,133034.49,-8.74,6.41,7.72,14.62,18.56,0.07,5.05,27.66
TechD Cybersec.,IT - Services,282.88,,,,62.36,81.46,0,97.74,29.97
Techera Enginee.,Aerospace & Defense,315.38,29.2,,,9.68,12.97,0.48,33.88,55.14
Techknowgreen,Commercial Services & Supplies,92.28,-25.04,,,24.26,29.5,0.19,30.42,13.51
Technichem Org.,Chemicals & Petrochemicals,77.95,-11.57,,,12.43,13.82,0.31,5.46,25.06
Techno Elec.Engg,Construction,13644.27,20.45,54.33,30.72,12.81,16.54,0.02,61.55,29.1
Technocraf.Inds.,Industrial Products,5166.68,-7.95,28.88,42.04,14.46,15.77,0.44,10.61,18.77
Technopack Poly.,Consumer Durables,15.28,-45.89,-32.74,,9.02,11.68,0.17,-20.35,12.03
Technvision Ven.,IT - Software,4062.69,31.5,216.01,104.62,1.5,9.81,0.87,0.6,1122.29
TECIL Chemical,Chemicals & Petrochemicals,25.61,-45.52,,,,,,,
Teerth Gopicon,Construction,54.96,-86.08,,,26.96,27.59,0.96,-62.29,
Teesta Agro Ind.,Fertilizers & Agrochemicals,62.27,5.26,,,5.99,7.97,0.02,25.15,7.07
Tega Inds.,Industrial Manufacturing,13655.96,37.41,41.68,,15.47,17.8,0.21,5.7,67.64
Tejas Cargo,Transport Services,686.92,71.13,,,16.72,15.59,0.97,19.59,29.94
Tejas Networks,Telecom -  Equipment & Accessories,7740.9,-38.67,-8.56,18.12,12.77,15.47,1.29,-67.91,
Tejassvi Aaharam,Textiles & Apparels,25.47,3.91,63.02,,,-123.08,,845.43,
Tejnaksh Health.,Healthcare Services,27.75,-39.05,-32.54,-16.42,9.42,12.71,0.04,-9.13,20.26
TeleCanor Global,IT - Software,78.04,657.12,89.08,44.74,,16.44,,1434.62,10.91
Telge Projects,Construction,91.05,,,,61.25,55.4,0.18,102.75,16.52
Telogica,Telecom -  Equipment & Accessories,61.93,-1.66,22.32,31.84,33.56,22.73,0.15,57.41,65.19
Tembo Global,Industrial Products,823.55,-9.67,47.76,41.09,36.74,31.45,1.06,75.07,10.41
Tenneco Clean,Auto Components,23461.52,,,,42.63,57.3,0.02,-10.56,41.53
Tera Software,IT - Services,447.67,113.93,110.98,53.45,8.04,11.28,,102.5,21.81
Terai Tea Co,Agricultural Food & other Products,69.14,-25.8,13.36,21.41,1.34,3.05,0.21,-43.07,
Texel Industries,Industrial Products,104.66,-11.13,22.21,46.71,0.56,9.27,0.41,11.93,10.49
Texmaco Infrast.,Commercial Services & Supplies,1200.49,1.14,21.79,6.17,-0.51,0.53,0.02,2.75,104.75
Texmaco Rail,Industrial Manufacturing,4261.5,-19.14,31.18,30.22,6.39,11.15,0.29,2.59,25.59
Texmo Pipes,Industrial Products,131.79,-12.74,-2.43,8.19,9.38,8.92,0.29,-0.2,7.15
TGB Banquets,Leisure Services,27.06,-17.65,3.02,17.08,2.58,4.3,0.24,13.94,13.81
TGIF Agribusines,Agricultural Food & other Products,21.89,-9.62,,,26.2,27.56,0,-5.59,11.96
TGV Sraac,Chemicals & Petrochemicals,921.83,-6.25,-7.24,25.54,8.01,10.44,0.24,18.14,7.33
Thaai,Auto Components,233.68,-4.38,,,15.56,16.31,1.11,29.11,19.7
Thacker & Co.,Finance,109.15,-16.23,41.54,33.35,13.89,2.86,0,17.42,5.28
Thakkers Develp.,Realty,114.48,-23.35,4.27,14.67,4.41,5.49,0.1,13.47,10.38
Thakral Services,Industrial Manufacturing,18.07,-69.87,-3.24,20.43,,,,-86.41,
Thangamayil Jew.,Consumer Durables,12305.99,109.66,100.84,67.27,14.88,13.74,0.96,56.15,50.83
The Anup Enginee,Industrial Manufacturing,3147.34,-43.85,41.39,37.49,18.89,,0.25,,27.01
The Bombay Burmah,Food Products,11820.76,2.17,24.36,7.84,21.94,35.52,0.39,7.24,10.91
The Byke Hospi.,Leisure Services,219.21,-34.42,0.83,16.13,2.01,4.58,0.45,13.76,37.79
The Hi-Tech Gear,Auto Components,1208.96,3.54,36.32,29.58,8.4,11.51,0.36,-10.44,53.52
The Invest.Trust,Finance,501.11,-29.35,7.27,-0.03,6.22,9.44,0.73,-5.81,17.31
The Peria Karamalai Tea,Agricultural Food & other Products,244.57,16.18,44.2,28.47,0.09,1.2,0.21,4.96,
The Ramco Cement,Cement & Cement Products,26696.31,36.28,15.66,2.55,1.42,4.77,0.62,0.19,142.21
The Ravalgaon,Agricultural Food & other Products,31.55,-11.7,10.17,20.58,-9.94,-8.1,0.1,-100,
Thejo Engg.,Industrial Manufacturing,1829.48,3.04,9.07,32.56,18.24,22.1,0.12,11.8,36.24
Themis Medicare,Pharmaceuticals & Biotechnology,790.22,-45.65,-11.16,22.86,7.65,10.37,0.25,-21.83,
Thermax,Electrical Equipment,37150.55,-4.02,12.4,17.4,13.57,16.22,0.36,2.56,57.98
Thinking Hats,Other Consumer Services,20.6,-45.63,,,18.89,20.61,0.37,63.04,6.24
Thinkink Picture,Media,28.44,-33.33,-69.21,-39.26,-0.07,0.06,0,54.6,
Thirani Projects,Finance,8.39,3.75,22.28,16.07,6.21,3.48,0.13,20.99,9.12
Thirumalai Chem.,Chemicals & Petrochemicals,2304.13,-10.08,1.14,14.15,-4.13,0.26,1.36,-10.65,
Thomas Cook (I),Leisure Services,4841.63,-17.59,16.68,17.33,11.93,18.69,0.22,9.72,19.19
Thomas Scott,Textiles & Apparels,454.19,-15.17,91.99,113.37,16.38,20.37,0.21,61.5,25.88
Three M Paper,"Paper, Forest & Jute Products",55.21,-31.59,,,12.13,12.18,0.68,5.91,7.5
Thrive Future Habitats,Personal Products,109.33,336.45,31.19,-2.73,-3.09,-11.44,0,-39.74,
Thyrocare Tech.,Healthcare Services,6265.4,71.76,37.86,5.1,16.15,24.78,0.05,21.06,44.1
Tiaan Consumer,Personal Products,6.61,5.57,23.25,-25.41,-2.44,-0.01,361.27,157.14,
Tierra Agrotech,Agricultural Food & other Products,275.43,-6.42,-30.13,,-13.57,-16.34,0.17,19.61,
Tiger Logistics,Transport Services,324.68,-31.51,-7.29,51.33,21.68,26.69,0.32,1.99,12.63
Tijaria Polypipe,Industrial Products,13.23,-48.49,-9.34,-8.74,,-5.05,,-100,
TIL,"Agricultural, Commercial & Construction Vehicles",1470.22,9.16,73.81,34.57,0.91,11.08,3.79,28.85,
Tilak Ventures,Finance,121.68,-44.51,-11.21,5.09,5.8,7.55,0,30.71,16.67
Tilaknagar Inds.,Beverages,11219.08,104.74,57.49,74.32,29.62,28.19,0.02,35.3,39.71
Time Technoplast,Industrial Products,9071.04,2.81,63.91,43.81,14.22,17.35,0.22,9.56,20.32
Times Green Ener,Agricultural Food & other Products,24.78,16.77,16.26,,1.17,2.56,0.09,3.56,65.21
Timescan Logist.,Transport Services,33.16,-0.63,-7.6,,25.23,32.99,0.3,18.87,5.16
Timex Group,Consumer Durables,2875.56,75.4,29.18,55.04,196.63,42.56,0.11,41.24,48.52
Timken India,Industrial Products,26122.71,40.36,5.8,22.39,16.95,20.93,0.01,5.8,60.7
Tinna Rubber,Industrial Products,1279.57,-22.07,58.79,109.86,31.2,28.05,0.38,6.52,26.16
Tips Films,Entertainment,156.1,-32.1,-2.55,,-66.65,-26.64,4.53,193.04,
Tips Music,Entertainment,6899.07,-8.69,53.59,68.1,82.88,108.83,0.01,18.48,36.64
Tirth Plastic,Commercial Services & Supplies,11.12,-9.55,,,0.42,0.4,0.12,,46.33
Tirupati Foam,Consumer Durables,32.17,-24.51,3.79,1.25,6.35,9.54,1.15,-6.97,15.85
Tirupati Forge,Industrial Products,465.09,7.45,47.27,67.5,9.99,12.37,0.21,22.79,76.62
Tirupati Innovar,Auto Components,16.13,-34.46,-42.85,15.01,1.84,2.34,0.08,,5.1
Tirupati Sarjan,Realty,32.77,-27.73,0.75,7.03,5.95,9.08,0.49,-0.09,6.94
Tirupati Starch,Food Products,157.65,-5.27,30.07,33.86,13.2,10.36,2.18,-0.08,27.85
Titaanium Ten,Textiles & Apparels,21.93,-68.05,14.69,32.27,17.91,16.41,1.17,-20.23,6.21
Titagarh Rail,Industrial Manufacturing,9439.96,0.57,48.64,68.96,11.75,16.55,0.25,-15.29,51.67
Titan Biotech,Chemicals & Petrochemicals,999.08,171.38,79.26,47.73,15.01,16.9,0.05,19.44,36.73
Titan Company,Consumer Durables,384189.46,40.63,22.01,24.41,31.75,19.14,0.97,30.23,78.73
Titan Intech,IT - Services,72.61,12.99,-26.15,54.14,5.38,6.62,0.02,-11.87,12.97
Titan Securities,Finance,92.05,4.73,28.62,30.5,10.94,1.56,0,-40.65,8.32
TMT (I),Industrial Manufacturing,3.45,39.96,42.28,,,-107.32,,-100,
Tokyo Finance,Finance,14.57,-32.58,16.12,18.27,2.01,2.01,0,2.47,242.83
Tokyo Plast Intl,Consumer Durables,76.54,-27.64,-4.74,2.56,2.12,4.53,0.59,1.83,71.53
Tolins Tyres,Auto Components,438.9,-7.17,,,18.2,21.3,0.05,2.94,12.18
Tomorrow Tech.,Finance,110.79,5.12,60.59,45.11,-32.3,-32.3,0,-95.11,
Torrent Pharma.,Pharmaceuticals & Biotechnology,146658.56,46.99,43.21,28.86,26.52,27.05,0.33,12.74,63.61
Torrent Power,Power,78931.45,24.03,45.69,32.39,19.03,15.95,0.55,-0.76,25
Toss The Coin,Media,59.27,-20.77,,,14.52,19.47,0,77.57,38.99
Total Transport,Transport Services,104.04,-4.61,-21.25,2.15,10.88,11.29,0.43,-5.19,7.86
Touchwood Enter.,Other Consumer Services,81.88,-18.09,-26.32,-4.36,14.03,18.51,0.09,10.36,16.57
Tour. Fin. Corp.,Finance,3279.27,138.57,71.02,43.4,8.51,10.67,0.82,11.04,26.96
Toyam Sports,Finance,54.31,-37.33,-61.09,-22.81,-4.05,-3.64,0,-91.71,
TPI India,Industrial Products,77.33,8.5,,,,99.12,,10.41,88.89
TPL Plastech,Industrial Products,525.97,-14.06,29.71,32.94,16.98,19.85,0.14,17.89,18.89
Tracxn Technolo.,Commercial Services & Supplies,362.46,-36.73,-24.41,,-10.62,7.9,0,1.18,
Trade-Wings,Leisure Services,192.11,,,68.1,,55.63,,3.56,68.12
Tradewell Hold,Commercial Services & Supplies,23.66,12.19,26.99,16.34,-17.46,-10.68,1.8,-96.89,9.35
Trans Freight,Industrial Products,15.69,-36.37,2.52,14.54,3.43,3.77,0,,9.51
Trans India,Industrial Manufacturing,42.42,-55.25,-5.88,25.73,4.93,,0.19,,31.66
Transchem,Pharmaceuticals & Biotechnology,226.01,373.22,100.76,59.48,6.75,9.11,0,290.32,77.14
Transcorp Intl.,Finance,81.55,6.33,-6.44,21.47,16.12,17.06,0.27,-38.79,13.24
Transgene Biotek,Healthcare Services,20.23,-35.82,0.25,-6.57,-6.56,-1.75,1.79,-4.17,
Transglobe Foods,Beverages,7,108.64,81.34,22.92,,13.33,,,
TransIndia Real,Transport Services,598.51,-14.91,,,1.56,2.46,0,0.45,17.98
Transpact Enter.,Healthcare Equipment & Supplies,6.76,6.2,10.35,1.52,2.22,0,0.12,,67.6
Transpek Inds.,Chemicals & Petrochemicals,544.57,-25.86,-15.97,-6.82,7.75,10.02,0.05,0.86,9.34
Transport Corp.,Transport Services,7707.23,11.38,15.84,32.4,19.79,20.52,0.11,8.65,17.2
Transrail Light,Electrical Equipment,7585.47,9.26,,,21.55,35.22,0.39,46.45,17.02
Transteel Seatin,Consumer Durables,312.27,42.27,,,14.23,16.79,0.29,71.17,17.26
Transvoy Logist.,Transport Services,29.29,-30.29,16.54,,23.72,19.75,1.95,44.17,10.28
Transwar.Fin.,Finance,74.52,-4.79,13.9,43.4,-10.14,1.28,1.15,-16.03,
Transwind Infra.,Commercial Services & Supplies,16.75,7.88,40.18,24.92,3.59,9.84,0.36,61.05,20.94
Transworld Shipp,Transport Services,305.62,-43.76,-17.99,11.05,5.71,6.83,0.38,1.48,
Tranway21 Tech.,IT - Software,4.78,-29.53,-21.85,-9.13,-1.07,0.92,0.31,11.64,
Travel Food,Leisure Services,16251.88,,,,39.1,41.69,0.24,20.87,38.41
Travels & Rent.,Leisure Services,38.81,-68.2,,,14.97,24.13,0.64,52.06,12.77
Tree House Edu.,Other Consumer Services,41.63,-32.97,-9.78,6.9,-8.61,-1.53,0,-45.98,
Trejhara Solutio,IT - Software,445.24,6.29,46.41,42.8,1.82,2.99,0.04,146.06,70.01
Trent,Retailing,138622.34,-19.62,44.53,36.25,30.4,30.71,0.38,18.8,83.66
Trescon,Realty,63.64,-27.8,-9.54,-32.4,-2.37,-1.93,0.31,-1769.64,41.59
TRF,Industrial Manufacturing,292.16,-17.71,18.75,22.34,,21.81,1.44,-29.53,16.89
Tricom Fruit,Food Products,4.45,28.73,19.95,-10.51,,,,,
Trident,Textiles & Apparels,13035.45,-0.81,-6.36,13.22,8.23,9.48,0.35,1.88,31.92
Trident Lifeline,Pharmaceuticals & Biotechnology,321,19.56,20.45,,20.02,18.12,0.73,92.53,16.56
Trident Techlabs,IT - Software,336.98,-73.13,,,21.96,26.67,0.26,39.49,17.35
Trident Texofab,Textiles & Apparels,112.54,-56.35,3.64,24.34,2.61,10.06,0.56,7.58,33.69
Tridev Infra.,"Paper, Forest & Jute Products",5.1,7.12,65.34,45,0,0.91,0,-14.29,170
Tridhya Tech,Commercial Services & Supplies,29.34,-47.61,,,-6.12,2.9,1.88,-30.37,
Trigyn Techno.,IT - Software,160.42,-33.69,-20.23,-5.53,1.72,4.17,0.01,-2.68,29.93
Triliance Poly,Commercial Services & Supplies,16.51,-48.7,,,7.18,6.61,0.07,,48.56
Trinity League,Finance,9.94,-5.35,-22.47,0.92,-10.33,-9.67,0,2500,
Trio Merc. Trad.,Finance,6.79,-10.71,7.28,-28.79,-0.21,-0.16,0.01,-26.29,
Trishakti Indus,Commercial Services & Supplies,226.8,2.15,154.61,137.54,19.44,14.15,1.25,-62.68,33.55
Triton Corp.,Consumer Durables,24.59,132.08,53.51,45.29,30.77,9.11,4.68,,25.88
Triton Valves,Auto Components,451.13,0.21,31.84,28.01,4.83,8.75,1.09,24.49,55.49
Triumph Intl.,Finance,11.93,215.05,,,,8.76,,20.11,2.63
Triven.Engg.Ind.,Agricultural Food & other Products,8644.28,13.2,13.16,34.42,8.13,8.65,0.25,19.58,27.56
Triveni Enterpri,Commercial Services & Supplies,6.64,-47.27,-16.04,-41.2,1.79,2.29,0,-64.42,
Triveni Glass,Other Construction Materials,9.92,-47.25,-30.81,4.07,,1.51,,,
Triveni Turbine,Electrical Equipment,15551.28,0.66,12.36,34.09,30.59,41.36,0.03,5.9,44.11
Trom Industries,Electrical Equipment,51.12,-65.68,,,15.64,18.46,0.51,12.79,10.5
TruAlt Bioenergy,Agricultural Food & other Products,3442.11,,,,28.37,14.18,1.1,55.94,23.29
TruCap Finance,Finance,79.28,-43.04,-52.09,-41.4,-34.92,2.54,3.03,-48.97,
True Colors,Industrial Manufacturing,386.95,,,,70.47,43.84,0.37,45.97,10.63
True Green,Textiles & Apparels,298.99,3.74,66.68,43.81,-2.25,-0.63,1.91,377.49,228.24
Trust Fintech,IT - Software,87.56,-61.4,,,11.57,15.67,0,5.93,10.76
Trustedgecapital,Finance,144.97,298.53,127.97,96.59,0.76,1.05,0,203.7,
Trustwave,Finance,11.64,-28.14,31.1,17.43,,-51.43,,,
TSC India,Leisure Services,51.28,,,,39.64,22.03,0.63,33.09,9.82
Tsf Investments,Finance,8931.91,65.53,69.8,38.83,7.93,2.27,0.05,128.18,19.04
TTI Enterprise,Finance,25.18,-6.42,-5.28,50.12,3.34,3.24,0.04,-1.75,
TTK Healthcare,Diversified,1283.39,-22.37,0.15,9.93,6.89,9.26,0.02,4.73,18.43
TTK Prestige,Consumer Durables,7158.43,-16.34,-12.1,-5.97,7.42,11.55,0.1,7.67,46.65
Tube Investments,Auto Components,53283.71,11.83,-0.36,21.46,12.77,21.8,0.09,15.84,86.21
Tulasee Bio-Eth.,Chemicals & Petrochemicals,16.58,56.54,10.23,12.81,-16.99,-1.61,13.71,,
Tulive Developer,Industrial Manufacturing,174.94,6.96,65.23,33.43,-2.78,-2.74,0,,
Tulsyan NEC,Industrial Products,40.41,-46.41,-17.21,,-25.05,-1.13,1.66,-4.38,
Tuni Text. Mills,Textiles & Apparels,52.62,-5.94,-4.77,20.11,4.17,9.02,1.84,33.75,42.1
Tunwal E-Motors,Automobiles,173.37,-19.33,,,19.25,19.92,0.27,85.42,11.57
Turner Industrie,Consumer Durables,0.27,4.76,,14.87,-22.22,-5.94,3.55,,
Tusaldah,Textiles & Apparels,32.64,16.13,60.03,60.69,,-5.97,0.63,-92.77,
Tuticorin Alkali,Chemicals & Petrochemicals,674.12,-34.48,1.4,44.77,40.21,37.99,0.59,17.77,18.81
TV Vision,Entertainment,23.09,34.84,32.71,29.29,,,,-60.54,
TVS Elec.,IT - Hardware,1107.01,26.31,4.47,15.19,-5.61,-1.88,0.69,9.53,
TVS Holdings,Finance,30568.69,84.59,56.29,38.62,30.2,15.21,6.25,25.5,19.51
TVS Infra. Trust,Commercial Services & Supplies,2267.8,,,,,,0.52,20.13,139.21
TVS Motor Co.,Automobiles,183844.46,73.88,53.83,44.39,28.39,15.35,3.89,23.4,63.04
TVS Srichakra,Auto Components,3013.37,46.12,11.12,15.45,2.35,5.36,0.69,8.75,64.29
TVS Supply,Transport Services,5072.25,-16.51,,,-0.72,4.83,1.14,5.51,32.39
Twamev Constr.,Construction,418.04,-33.33,36.95,65.84,36.37,17.21,1.14,63.82,4.14
Tyche Industries,Pharmaceuticals & Biotechnology,117.11,-17.48,-6.34,-11.73,9.41,12.67,0,-26.76,17.45
Typhoon Fin Ser,Finance,11.1,,,15.44,0.14,0.29,0.06,40.74,222
Tyroon Tea Co.,Agricultural Food & other Products,29.38,-13.51,-5.66,12.9,8.03,9.45,0.11,-9.12,
U P Hotels,Leisure Services,809.89,-5.92,39.58,,17.68,23.58,0,5.49,26.91
U. H. Zaveri,Consumer Durables,42.75,60.32,-16.45,29.56,1.08,0.87,0.43,16.95,855
U. Y. Fincorp,Finance,268.43,-24.3,3.74,34.63,3.62,5.46,0.01,-21.05,8.41
Ucal,Auto Components,240.09,-20.75,-2.11,-6.8,-6.51,0.9,0.87,2.92,
UCO Bank,Banks,37142.17,-18.56,4.17,16.59,8.38,5.76,10.11,9.05,14.18
Uday Jewellery,Consumer Durables,303.49,-6.22,6.95,2.56,11.85,14.15,0.2,110.37,16
Udayshivakumar,Construction,158.71,-29.05,,,-5.07,-0.92,0.39,-17.94,
Uflex,Industrial Products,3478.43,6.84,5.21,5.71,3.29,7.75,1.21,3.49,14.57
UFO Moviez,Entertainment,274.42,-3.67,-2.76,-2.77,3,7.39,0.3,-1.39,13.92
Ugar Sugar Works,Agricultural Food & other Products,411.64,-21.41,-26.38,16.64,-7.9,3.14,2.56,35.28,21.73
Ugro Capital,Finance,1724.17,-26.63,-9.31,0.14,8.26,11.05,3.28,27.86,13.86
Ujaas Energy,Power,2391.82,88.88,432.12,156.34,9.68,9.98,0.27,-27.81,784.2
Ujjivan Small,Banks,11268.84,80.7,29.72,11.39,12.42,8.53,6.77,5.02,22.81
Ultra Wiring,Auto Components,51.07,-41.05,-1.9,28.88,13.58,16.87,0.13,19.48,15.38
Ultracab India,Industrial Products,87.79,-48.19,-32.29,-15.56,15.56,17.41,0.33,19.95,13.18
Ultramarine Pig.,Chemicals & Petrochemicals,1293.27,2.25,9.21,7.07,7.99,10.42,0.08,21.28,16.11
UltraTech Cem.,Cement & Cement Products,373564.79,25.16,20.34,14.77,9.29,10.89,0.35,17,48.09
Uma Converter,Industrial Products,36.8,-37.09,-15.93,,3.66,7.09,0.92,14.76,14.43
Uma Exports,Commercial Services & Supplies,92.5,-69.42,-13.65,,1.41,4.45,0.96,-1.79,
Umiya Buildcon,Telecom -  Equipment & Accessories,160.03,34.23,14.17,22.38,8.27,9.59,1.08,44.93,17.24
Umiya Mobile,Retailing,93.91,,,,50.67,32.58,0.13,33.16,15.78
Umiya Tubes,Industrial Products,40.92,16.4,74.83,32.61,-21.4,-16.46,0.02,607.81,30.54
Uni Abex Alloy,Industrial Products,625.68,70.49,49.53,50.12,26.26,31.9,0.12,20.85,17.94
Unichem Labs.,Pharmaceuticals & Biotechnology,2437.45,-42.77,4.45,1.4,5.59,6.24,0.21,13.22,23.17
Unick Fix-A-Form,Printing & Publication,24.68,-33.1,2.55,10.15,7.94,10.19,0.53,0.4,11.75
Unicommerce,IT - Software,1211,0.93,,,24.78,31.37,0.06,70.59,59.33
Unified Data,IT - Services,699.34,,,,36.49,47.86,0,-15.41,23.81
Unifinz Capital,Finance,420.55,-22.32,72.84,26.4,49.38,47.09,1.13,376.74,5.58
Unihealth Hosp,Healthcare Services,507,139.11,,,16.03,17.15,0.14,75.16,21.02
Uniinfo Telecom,Telecom - Services,15.01,-41.98,-4.36,-2.02,-2.09,-0.97,0.16,13.79,93.81
Unilex Colour &C,Chemicals & Petrochemicals,36.77,-55,,,11.69,13.63,0.13,5.26,9.91
Unimech Aero.,Aerospace & Defense,4457.86,-4.1,,,19.91,22.22,0.16,-4.16,67.16
Union Bank (I),Banks,154404.94,80.44,44.31,38.25,17.05,6.72,9.95,1.62,8.15
Union Qual. Pla.,Industrial Products,10.74,81.71,12.87,1.19,,201.56,,-100,2
Uniparts India,Auto Components,2068.08,41.57,-6.67,,9.99,12.35,0.13,8.34,15.61
Uniphos Enter.,Chemicals & Petrochemicals,745.72,-25.6,-12.48,5.29,0.01,0.06,0,-11.76,37.61
Unipro Technolgy,IT - Services,12.93,,,,,-56,,,
Unique Organics,Agricultural Food & other Products,53.53,-26.17,27.54,47.54,37.91,50.11,0,-44.14,8.12
Uniroyal Ind,Textiles & Apparels,16.13,-7.98,11.95,30.51,2.44,7.15,0.89,1.56,
Uniroyal Marine,Food Products,9.27,-1.31,14.63,5.5,17.5,10.52,16.41,-23.52,7.02
Unisem Agritech,Agricultural Food & other Products,73.31,,,,57.2,38.98,1.25,16.04,17.17
Unishire Urban,Realty,3.92,-34.29,1.49,0.76,-0.09,-0.05,0.69,908.64,
Unison Metals,Industrial Products,31.7,-53.07,-24.33,1.77,12.64,13.03,0.92,77.53,3.58
Unitech,Realty,1339.55,-17.55,47.36,23.25,,-47.93,,1.31,
Unitech Internat,Chemicals & Petrochemicals,3.59,-22.15,-20.06,-0.28,,-536.59,,-99.8,
United Breweries,Beverages,42437.03,-17.53,3.11,6.19,10.77,13.88,0.18,6.73,101.02
United Cotfab,Textiles & Apparels,32.66,-44.15,,,8.53,9.91,0.81,16.94,9.66
United Credit,Finance,14.34,-25.13,13.2,19.33,3.39,4.36,0.01,-14.44,20.78
United Drilling,Industrial Manufacturing,354.63,-25.16,-7.18,-7.65,5.79,7.71,0.11,-8.18,19.72
United Foodbrands,Leisure Services,927.25,-14.65,-30.71,,-7.36,4.57,2.52,2.64,
United Heat,Industrial Products,96.07,-15.75,,,13.42,15.69,0.3,-12.42,31.19
United Interacti,IT - Services,12.95,6.7,8.42,43.69,2.91,3.98,0,-17.56,13.92
United Leasing,Textiles & Apparels,12.64,12.85,-10.56,44.24,1.61,4.54,0.72,7.47,
United Nilgiri,Agricultural Food & other Products,250.13,36.55,22.26,10.06,8.7,10.06,0,-7.34,11.31
United Polyfab,Textiles & Apparels,565.99,69.83,39.52,66.97,19.99,15.11,0.9,-0.75,25.37
United Spirits,Beverages,100432.61,7.5,23.01,20.37,19.74,26.5,0.05,9.29,57.09
United Textiles,Textiles & Apparels,4.77,-5.97,4.38,36.46,0.19,3.11,0.94,-48.38,
United Van Der,Electrical Equipment,268.49,73.14,60.09,75.04,9.01,11.64,0.47,31.96,45.97
Univa Foods,Leisure Services,14.19,-2.46,14.28,52.54,,,,-100,
Univastu India,Construction,240.82,-17.15,30.63,46.64,15.82,26.56,0.48,14.55,15.47
Universal Arts,Entertainment,5.57,20.73,39.26,44.74,1.96,3.93,0,-100,42.85
Universal Auto.,Auto Components,74.41,-8.84,-24.66,18.21,3.17,5.69,0.76,6.37,121.98
Universal Cables,Industrial Products,2410.81,39.1,26.53,38.5,5.06,8.58,0.54,23.4,15.31
Universal Office,Commercial Services & Supplies,12.22,50.27,30.53,28.18,-4.89,-4.89,0,,1222
Universal Starch,Agricultural Food & other Products,57.1,-17.36,3.53,15.55,4.71,9.43,1.14,-4.7,8.88
Universus Photo,Consumer Durables,477.66,132.56,3.13,19.82,8.69,9.55,0,-37.38,
Unjha Formul.,Pharmaceuticals & Biotechnology,9.72,-5.98,13.72,22.14,13.97,18.06,0,-7.79,9.35
Uno Minda,Auto Components,68625.94,43.9,33.52,33.05,17.5,18.83,0.46,17.51,59.28
Updater Services,Commercial Services & Supplies,1053.64,-47.85,,,13.17,15.32,0.05,9.29,10.92
UPL,Fertilizers & Agrochemicals,53807.05,0.7,-2.34,2.39,3.29,7.66,0.94,8.72,28.33
Upsurge Invest.,Finance,144.63,-20.16,23.13,21.69,20.45,25.58,0.23,-7.44,14.79
Upsurge Seeds,Agricultural Food & other Products,115.98,-5.58,-25.76,,16.92,12.98,0.72,19.89,13.73
UR Sugar,Commercial Services & Supplies,12.92,-58.23,-41.86,-30.95,2.31,3.08,0,-100,23.49
Uravi Defence &,Auto Components,166.34,-63.16,0.79,15.09,5.31,,0.51,,80.75
Urban Company,Retailing,15659.95,,,,15.52,2.37,0.06,38.22,
Urban Enviro,Other Utilities,121.24,-28.22,,,38.31,28.13,0.71,21.74,10.34
Urja Global,Electrical Equipment,486.57,-17.69,2.5,5.31,0.73,1.36,0.05,5.09,377.19
USG Tech,IT - Services,32.36,-37.52,27.3,36.86,-1.7,-1.17,0.47,,
Usha Financial,Finance,123.9,-29.33,,,8.7,12.38,0.8,16.34,6.16
Usha Mart. Edu.,Other Consumer Services,10.83,-26.92,6.44,3.22,2.15,2.94,0.03,4.69,33.84
Usha Martin,Industrial Products,12750.4,41.47,32.96,68.61,15.83,18.75,0.09,5.89,28.5
Ushakiran Fin.,Finance,14.87,73.4,59.6,72.8,1.36,1.65,0,-14.81,
Ushanti Colour,Chemicals & Petrochemicals,84.16,35.81,5.64,17.81,-5.98,-0.98,1.31,43.75,
UTI AMC,Capital Markets,12688.69,4.93,14.33,10.97,17.5,23.72,0,7.35,17.79
Utique Enterp.,Non - Ferrous Metals,24.94,-1.1,-3.21,20.41,0.43,2.74,0.01,5.84,7.19
Utkarsh Small F.,Banks,2461.08,-31.64,,,0.79,7.17,9.98,-9.5,
UTL Industries,Realty,5.67,-41.1,-1.5,-31.79,-2.4,-2.38,0.02,47.06,113.4
Utssav CZ Gold,Consumer Durables,483.86,16.92,,,31.5,21.8,0.88,78.62,10.85
Uttam Sug.Mills,Agricultural Food & other Products,756.24,6.58,-6.06,14.73,12.41,11.82,0.29,29.28,6.57
UVS Hospitality,Finance,338.81,-54.67,71.25,25.01,21.21,21.57,0.02,71.36,19.2
V B Desai Fin.,Finance,9.05,-35.96,22.12,37.47,4.76,6.54,0,-7.59,10.52
V B Industries,Finance,7.37,-52.61,3.97,47.32,-0.09,0.28,0,-80.18,10.38
V I P Inds.,Consumer Durables,5079.05,18.18,-17.64,-2.52,-12.1,-1.5,1.68,-12.93,
V R Films & Stud,Entertainment,14.3,-33.35,-24.29,-3.72,-38.66,-23.09,0.96,-29.58,
V R Infraspace,Realty,127.38,-38.5,,,5.71,12.44,0.56,49.84,56.61
V R Woodart,Auto Components,268.6,352.33,164.43,73.36,,,,,82.65
V-Guard Industri,Consumer Durables,13679.15,1.21,8,7.11,13.58,17.23,0.03,7.75,53.55
V-Marc India,Industrial Products,1715.43,178.14,145.54,,24.34,26.43,1.07,70.25,28.04
V-Mart Retail,Retailing,4400.4,-25.94,-2.64,-3.31,3.08,8.5,0.95,14.52,37.06
V.L.Infraproject,Construction,41.32,-44.92,,,24.16,27.34,0.7,27.01,5.52
V2 Retail,Retailing,7271.6,26.55,178.47,71.21,23.28,16.87,3.39,64.6,55.97
Va Tech Wabag,Other Utilities,7876.78,-3.01,58.82,35.11,14.6,19.7,0.1,19.99,22.81
Vaarad Ventures,Finance,273.64,-14.39,-1.04,27.5,-0.85,-0.77,0.19,,
Vadilal Enterp.,Food Products,881.07,28.54,45.88,43.22,20.48,20.03,1.1,6.09,149.08
Vadilal Inds.,Food Products,3555.1,37.87,24.34,41.35,24,25.11,0.26,11.9,29.08
Vadivarhe Speci.,Chemicals & Petrochemicals,32.47,0.79,-9.4,9.75,-495.42,-22.66,,0.07,
Vaibhav Global,Consumer Durables,3766.47,-0.17,-11.73,-20.54,11.72,14.03,0.16,8.67,18.02
Vaidya Sane,Healthcare Equipment & Supplies,227.3,122.54,-0.73,,13.56,18.45,0.01,8.84,25.26
Vaishali Pharma,Pharmaceuticals & Biotechnology,90.93,-51.33,-27.42,11.97,1.52,4.93,0.23,15.04,
Vaishno Cement,Cement & Cement Products,4.49,,,,,23.08,,,
Vakrangee,IT - Services,702.99,-53.04,-32.14,-32.94,3.65,5.86,0.02,6.3,60.16
Valencia India,Leisure Services,22.09,,,,20.56,22.21,0.11,-21.23,11.88
Valencia Nutrit.,Beverages,119.32,60.12,78.92,42.71,2.93,,0.48,,40.45
Valiant Commun.,Telecom -  Equipment & Accessories,1094.95,326.2,119.79,81.47,16.14,21.13,0.03,59.73,54.04
Valiant Laborato,Pharmaceuticals & Biotechnology,311.1,-23.5,,,-1.43,-0.95,0.17,91.44,
Valiant Organics,Chemicals & Petrochemicals,643.27,-14,-17.55,-28.57,-0.51,2.63,0.32,4.78,35.42
Vallabh Steels,Industrial Products,6.3,88.44,33.72,3.91,,-5.73,,,
Valor Estate,Leisure Services,6171.5,6.14,27.95,34.7,-2.54,-1.38,0.25,322.21,112.9
Valplast Technol,Construction,98.14,,,,22.4,24.66,0.7,-2.59,16.06
Valson Industrie,Textiles & Apparels,19.9,-0.08,2.68,11.24,2.24,4.47,0.43,-6.68,25.51
Vama Industries,IT - Hardware,21.02,-43.1,-10.82,-8.97,10.18,9.66,0.08,-82.21,
Vamshi Rubber,Auto Components,19.68,3.87,24.36,21.03,5.03,8.24,1.3,-2.8,20.08
Vandan Foods,Agricultural Food & other Products,32.7,,,,53.44,46.58,0.38,73.46,3.62
Vani Commercials,Finance,10.25,-20.64,-4.43,34.96,1.91,2.33,0,33.44,14.24
Vanta Bioscience,Healthcare Services,13.23,-41.78,-37.58,-33.91,-37.24,-11.58,1.59,-73.14,
Vantage Knowledg,Other Consumer Services,35.85,-97.15,16.74,34.34,2.6,4.03,0,-44.26,
Vapi Enterprise,"Paper, Forest & Jute Products",25.14,8.46,17.48,29.39,3.81,4.97,0.01,12.8,17.46
Vardhman Acrylic,Textiles & Apparels,278.62,-17.88,-11.04,-2.5,4.86,6.68,0,10.56,20.46
Vardhman Concr.,Cement & Cement Products,7.16,20.48,-5.77,20.05,,-3.73,,,10.85
Vardhman Hold.,Finance,1062.27,12.77,7.22,15.12,7.55,7.98,0,-31.59,4.58
Vardhman Polytex,Textiles & Apparels,387.31,-17.58,59.76,25.14,,,,-8.8,49.72
Vardhman Special,Industrial Products,2480.95,27.11,15.07,25.48,12.14,16.53,0.06,-2.88,23.02
Vardhman Textile,Textiles & Apparels,15692.57,42.89,20.43,18.19,8.95,10.83,0.15,1.48,19.67
Variman Global,Commercial Services & Supplies,95.2,-55.23,-34.43,26.44,1.54,6.78,0.64,-4.04,34.37
Varroc Engineer,Auto Components,8264.98,28.23,29.49,5.66,7.37,17.06,0.54,7.37,33.25
Varun Beverages,Beverages,152667.74,3.52,18.87,37.19,16.78,19.99,0.13,8.39,50.28
Varvee Global,Textiles & Apparels,330.02,-11.34,83.74,47.9,-347.9,-37.31,0.27,-20.41,10.26
Varyaa Creations,Consumer Durables,15.33,-52.24,,,3.08,6.61,0.1,1.27,33.33
Vas Infra.,Realty,15.87,24.88,46.15,14.85,,,,-100,
Vasa Denticity,Healthcare Equipment & Supplies,779.03,-22.08,,,16.39,22.42,0,19,56.7
Vascon Engineers,Realty,869.62,10.52,7.46,16.79,6.59,7.76,0.24,17.2,11.32
Vashishtha Lux.,Textiles & Apparels,15.55,,,,44.24,35.74,0.02,48.88,10.95
Vashu Bhagnani,Entertainment,328.34,-52.24,29.06,40.11,5.84,5.26,0.12,-12.82,52.37
Vasudhagama Ent.,Agricultural Food & other Products,8.65,-74.74,-31.01,-52.43,2.26,2.88,0,24.23,4.97
Vasundhara Rasy.,Pharmaceuticals & Biotechnology,41,-45.95,-5.94,11.1,12.59,16.56,0.14,-15.47,10.79
Vaswani Industri,Ferrous Metals,202.59,67.78,39.09,40.2,8.48,11.07,1.75,3.59,15.62
Vaxfab Enterp.,Commercial Services & Supplies,75.14,271.08,35.52,-5.39,,,0.02,,153.35
Vaxtex Cotfab,Textiles & Apparels,39.14,169.62,-29.66,-8.05,4.74,1.77,0.63,-4205,6.46
VCU Data Managem,IT - Hardware,10,9.51,-1.16,4.81,0.27,0.33,0,,
Vdeal System,Electrical Equipment,85.17,35,,,24.99,25.55,0.38,48.79,21.19
Vedant Asset,Capital Markets,10.66,-44.68,-3.56,,3.98,6.87,0,37.59,42.64
Vedant Fashions,Retailing,9474.74,-53.75,-30.98,,22.26,25.93,0.27,1.54,26.15
Vedanta,Diversified Metals,280922.28,81.99,37.13,27.45,38.48,25.26,2.12,-4.43,25.57
Vedavaag Systems,IT - Services,47.07,-58.56,-22.44,-8.34,5.98,8.69,0.01,8.35,8.59
Veedol Corporat,Petroleum Products,2428.21,-3.07,14.47,7.84,19.75,23.72,0.02,8.72,12.53
Veefin Solutions,IT - Services,720.21,-25.66,,,4.58,6.81,0.22,384.29,42.29
Veejay Lak. Eng.,Industrial Manufacturing,21.04,-31.74,6.49,10.94,-19.96,-1.64,2.71,-12.15,
Veekayem Fash.,Textiles & Apparels,86.96,-37.68,53.21,,15.7,14.05,2.09,9.18,11.06
Veer Energy,Power,18.02,-31.51,4.04,10.65,0.28,0.39,0,-44.19,72.08
Veer Global Inf.,Realty,140.99,-37.96,-1.27,33.27,7.31,9.2,0.19,-24.53,84.93
Veerhealth Care,Pharmaceuticals & Biotechnology,39.4,60.03,26.9,34.65,1.77,3.14,0.2,48.06,49.87
Veerkrupa Jewel,Consumer Durables,7.86,-43.4,-55.37,,1.49,1.17,0.67,259.56,43.67
Vega Jewellers,Commercial Services & Supplies,317.75,898.56,,,2.09,2.53,1.76,8132.42,20.03
Velan Hotels,Leisure Services,18.06,-12.54,-2.36,16.26,,-2.6,,,
Veljan Denison,Auto Components,443.34,-0.87,16.94,21.62,10.71,14.34,0.03,5.25,18.33
Vels Film,Entertainment,64.54,-36.67,,,-9.99,0.14,1.41,3.5,3.53
Venky's (India),Food Products,1898.55,-17.62,-6.35,-3.34,8.21,11.25,0.13,3.28,37.1
Venlon Enterpris,Chemicals & Petrochemicals,27.69,-15.06,7.55,19.33,,-38.61,3.38,-27.67,
Venmax Drugs,Pharmaceuticals & Biotechnology,22.3,30.88,,,6.38,5.29,0.36,838.3,25.63
Ventive Hospital,Leisure Services,16224.14,24.63,,,4.75,11.73,0.52,130.87,49.81
Ventura Textiles,Textiles & Apparels,16.44,-44.99,1.67,29.73,,,,-100,
Venus Pipes,Industrial Products,2301.56,-13.99,15.55,,19.78,24.95,0.36,21.45,22.87
Venus Remedies,Pharmaceuticals & Biotechnology,898.8,126.89,58.72,25.5,7.16,11.06,0.02,8.42,11.78
Veranda Learning,Other Consumer Services,1748.56,-18.54,-0.92,,-78,-12.96,0.42,8.61,66.87
Veritaas Adver.,Media,16.56,-16.45,,,19.11,22.37,0.61,22.23,11.91
Veritas (India),Commercial Services & Supplies,464.35,-65.33,1.41,28.7,4.39,5.35,0.09,-23.63,13.45
Vertex Secur.,Finance,26.5,-16.36,23.51,34.28,-7.64,-1.51,0.87,-26.72,
Vertexplus Tech.,IT - Services,52.93,8.48,,,3.73,5.85,0.22,37.6,98.02
Vertis Infra.,Transport Infrastructure,16458.83,,,,8.64,9.51,1.6,25.01,27.15
Vertoz,Media,408,-47.57,-25.32,-19.38,13.99,14.68,0.08,20.23,15.55
Vesuvius India,Industrial Products,10146.01,25.36,45.8,36.99,17.07,22.91,0.01,12.62,38.42
Veto Switchgears,Consumer Durables,197.92,6.76,4.26,-6.85,8.62,11.12,0.06,15.96,8.28
Viaz Tyres,Auto Components,87.21,-0.15,-1.57,,9.5,11.95,0.44,26.2,21.48
Vibhor Steel,Industrial Products,221.41,-23.42,,,6.26,8.14,1.01,10.33,20.77
Vibrant Glo. Cap,Finance,76.74,-29.06,-12.87,6.5,-0.3,3.76,0.24,-17.94,36.72
Viceroy Hotels,Leisure Services,993.41,34.63,295.84,126.61,49.71,9.15,0.21,-0.64,12.26
Victoria Mills,Realty,62.27,13.54,38.08,27.73,0.62,1.1,0,76.13,9.41
Victory Ele.,Automobiles,38.18,,,,42.08,40.91,0.62,5.71,7.38
Vidhi Specialty,Chemicals & Petrochemicals,1549.54,-30.01,-2.82,17.91,14.94,18.73,0.19,4.56,32.35
Vidya Wires,Industrial Products,1136.42,,,,28.01,24.49,0.79,25.18,24.66
Vigor Plast,Industrial Products,56,,,,59.37,30.41,0.18,7.3,9.15
Vijay Solvex,Agricultural Food & other Products,128.98,-59.63,-15.36,-16.15,5.52,7.32,0.15,22.62,8.42
Vijay Textiles,Textiles & Apparels,12.7,-42.69,-39.36,-28.94,-38.04,-2.2,7.04,-39.49,
Vijaya Diagnost.,Healthcare Services,10335.98,9.69,37.53,,19,20.91,0.42,15.78,64.42
Vijaypd Ceutical,Electrical Equipment,124.5,,,,24.77,20.4,0.58,97.95,29.16
Viji Finance,Finance,29.93,-9.87,3.57,30.26,1.01,2.42,0.55,46.05,25.15
Vikalp Securitie,Commercial Services & Supplies,8.7,-27.81,68.06,48.88,-22.02,-27.98,0,-46.15,
Vikas Ecotech,Chemicals & Petrochemicals,245.85,-41.35,-21.29,-3.95,2.1,3.21,0.09,-2.07,36.37
Vikas Lifecare,Commercial Services & Supplies,271.22,-51.5,-27.62,-12.89,-0.79,0.24,0.14,9.42,
Vikas Proppant,Agricultural Food & other Products,14.41,-36.36,-20.15,-36.44,0.12,0.09,0.26,-93.67,
Vikas Wsp,Agricultural Food & other Products,21.06,-32.24,-2.17,-28.21,-3.32,-3.21,0.4,,
Vikram Aroma,Chemicals & Petrochemicals,20.75,,,,-6.78,-4.83,0.03,-14.86,
Vikram Kamats,Leisure Services,92.67,-17.3,12.83,50.3,1.82,4.31,1.25,40.81,2159.89
Vikram Solar,Electrical Equipment,6300.56,,,,16.57,26.45,0.09,36.34,13.86
Vikram Thermo,Chemicals & Petrochemicals,472.41,-21.02,41.13,37.83,6.53,35.47,0.02,-1.7,13.87
Vikran Engg.,Construction,1765.66,,,,20.49,27.15,0.27,16.53,23.77
Vilas Transcore,Industrial Products,960.11,17.83,,,15.14,21.91,0.03,34.02,21.35
Vilin Bio Med,Pharmaceuticals & Biotechnology,48.76,73.88,,,0.96,4.2,0.02,57.94,195.04
Vimta Labs,Healthcare Services,2017.73,4.47,43.17,40.44,19.43,25.22,0.02,21.79,26.6
Vinati Organics,Chemicals & Petrochemicals,15260.62,-3.45,-7.74,0.35,15.75,20.61,0,5.4,31.94
Vinayak Polycon,Industrial Products,7.09,-18.25,18.14,29.54,4.49,7.4,0.64,-7.64,37.32
Vindhya Telelink,Telecom - Services,1242.71,-22.33,-12.57,4.4,5.03,7.64,0.33,-7.25,5.48
Vineet Laborator,Pharmaceuticals & Biotechnology,56.72,-4.09,-12.29,,-89.47,-27.95,3.01,-44.28,
Vinny Overseas,Textiles & Apparels,49.78,-17.05,-54.02,1.77,9.36,12.79,0.17,4.3,32.75
Vinsys IT Serv.,Other Consumer Services,455.6,-3.89,,,25.88,28.71,0.32,30.65,16.31
Vintage Coffee,Commercial Services & Supplies,2101.58,78.42,72.94,54.68,17.05,15.42,0.17,100.55,31.46
Vintage Secur.,Finance,4.93,3.38,11.86,22.38,0.14,0.14,0,-18.18,98.6
Vinyas Innovativ,Industrial Manufacturing,1236.7,62.13,,,14.12,16.28,0.6,39.34,56.86
Vinyl Chemicals,Chemicals & Petrochemicals,384.88,-7.03,-16.52,9.08,15.57,21.12,0,4,20.13
Vinyoflex,Chemicals & Petrochemicals,20.78,-27.47,-13.21,8.56,8.19,11.02,0.01,-8.55,8.09
VIP Clothing,Textiles & Apparels,180.17,-38.17,-21.77,7.08,3.38,6.21,0.4,20.97,23.07
Vippy Spinpro,Textiles & Apparels,88.78,-6.61,-7.76,30.47,13.95,13.68,0.43,-8.5,7.65
Vipul Ltd,Realty,186.07,19.67,0.25,-15.23,-7.41,-0.44,0.19,-19.72,
Vipul Organics,Chemicals & Petrochemicals,392.14,36.2,34.17,17.83,6.78,8.64,0.7,5.39,68.56
Viram Suvarn,Consumer Durables,100.53,-0.45,-5.23,6.36,14.4,19,0,13.09,14.04
Virat Crane Inds,Food Products,66.88,-34.6,0.71,8.68,7.03,9.3,0.2,23.83,
Virat Industries,Textiles & Apparels,588.2,19.79,20.03,57.34,3.46,4.79,0,-0.64,144.88
VIRAT LEASING,Finance,64.33,-41.63,,,-1.93,-1.59,0,2.13,
Virgo Global,IT - Software,3.79,-49.79,-19.3,,0,2.93,,-100,
Virinchi,IT - Software,214.44,-17.08,-18.33,1.06,0.15,5.44,0.64,-6.36,
Virtual Galaxy,IT - Software,325.53,,,,47.74,44.99,0.24,95.48,9.3
Virtual Global,Other Consumer Services,30.57,-3.57,-18.29,4.18,-0.6,-0.56,0,-43.33,
Virtuoso Optoel.,Consumer Durables,1298.47,-24.13,33.9,,5.75,12.64,0.58,31.2,101.6
Visa Steel,Ferrous Metals,443.36,9.12,52.48,43.47,,-5.46,,-1.27,
Visagar Finan.,Finance,21.02,-40.98,-28.62,19.14,-0.26,1.62,0.65,-92.73,
Visagar Polytex,Textiles & Apparels,16.39,-34.88,-17.57,-8.01,-84.48,-14.42,26.65,-100,
Visaka Industrie,Cement & Cement Products,528.54,-7.11,-7.41,-9.73,-0.25,3.5,0.53,7.3,17.34
Visaman Global,Industrial Products,259.19,226.74,,,10.8,9.83,0.99,-16.13,70.05
Vishal Bearings,Auto Components,58.58,-40.5,-17.95,16.27,-7.58,2.33,1.54,4.37,
Vishal Fabrics,Textiles & Apparels,561.33,-5.82,5.33,1.3,5.38,10.84,0.41,6.85,19
Vishal Mega Mart,Retailing,55038.63,17.53,,,10.13,13.1,0.27,20.54,69.99
Vishnu Chemicals,Chemicals & Petrochemicals,3376.87,26.14,23.59,68.14,15.54,18.07,0.42,14.6,24.51
Vishnu Prakash R,Construction,550.93,-72.38,,,7.81,11.41,0.91,-22.49,80.08
Vishnusurya Pro.,Other Construction Materials,412.34,-13.57,,,18.58,,0.42,,13.44
Vishvprabha Ven.,Commercial Services & Supplies,16.78,-11.47,0.31,31.61,-2.83,8.21,2.15,4.36,
Vishwaraj Sugar,Agricultural Food & other Products,127.65,-40.81,-27.85,-26.3,-13.49,0.49,1.46,-4.1,
Vishwas Agri,Agricultural Food & other Products,38.2,-40.96,,,12.83,14.55,0.76,36.77,6.7
Vision Cinemas,Media,8.64,10.91,10.27,12.07,-1.06,-0.95,0,-62.14,
Vision Corpn.,Entertainment,5.21,-20.67,14.69,18.23,24.2,22.4,0.18,-97.85,1.43
Vision Infra,Commercial Services & Supplies,596.59,90.48,,,33.12,20.04,1.61,101.78,14.56
Vista Pharma.,Pharmaceuticals & Biotechnology,42.47,-27.22,-8.1,-4.81,-10.83,-8.53,0.19,-13.53,
Vistar Amar,Food Products,111.63,74.52,-11.61,36.9,-4.77,-4.38,0,131.48,18.79
Vital Chemtech,Chemicals & Petrochemicals,120.59,-31.07,-18.86,,4.6,6.68,0.71,15.84,39.03
Vivaa Tradecom,Textiles & Apparels,14.57,-25.69,,,3.55,4.37,0.19,0.36,13.01
Vivanta Indust.,Construction,22.42,-40.61,-0.94,5.84,-7.85,-3.43,1.15,2499.17,
Vivanza Biosci.,Pharmaceuticals & Biotechnology,8.16,-19.05,-49.22,-32.66,-15.58,-2.77,2.2,868.57,
Viviana Power,Construction,649.15,48.63,129.69,,46.53,42.88,0.93,234.14,22.7
Vivid Global,Chemicals & Petrochemicals,18.22,31.4,-2.49,0.57,2.52,5.58,0.19,38.11,30.88
Vivid Mercantile,Realty,72.49,-6.71,28.22,28.05,0.96,1.03,0.1,149.96,7.7
Vivimed Labs.,Pharmaceuticals & Biotechnology,62.77,,-2.03,-14.58,,-8.1,,-22.43,
Vivo Bio Tech,Pharmaceuticals & Biotechnology,59.98,-31.74,2.84,-14.73,5.68,9.04,0.58,11.44,13.27
Vivo Collaborat.,Telecom - Services,14.63,5.6,-10.42,,-10.64,-10.56,0,-78.09,
Viyash Scientific,Pharmaceuticals & Biotechnology,9303.45,43.38,50.59,-2.91,3.21,8.47,0.61,34.73,72.82
VJTF Eduservices,Other Consumer Services,172.83,10.34,19.88,11.89,5.54,6.62,0.01,105.56,8641.5
VK Global,Commercial Services & Supplies,10.49,-42.61,3.09,36.47,-14.53,-14.24,0,828.57,
VL E-Governance,IT - Services,169.18,-71.63,,,0.11,0.11,0,-18.55,
VLS Finance,Finance,790.27,18.1,13.38,21.83,1.7,2.15,0,-64.13,13.99
VMS Industries,Transport Infrastructure,61.8,-13.91,19.33,26.03,8.45,12.14,0.25,-51.47,9.81
VMS TMT,Industrial Products,229.4,,,,24.64,13.98,1.29,-11.77,15.55
Vodafone Idea,Telecom - Services,114735.27,40.26,15.35,-0.85,,-1.93,,3.22,
Voith Paper,Textiles & Apparels,685.78,10.11,13.8,7.23,10.89,14.68,0,13.99,14.92
Voler Car,Transport Services,229.56,140.51,,,21.73,25.38,0,37.22,62.55
Volt.Transform.,Electrical Equipment,9211.64,45.03,48.07,50.64,21.68,29.11,0,19.17,26
Voltaire Leasing,Finance,4.87,-3.11,-14.26,-7.95,-0.73,-0.78,0,-60.82,
Voltas,Consumer Durables,51661.03,18.27,20.19,8.39,13.47,17.64,0.28,-4.88,99.64
Vraj Iron,Ferrous Metals,418.35,-15.29,,,14.76,18.36,0.06,29.54,15.82
VRL Logistics,Transport Services,4854.5,22.98,-0.53,16.49,17.44,15.73,1.01,1.83,20.32
Vruddhi Engineer,Industrial Manufacturing,45.42,-12.81,,,26.75,27,0.44,19.28,21.03
Vrundavan Planta,Commercial Services & Supplies,22.28,-35.19,,,7.87,10.38,0.15,17.89,12.38
VSF Projects,Construction,61.36,-13.86,7.98,40.19,-0.39,-0.2,0.74,-100,
VST Industries,Cigarettes & Tobacco Products,3972.88,-7.32,-6.41,-5.59,16.46,20.85,0,-4.7,17.38
VST Till. Tract.,"Agricultural, Commercial & Construction Vehicles",4992.4,69.93,37.45,25.47,9.54,12.52,0,25.53,39.72
VTM,Textiles & Apparels,828.19,12.35,60.82,54.09,15.29,19.49,0.12,23.67,36.6
VVIP Infratech,Other Utilities,272.17,-27.93,,,23.34,33.34,0.72,17.91,7.38
VXL Instruments,Consumer Durables,4.8,-28,-25.34,8.27,,-56.25,,-95.12,26.67
W H Brady,Industrial Products,135.21,-30.37,27.67,33.6,12.18,12.86,0.11,-6.75,26.19
W I Plywoods,Consumer Durables,129.01,-17.84,21.86,23,6.32,8.52,0.44,6.4,60.57
W S Inds.,Construction,534.83,-7.03,59.42,77.51,-10.58,5.3,0.44,-61.75,
Waa Solar,Power,62.62,-31.75,7.23,8.65,3.78,3.22,0.88,30.14,6.87
Waaree Energies,Electrical Equipment,77930.55,25.51,,,27.42,34.94,0.26,64.92,22.39
Waaree Renewab.,Electrical Equipment,8901.74,3.57,89.7,157.47,65.56,82.31,0.12,94.02,21.2
Waaree Tech.,Power,174.82,-46.7,-5.93,51.41,-617.49,-39.85,,-57.63,
Wagend Infra,Commercial Services & Supplies,5.18,-5.17,10.29,-17.22,0.22,0.32,0.15,63.37,
Wakefit Innovati,Consumer Durables,6106.14,,,,-8.2,-1.53,0.58,29.13,
Walchan. Inds.,Industrial Manufacturing,1173.46,13.72,41.89,21,-25.26,-8.33,0.56,-20.92,
Walchand People,Commercial Services & Supplies,31.96,-11.61,-1.54,11.24,6.78,8.15,0.01,20.63,8.19
Wallfort Fin.,Capital Markets,80.13,-21.22,19.4,18.27,7.72,9.67,0,-92.09,
Walpar Nutrition,Pharmaceuticals & Biotechnology,42.73,3.53,21.13,,15.09,16.08,0.48,18.49,18.34
Wanbury,Pharmaceuticals & Biotechnology,928.03,54.93,91.12,20.78,66.87,33.93,1.83,16.37,14.35
Wardwizard Foods,Food Products,212.65,92.77,-39,20.03,-15.45,-8.78,0.42,319.5,
Wardwizard Inno.,Automobiles,206.96,-72.1,-49.53,-38.58,6.18,12.37,1.55,-26.69,26.74
Warren Tea,Agricultural Food & other Products,50.79,-2.28,-12.97,-1.78,1.74,1.47,0.02,,
Waterbase,Food Products,215.96,2.02,-8.57,-14.1,-11.07,-10.62,0.34,29.1,
We Win Ltd,Commercial Services & Supplies,44.25,-3.29,2.41,23.73,6.04,10.73,0.3,6.79,9.54
Wealth First Por,Finance,1002.85,3.83,43.93,46.33,28.6,37.87,0,-31.54,42.03
Websol Energy,Electrical Equipment,2334.86,-40.97,89.19,67.47,80.17,59.25,0.41,92.12,10.15
Weizmann,Textiles & Apparels,137.97,-15.74,-2.42,13.61,-5.25,15.95,0.12,16.97,
Welcast Steels,Industrial Products,45.35,-38.27,0.55,13.61,-1.6,-1.97,0,-25.15,
Welcure Drugs,Pharmaceuticals & Biotechnology,38.31,-51.56,-7.37,10.29,4.18,2.53,0.92,1420.8,1.08
Welspun Corp,Industrial Products,21769.32,11.99,62.31,44.27,18.59,21.24,0.19,12.88,14.03
Welspun Enterp,Construction,6711.69,16.17,57.15,41.33,13.26,18.17,0.72,0.21,20.02
Welspun Investme,Finance,467.71,93.11,68.25,28.6,0.62,0.83,0,-2.84,148.01
Welspun Living,Textiles & Apparels,12021.06,17.22,22.31,12.71,13.66,14.41,0.56,-8.26,51.56
Welspun Special.,Industrial Products,2451,11.35,38.08,32.46,-1.68,9.81,0.08,28.42,111.56
Welterman Intl.,Consumer Durables,10.09,-2.03,18.41,53.1,,,,,
Wendt India,Industrial Products,1370.9,-28.05,-6.35,15.95,15.11,19.81,0,7.43,61.34
WEP Solutions,IT - Services,79.96,-15.36,2.01,4.39,6.71,9.57,0.42,5.64,45.18
West Coast Paper,"Paper, Forest & Jute Products",2784.34,7.31,-4.77,13.53,9.49,11.47,0.13,-0.06,19.51
West Leisure,Finance,29.21,-30.64,-27.88,,-0.2,0.36,0,-44.68,
Western Carriers,Transport Services,1166.98,32.95,,,10.62,13.16,0.23,3.73,26.14
Western Overseas,Leisure Services,12.26,,,,39.96,38.02,0.65,11.77,5.57
Westlife Food,Leisure Services,7716.5,-27.55,-8.59,-0.92,1.3,7.08,2.67,5.02,
Wework India,Commercial Services & Supplies,6651.57,,,,,137.07,22.73,16.86,28.49
Wheels India,Auto Components,2203.37,60.06,20.47,14.3,12.71,16.14,0.79,10.06,18.02
Wherrelz IT,IT - Software,7.87,-14.95,5.71,,,-21.16,0,-79.89,
Whirlpool India,Consumer Durables,11695.68,-0.67,-10.95,-17.74,9.26,12.63,0.02,2.74,33.48
White Organic,Agricultural Food & other Products,13.37,-16.04,-21.34,-4.42,3.05,4.09,0.01,-81.71,7.23
Williamson Fin.,Finance,5.8,9.81,4.97,18.66,,-4.49,,-99.53,
Williamson Magor,Finance,30.72,7.64,8.25,5.45,,-52.89,,-47.31,1.84
Wim Plast,Consumer Durables,453.37,-20.92,-1.91,-0.49,11.36,14.85,0,0.97,7.52
Windlas Biotech,Pharmaceuticals & Biotechnology,1591.33,-1.05,45.15,,12.76,16.96,0.06,19.2,23.84
Windsor Machines,Industrial Manufacturing,2212.68,3.81,82.28,64.68,-2.38,1.46,0.02,41.81,
Winny Immigratio,Leisure Services,10.03,-81.94,,,-112.79,-116.4,0.5,-45.77,
Winsol Engineers,Construction,152.61,-31.18,,,34.46,36.21,0.54,61.51,12.6
Winsome Brew.,Beverages,56.75,-39.52,16.96,37.45,0.41,0.6,0.27,-68.52,
Winsome Textile,Textiles & Apparels,148.73,-15.21,3.88,21.88,9.73,14.61,0.8,2,5.76
Winsome Yarns,Textiles & Apparels,12.09,-16.59,,,,-13.51,,-83.52,
Wipro,IT - Software,210766.8,-27.62,0.93,-0.61,16.59,19.51,0.19,2.36,15.89
Wires & Fabriks,Textiles & Apparels,45.55,-10.33,1.87,17.97,3.02,6.18,2.41,4.04,108.45
Wise Travel,Transport Services,271.69,-28.67,,,14.31,16.19,0.74,47.41,10.01
Wockhardt,Pharmaceuticals & Biotechnology,22129.81,17.86,93.24,24.18,-1.22,3.75,0.54,6.13,203.65
WOL 3D India,Industrial Products,85.17,21.27,,,24.04,30.11,0.07,21.85,13.12
Womancart,Retailing,133.02,-50.67,,,17.29,18.29,0.29,113.79,14.73
Wonder Electric.,Consumer Durables,1891.52,-20.5,87.83,103.95,25.16,18.12,0.92,-15.11,139.39
Wonderla Holiday,Leisure Services,3027.49,-25.34,4.29,18.18,7.51,7.82,0,3.95,36.54
Woodsvilla,Leisure Services,8.38,11.52,,39.49,1.06,2.12,0,-23.46,
Workmates Core2,IT - Software,443.44,,,,87.47,92.32,0.27,102.43,27.56
Worldwide Alumi.,Commercial Services & Supplies,5.42,-34.42,0.37,18.17,0,0,0,144.66,90.33
Worth Investment,Finance,126.04,-80.58,27.51,,5.04,7.1,0.4,5.28,57.82
Worth Peripheral,Industrial Products,219.33,-2.49,10.92,19.35,9.27,13.2,0.1,13.64,13.56
WPIL,Industrial Manufacturing,3896.58,8.6,28.02,45.28,10.04,15.56,0.39,4.86,32.73
WSFX Global,Financial Technology (Fintech),78.73,-9.94,23.99,34.15,10.08,18,0.26,25,21.22
Xchanging Sol.,IT - Software,733.04,-27.58,4.96,-0.74,13.91,15.44,0.24,13.29,12.67
Xelpmoc Design,IT - Software,192.48,31.81,0.51,-14.85,-13.45,-12.95,0,-17.8,
XPRO India,Industrial Products,2117.97,-13.55,18.39,87.93,6.56,7.93,0.46,4.72,164.95
XT Global Infot.,IT - Software,518.25,17.2,17.83,9.9,5.21,7.55,0.27,85.43,56.45
Yaan Enterprises,Leisure Services,27.81,40.16,65.33,37.2,10.61,8.77,0.17,165.11,44.85
Yaap Digital,,303.53,,,,66.21,40.55,1.02,35.53,28.47
Yajur Fibres,Textiles & Apparels,116.77,,,,27.39,21.12,1.35,66.99,9.83
Yamini Invest,Finance,36.8,-60.23,0.48,7.39,2.12,3.69,0.24,-92,
Yamuna Syndicate,Commercial Services & Supplies,906.73,5.43,34.96,12.28,9.31,9.39,0,3.56,8.26
Yarn Syndicate,Commercial Services & Supplies,9.37,-67.86,-32.09,45.2,-5.17,2.37,0.24,256.8,
Yash Chemex,Chemicals & Petrochemicals,64.34,22.41,-6.51,9.17,5.6,8.13,0.35,47.26,27.73
Yash Highvoltage,Electrical Equipment,1308.93,183.61,,,22.56,28.5,0.17,65.1,45.07
Yash Innoventure,Commercial Services & Supplies,73.26,40.66,-6.8,44.32,-26.27,-7.58,1.44,411.11,
Yash Mgmt & Sat.,Commercial Services & Supplies,14.16,-29.17,-20.33,-10.22,-8.7,-6.49,0.15,-61.48,
Yash Optics,Consumer Durables,274.77,41.34,,,15.44,17.24,0.11,12.31,33.67
Yash Trad.& Fin.,Finance,173.6,142.22,114.46,,-15,,0.56,,542.5
Yashhtej Industries,Agricultural Food & other Products,174.25,,,,83.63,36.81,1.39,454.1,15.06
Yasho Industries,Chemicals & Petrochemicals,1882.59,-10.55,4.44,46.42,1.63,7.23,1.37,15.95,104.41
Yashraj Contain.,Industrial Products,7.92,-37.28,-24.71,16.73,,,,-100,
Yasons Chemex,Chemicals & Petrochemicals,20.94,-31.11,,,4.06,7.37,0.31,57.83,27.55
Yatharth Hospit.,Healthcare Services,6836.82,97.73,,,10.43,13.99,0.02,31.82,40.85
Yatra Online,Leisure Services,1861.03,68.95,,,4.77,5.34,0.07,52.39,32.59
Yes Bank,Banks,65018.16,23.7,4.23,4.92,5.46,6.36,7.1,-1.9,20.48
Yogi Infra Proj.,Finance,8.61,-37.22,16.16,17.21,-0.6,-0.36,1.81,46.92,
Yogi Ltd,Finance,716.89,68.46,111.73,107.38,1.73,1.92,1.15,,37.81
York Exports,Consumer Durables,21.85,27.38,16.88,51.59,26.45,17,1.68,-7,3.81
Yudiz Solutions,IT - Software,34.57,-24.97,,,-3.62,,0.02,,
Yug Decor,Chemicals & Petrochemicals,25.81,-42.69,-18.31,11.85,0.71,5.98,1.32,23.83,43.02
Yuken India,Industrial Products,1062.95,1.6,13.18,10.25,8.49,11.1,0.33,0.39,64.42
Yunik Managing,Finance,9.8,-37.52,20.3,11.56,-22.22,-22.22,0,-100,
Yuranus Infrast.,Construction,55.98,85.92,148.69,84.96,-13.43,-10.73,0.75,-83.07,
Yuvraaj Hygiene,Household Products,45.69,-55.48,49.12,41.77,,103.66,4.66,-14.97,11.69
Z F Steering,Auto Components,697.3,-22.29,23.1,13.66,3.22,5.62,0.23,10.96,35.45
Z-Tech (India),Other Utilities,748.94,-2.81,,,20.23,28.12,0.02,61.81,29.7
Zaggle Prepaid,IT - Services,3059.6,-34.44,,,9.6,12.99,0.01,43.53,24.08
Zeal Aqua,Food Products,157.71,0.89,18.59,12.28,11.99,14.65,2.57,33.65,9.02
Zeal Global Serv,Transport Services,105.81,-38.7,,,19.6,23.8,0.29,36.97,10.57
Zee Entertainmen,Entertainment,8399.74,-6.06,-24,-16.61,6.71,9.21,0.02,-0.26,14.71
Zee Learn,Other Consumer Services,196.24,-5.81,20.26,-12.35,9.71,15.43,2.2,27.67,10.08
Zee Media,Entertainment,530.99,-35.19,-1.74,6.49,-45.47,-27.11,0.55,17.38,195.94
Zelio E-Mobility,Automobiles,713.81,,,,85.75,51.78,0.7,82.56,34.35
Zen Technologies,Aerospace & Defense,12278.59,30.1,70.91,74.33,26.08,37.22,0.01,5.64,46.81
Zenith Drugs,Pharmaceuticals & Biotechnology,84.89,-28.1,,,11.11,12.9,0.72,10.74,19.97
Zenith Exports,Consumer Durables,109.72,-19.45,32.17,23.46,-2.96,-1.46,0.04,1.96,56.56
Zenith Fibres,Textiles & Apparels,20.63,-24.99,-10.39,5.75,3.16,4.3,0,-6.95,8.63
Zenith Health,Pharmaceuticals & Biotechnology,17.73,-32.79,-5.74,-17,0.81,3.12,0,3.19,39.4
Zenith Steel,Industrial Products,80.82,-12.07,9.72,37.64,,,,-51.08,13.12
Zenlabs Ethica,Commercial Services & Supplies,13.66,-35.33,-29.81,-5.16,2.63,5.69,0.93,-8.24,59.39
Zenotech Lab.,Pharmaceuticals & Biotechnology,275.37,-15.62,-4.21,1.61,4.81,9.4,0,14.56,75.24
Zensar Tech.,IT - Software,12844.13,-23.52,25.21,14.24,16.43,21.28,0.03,8.63,16.91
ZF Commercial,Auto Components,28750.94,38.59,13.19,20.83,15.09,20.15,0.02,4.51,57.92
Zim Laboratories,Pharmaceuticals & Biotechnology,373.16,-23.05,-5.02,20.53,4.96,8.16,0.48,-2.65,53.38
Zodiac Cloth. Co,Textiles & Apparels,221.04,-8.92,-4.16,-5.02,-16.15,-8.18,0.62,-3.34,
Zodiac Energy,Construction,368.64,-40.66,34.78,77.98,27.47,20.02,1.76,46.83,18.54
Zodiac Vent.,Commercial Services & Supplies,12.82,-80.53,-58.15,-14.84,6.97,8.88,0.5,105.07,10.86
Zodiac-JRD MKJ,Consumer Durables,40.47,-7.52,6.57,11.85,0.64,1.41,0,15.09,74.94
Zota Health Care,Pharmaceuticals & Biotechnology,4103.87,46.28,59.73,51.31,-35.96,-16.98,0.57,92.69,
ZR2 Bioenergy,Chemicals & Petrochemicals,222.07,-55.5,35.56,62.4,0.06,,0,,241.38
Zuari Agro Chem.,Fertilizers & Agrochemicals,942.31,23.71,18.21,16.03,9.06,12.71,0.24,-9.53,2.84
Zuari Industries,Agricultural Food & other Products,783.84,7.87,31.59,23.34,-1.69,2.82,0.5,7.61,6
Zydus Lifesci.,Pharmaceuticals & Biotechnology,92744.59,5.14,24.86,16.19,21.21,24.31,0.38,17.27,18.16
Zydus Wellness,Food Products,12246.01,23.26,9.88,0.05,6.02,6.16,0.53,31.45,50.94
